nombre,categoria,rating_gral,total_reviews_google,direccion,latitud,longitud,url,barrio,zona,cerca_rio
JK Burger Store - Hamburguesas Neuquén Capital,Hamburger restaurant,"4,4",289,"Juan Bautista Alberdi 53, Q8300 Neuquén, Argentina",-38.9530913,-68.0582151,https://www.google.com/maps/place/JK+Burger+Store+-+Hamburguesas+Neuqu%C3%A9n+Capital/data=!4m7!3m6!1s0x960a337a1f0f0aaf:0x462fcc63c1563fca!8m2!3d-38.9530913!4d-68.0582151!16s%2Fg%2F11sn_7b3wp!19sChIJrwoPH3ozCpYRyj9WwWPML0Y?authuser=0&hl=en&rclk=1,ÁREA CENTRO ESTE,Otras Zonas,False
Ensamble Bar,Bar,"4,8",63,"San Martín 2661, Q8302 Neuquén, Argentina",-38.954629,-68.0962859,https://www.google.com/maps/place/Ensamble+Bar/data=!4m7!3m6!1s0x960a3328acd10d53:0xd22e85bb70e4e18!8m2!3d-38.954629!4d-68.0962859!16s%2Fg%2F11jt6stgjn!19sChIJUw3RrCgzCpYRGE4Ot1voIg0?authuser=0&hl=en&rclk=1,EL PROGRESO,Otras Zonas,False
"MUTISIA Cerveza | Cerveceria , Bar y Fábrica",Beer hall,"4,9",76,"Bartolomé Mitre 1174, Q8300 Neuquén, Argentina",-38.957132,-68.0428413,"https://www.google.com/maps/place/MUTISIA+Cerveza+%7C+Cerveceria+,+Bar+y+F%C3%A1brica/data=!4m7!3m6!1s0x960a31a7b90a8569:0xf32bfd289fa66e35!8m2!3d-38.957132!4d-68.0428413!16s%2Fg%2F11t2595vly!19sChIJaYUKuacxCpYRNW6mnyj9K_M?authuser=0&hl=en&rclk=1",MARIANO MORENO,Otras Zonas,False
Bar Neuquen,Bar,"2,5",4,"Hipólito Yrigoyen 305 8300, Q8300 Neuquén, Argentina",-38.9524409,-68.0603991,https://www.google.com/maps/place/Bar+Neuquen/data=!4m7!3m6!1s0x960a33a63efd32d1:0xa30bd62db6db015b!8m2!3d-38.9524409!4d-68.0603991!16s%2Fg%2F11ghfr6y1r!19sChIJ0TL9PqYzCpYRWwHbti3WC6M?authuser=0&hl=en&rclk=1,ÁREA CENTRO ESTE,Otras Zonas,False
Amedea,Lounge,"4,2",113,"Perito Moreno 677, Q8302GEA Neuquén, Argentina",-38.9583239,-68.0498646,https://www.google.com/maps/place/Amedea/data=!4m7!3m6!1s0x960a322aebfe6da3:0xaa9822283987eacf!8m2!3d-38.9583239!4d-68.0498646!16s%2Fg%2F1q629y02y!19sChIJo23-6yoyCpYRz-qHOSgimKo?authuser=0&hl=en&rclk=1,ÁREA CENTRO SUR,Otras Zonas,False
DALLA'S,Bar,"3,1",74,"Bv. 25 de Mayo 66, Q8302 Neuquén, Argentina",-38.9523627,-68.0580599,https://www.google.com/maps/place/DALLA%27S/data=!4m7!3m6!1s0x960a33003f6cc6eb:0x2eda2c98831b7ee1!8m2!3d-38.9523627!4d-68.0580599!16s%2Fg%2F11y7d_1clt!19sChIJ68ZsPwAzCpYR4X4bg5gs2i4?authuser=0&hl=en&rclk=1,ÁREA CENTRO ESTE,Otras Zonas,False
Perroni Pizza - Elordi,Pizza restaurant,"4,8",35,"Gdor. Elordi 801, Q8300 Neuquén, Argentina",-38.9494742,-68.0706795,https://www.google.com/maps/place/Perroni+Pizza+-+Elordi/data=!4m7!3m6!1s0x960a33df6fd8cde7:0x1fbeb877e8ac88df!8m2!3d-38.9494742!4d-68.0706795!16s%2Fg%2F11xs1ypvnh!19sChIJ583Yb98zCpYR34is6He4vh8?authuser=0&hl=en&rclk=1,ÁREA CENTRO OESTE,Otras Zonas,False
Shelter,Bar,"2,8",33,"Gral. Manuel Belgrano 58, Q8300 Neuquén, Argentina",-38.9509891,-68.060141,https://www.google.com/maps/place/Shelter/data=!4m7!3m6!1s0x960a334bfb2ba7c3:0x278674d24eebbb09!8m2!3d-38.9509891!4d-68.060141!16s%2Fg%2F11v1b2wpgy!19sChIJw6cr-0szCpYRCbvrTtJ0hic?authuser=0&hl=en&rclk=1,ÁREA CENTRO ESTE,Otras Zonas,False
NINAROLL,Brewpub,"5,0",2,"Mendoza 247, Q8300 Neuquén, Argentina",-38.9524983,-68.0533126,https://www.google.com/maps/place/NINAROLL/data=!4m7!3m6!1s0x960a33d6abce4eab:0x3ce9f00a0a58ceb9!8m2!3d-38.9524983!4d-68.0533126!16s%2Fg%2F11dxdf8s06!19sChIJq07Oq9YzCpYRuc5YCgrw6Tw?authuser=0&hl=en&rclk=1,ÁREA CENTRO ESTE,Otras Zonas,False
Zero Grau,Restaurant,"3,7",3,"Alderete 511, Q8300 Neuquén, Argentina",-38.9509068,-68.0518846,https://www.google.com/maps/place/Zero+Grau/data=!4m7!3m6!1s0x960a33e14186e047:0xd62d553b8e615fd3!8m2!3d-38.9509068!4d-68.0518846!16s%2Fg%2F11tdlw823p!19sChIJR-CGQeEzCpYR019hjjtVLdY?authuser=0&hl=en&rclk=1,ÁREA CENTRO ESTE,Otras Zonas,False
Klbver Cerveza Artesanal,Bar,"4,0",6,"Gral. Manuel Belgrano, Q8302 Neuquén, Argentina",-38.9509509,-68.0594944,https://www.google.com/maps/place/Klbver+Cerveza+Artesanal/data=!4m7!3m6!1s0x960a33d0290cdb47:0x549890552e9a5854!8m2!3d-38.9509509!4d-68.0594944!16s%2Fg%2F11h883c0sc!19sChIJR9sMKdAzCpYRVFiaLlWQmFQ?authuser=0&hl=en&rclk=1,ÁREA CENTRO ESTE,Otras Zonas,False
La Mousse -Pastelería y Café de especialidad,Cake shop,"4,8",37,"Gral. Manuel Belgrano 1408, Q8300 Neuquén, Argentina",-38.950783,-68.0789719,https://www.google.com/maps/place/La+Mousse+-Pasteler%C3%ADa+y+Caf%C3%A9+de+especialidad/data=!4m7!3m6!1s0x960a33d18f04088d:0xb33fe57e1afb82f2!8m2!3d-38.950783!4d-68.0789719!16s%2Fg%2F11mw7rr9zg!19sChIJjQgEj9EzCpYR8oL7Gn7lP7M?authuser=0&hl=en&rclk=1,CUMELÉN,Otras Zonas,False
Dulce Jazmín Pastelería,Pastry shop,"4,9",118,"Rivadavia 863, Q8300 Neuquén, Argentina",-38.9541989,-68.0466639,https://www.google.com/maps/place/Dulce+Jazm%C3%ADn+Pasteler%C3%ADa/data=!4m7!3m6!1s0x960a318f8e76d1df:0x3a17143f0f9eee63!8m2!3d-38.9541989!4d-68.0466639!16s%2Fg%2F11w3fwfwdx!19sChIJ39F2jo8xCpYRY-6eDz8UFzo?authuser=0&hl=en&rclk=1,VILLA FARRELL,Otras Zonas,False
Lucciana Pastelería Sin Gluten,Cake shop,"4,7",52,"Jujuy 370, Q8300 Neuquén, Argentina",-38.9510494,-68.0678488,https://www.google.com/maps/place/Lucciana+Pasteler%C3%ADa+Sin+Gluten/data=!4m7!3m6!1s0x960a3387c2b2896d:0xa873529006aad2c2!8m2!3d-38.9510494!4d-68.0678488!16s%2Fg%2F11rzplz9k0!19sChIJbYmywoczCpYRwtKqBpBSc6g?authuser=0&hl=en&rclk=1,ÁREA CENTRO OESTE,Otras Zonas,False
Vanessa Diaz Pastelería,Pastry shop,"4,7",72,"E. Crouzeilles 3500, Q8300 Neuquén, Argentina",-38.9327712,-68.1567952,https://www.google.com/maps/place/Vanessa+Diaz+Pasteler%C3%ADa/data=!4m7!3m6!1s0x960bcbafc421b139:0xd2d7747d942eb7b8!8m2!3d-38.9327712!4d-68.1567952!16s%2Fg%2F11h1fypnp4!19sChIJObEhxK_LC5YRuLculH1019I?authuser=0&hl=en&rclk=1,VALENTINA NORTE RURAL,Otras Zonas,False
Pasteleria será tu sonrisa,Cake shop,"5,0",35,"Pigué 2274, Q8300 Neuquén, Argentina",-38.9259099,-68.1133621,https://www.google.com/maps/place/Pasteleria+ser%C3%A1+tu+sonrisa/data=!4m7!3m6!1s0x960a337a57610ddf:0xc07fe5c8083a70fb!8m2!3d-38.9259099!4d-68.1133621!16s%2Fg%2F11s41bllfy!19sChIJ3w1hV3ozCpYR-3A6CMjlf8A?authuser=0&hl=en&rclk=1,RESTO EJIDO MUNICIPAL,Otras Zonas,False
Adelaida Pastelería & Panadería,Bakery,"4,9",34,"E. Crouzeilles 365, Q8300 Neuquén, Argentina",-38.9512689,-68.1334834,https://www.google.com/maps/place/Adelaida+Pasteler%C3%ADa+%26+Panader%C3%ADa/data=!4m7!3m6!1s0x960a33c7f6f839af:0x60244af67eb73b27!8m2!3d-38.9512689!4d-68.1334834!16s%2Fg%2F11l2t0rb_3!19sChIJrzn49sczCpYRJzu3fvZKJGA?authuser=0&hl=en&rclk=1,SAN LORENZO SUR,Oeste Profundo,False
Panaderia Y Pasteleria ‘El rincón de los sabores’,Bakery,"4,5",485,"Cacique Calvuqueo 2230-2251, Neuquén, Argentina",-38.9618365,-68.0281918,https://www.google.com/maps/place/Panaderia+Y+Pasteleria+%E2%80%98El+rinc%C3%B3n+de+los+sabores%E2%80%99/data=!4m7!3m6!1s0x960a3199e9b19b23:0xb7230b99498d8619!8m2!3d-38.9618365!4d-68.0281918!16s%2Fg%2F11dfstk_db!19sChIJI5ux6ZkxCpYRGYaNSZkLI7c?authuser=0&hl=en&rclk=1,CONFLUENCIA URBANO,Otras Zonas,False
Sugartime Pasteleria,Bakery,"4,6",42,"Juan B. Justo 253, Q8300 Neuquén, Argentina",-38.9538072,-68.0629117,https://www.google.com/maps/place/Sugartime+Pasteleria/data=!4m7!3m6!1s0x960a33ee0e2d4ba9:0x957397eb00bb9a07!8m2!3d-38.9538072!4d-68.0629117!16s%2Fg%2F11kqw50bdf!19sChIJqUstDu4zCpYRB5q7AOuXc5U?authuser=0&hl=en&rclk=1,ÁREA CENTRO ESTE,Otras Zonas,False
Tiempo de Dulzura SRL,Cake shop,"4,0",130,"Almte. Brown 222, Q8300 Neuquén, Argentina",-38.952634,-68.0625274,https://www.google.com/maps/place/Tiempo+de+Dulzura+SRL/data=!4m7!3m6!1s0x960a33ce5b648581:0xdbaba222606e0c40!8m2!3d-38.952634!4d-68.0625274!16s%2Fg%2F1tp0fw2b!19sChIJgYVkW84zCpYRQAxuYCKiq9s?authuser=0&hl=en&rclk=1,ÁREA CENTRO ESTE,Otras Zonas,False
PANADERIA CONFITERIA Mirella,Bakery,"4,1",174,"Tte. Gral. Pablo Ricchieri 202, Q8300 Neuquén, Argentina",-38.962449,-68.056169,https://www.google.com/maps/place/PANADERIA+CONFITERIA+Mirella/data=!4m7!3m6!1s0x960a3237749a333d:0x9ae164a89e4c1ff4!8m2!3d-38.962449!4d-68.056169!16s%2Fg%2F11b75cnlml!19sChIJPTOadDcyCpYR9B9Mnqhk4Zo?authuser=0&hl=en&rclk=1,BELGRANO,Otras Zonas,False
NOE MOLINA PASTELERIA CREATIVA,Bakery,"5,0",8,"Río Quinto 494, Q8300 Neuquén, Argentina",-38.9498824,-68.0352903,https://www.google.com/maps/place/NOE+MOLINA+PASTELERIA+CREATIVA/data=!4m7!3m6!1s0x960a31000fb10755:0xc5c061b1a5284cb9!8m2!3d-38.9498824!4d-68.0352903!16s%2Fg%2F11y10yhkf_!19sChIJVQexDwAxCpYRuUwopbFhwMU?authuser=0&hl=en&rclk=1,PROVINCIAS UNIDAS,Otras Zonas,False
Alexa Pessino - Alto Comahue Shopping,Pastry shop,"4,0",4,"Av. Dr. Ramón 355, Q8300 Neuquén, Argentina",-38.9411733,-68.0642934,https://www.google.com/maps/place/Alexa+Pessino+-+Alto+Comahue+Shopping/data=!4m7!3m6!1s0x960a33245a889a9f:0x7ca2de8dc33e6c37!8m2!3d-38.9411733!4d-68.0642934!16s%2Fg%2F11ylr9btsj!19sChIJn5qIWiQzCpYRN2w-w43eonw?authuser=0&hl=en&rclk=1,ÁREA CENTRO ESTE,Otras Zonas,False
Dulce Victoria,Cake shop,"4,6",9,"Formosa 581 Q8300, Neuquén, Argentina",-38.9464804,-68.0510105,https://www.google.com/maps/place/Dulce+Victoria/data=!4m7!3m6!1s0x960a33a8885505ad:0xd55658061f000214!8m2!3d-38.9464804!4d-68.0510105!16s%2Fg%2F11f2b3gw0k!19sChIJrQVViKgzCpYRFAIAHwZYVtU?authuser=0&hl=en&rclk=1,SANTA GENOVEVA,Residencial VIP / Cerca Centro,False
Bakery and Confectionery Curri,Bakery,"4,3",244,"Sarmiento 618, Q8300 Neuquén, Argentina",-38.9572479,-68.0679071,https://www.google.com/maps/place/Bakery+and+Confectionery+Curri/data=!4m7!3m6!1s0x960a33cbb084797f:0x2c78f751810ab5c0!8m2!3d-38.9572479!4d-68.0679071!16s%2Fg%2F1tr7klcf!19sChIJf3mEsMszCpYRwLUKgVH3eCw?authuser=0&hl=en&rclk=1,ÁREA CENTRO SUR,Otras Zonas,False
LECREME PASTELERIA,Bakery,"3,7",142,"Dr. Luis Federico Leloir 435, Q8300LSM Q8300LSM, Neuquén, Argentina",-38.9422491,-68.0527691,https://www.google.com/maps/place/LECREME+PASTELERIA/data=!4m7!3m6!1s0x960a3311a1fa3a43:0x5ee599b1349a6fb5!8m2!3d-38.9422491!4d-68.0527691!16s%2Fg%2F11fm11kqd1!19sChIJQzr6oREzCpYRtW-aNLGZ5V4?authuser=0&hl=en&rclk=1,SANTA GENOVEVA,Residencial VIP / Cerca Centro,False
Múnich Pastelería Y Repostería,Cake shop,"3,4",45,"Q8302KYB, Sgto. Cabral 674, Q8302 KYB, Neuquén, Argentina",-38.9486147,-68.0686142,https://www.google.com/maps/place/M%C3%BAnich+Pasteler%C3%ADa+Y+Reposter%C3%ADa/data=!4m7!3m6!1s0x960a33c6532c63c7:0xfdafc35a46e8592c!8m2!3d-38.9486147!4d-68.0686142!16s%2Fg%2F11gc7nqckl!19sChIJx2MsU8YzCpYRLFnoRlrDr_0?authuser=0&hl=en&rclk=1,ÁREA CENTRO OESTE,Otras Zonas,False
Dominga pastas y pasteleria,Bakery,"4,4",85,"Int. Pedro Linares, Amaranto Suárez &, Neuquén, Argentina",-38.9698275,-68.0451573,https://www.google.com/maps/place/Dominga+pastas+y+pasteleria/data=!4m7!3m6!1s0x960a3106d50e7c95:0xcb5a3d285b601e5!8m2!3d-38.9698275!4d-68.0451573!16s%2Fg%2F11q1s8xgcq!19sChIJlXwO1QYxCpYR5QG2hdKjtQw?authuser=0&hl=en&rclk=1,BELGRANO,Otras Zonas,False
Vistoca pastelería,Bakery,"4,3",9,"Carlos H. Rodríguez 1022, Q8302 Neuquén, Argentina",-38.9530312,-68.0735021,https://www.google.com/maps/place/Vistoca+pasteler%C3%ADa/data=!4m7!3m6!1s0x960a3386adcfa707:0xe5cea0c5f0441172!8m2!3d-38.9530312!4d-68.0735021!16s%2Fg%2F11rd22f19b!19sChIJB6fPrYYzCpYRchFE8MWgzuU?authuser=0&hl=en&rclk=1,ÁREA CENTRO OESTE,Otras Zonas,False
LA PANADERIA,Bakery,"4,8",14,"Tierra del Fuego 808, Q8300BQR Neuquén, Argentina",-38.9637487,-68.0520034,https://www.google.com/maps/place/LA+PANADERIA/data=!4m7!3m6!1s0x960a33000bbb71c3:0x4438b5cae359c750!8m2!3d-38.9637487!4d-68.0520034!16s%2Fg%2F11whwvb6yr!19sChIJw3G7CwAzCpYRUMdZ48q1OEQ?authuser=0&hl=en&rclk=1,BELGRANO,Otras Zonas,False
Alba pastelería,Coffee shop,"4,2",9,"Salta 125, Q8300 Neuquén, Argentina",-38.9536187,-68.0661351,https://www.google.com/maps/place/Alba+pasteler%C3%ADa/data=!4m7!3m6!1s0x960a33006485fa35:0x6c897990642cf818!8m2!3d-38.9536187!4d-68.0661351!16s%2Fg%2F11w8hjs7_x!19sChIJNfqFZAAzCpYRGPgsZJB5iWw?authuser=0&hl=en&rclk=1,ÁREA CENTRO ESTE,Otras Zonas,False
La Scaccia,Bakery,"3,2",52,"Juan B. Justo 337, Q8300 Neuquén, Argentina",-38.9537766,-68.064096,https://www.google.com/maps/place/La+Scaccia/data=!4m7!3m6!1s0x960a33ce812e9c7b:0x741009e6e17041fa!8m2!3d-38.9537766!4d-68.064096!16s%2Fg%2F11b7219q2b!19sChIJe5wugc4zCpYR-kFw4eYJEHQ?authuser=0&hl=en&rclk=1,ÁREA CENTRO ESTE,Otras Zonas,False
Panadería Fran & Feli Confitería,Bakery,"3,8",84,"Bartolomé Mitre, Q8300 Neuquén, Argentina",-38.9572784,-68.0508746,https://www.google.com/maps/place/Panader%C3%ADa+Fran+%26+Feli+Confiter%C3%ADa/data=!4m7!3m6!1s0x960a322b2988f8f9:0x69246998351a5123!8m2!3d-38.9572784!4d-68.0508746!16s%2Fg%2F11b71_wt4f!19sChIJ-fiIKSsyCpYRI1EaNZhpJGk?authuser=0&hl=en&rclk=1,ÁREA CENTRO SUR,Otras Zonas,False
Pane & Co. Delicias Bakery and homemade,Bakery,"4,2",504,"Sarmiento 799, Q8300 Neuquén, Argentina",-38.9570017,-68.0703827,https://www.google.com/maps/place/Pane+%26+Co.+Delicias+Bakery+and+homemade/data=!4m7!3m6!1s0x960a33ca14958d2d:0xc7a78f146cfb0f5!8m2!3d-38.9570017!4d-68.0703827!16s%2Fg%2F1td0v2c0!19sChIJLY2VFMozCpYR9bDPRvF4egw?authuser=0&hl=en&rclk=1,ÁREA CENTRO SUR,Otras Zonas,False
EL PAN DE JUAN,Bakery,"4,4",69,"Manuel Láinez 231, Q8300 Neuquén, Argentina",-38.9574142,-68.0664851,https://www.google.com/maps/place/EL+PAN+DE+JUAN/data=!4m7!3m6!1s0x960a33cb83685999:0x6c2376e5ff47bd3b!8m2!3d-38.9574142!4d-68.0664851!16s%2Fg%2F11b75j_fzd!19sChIJmVlog8szCpYRO71H_-V2I2w?authuser=0&hl=en&rclk=1,ÁREA CENTRO SUR,Otras Zonas,False
Panaderia Tentaciones,Bakery,"4,5",20,"Julio Argentino Roca 256, Q8300LYB Neuquén, Argentina",-38.9519449,-68.0628912,https://www.google.com/maps/place/Panaderia+Tentaciones/data=!4m7!3m6!1s0x960a33d79b237c71:0x2c3d60d17bd399cd!8m2!3d-38.9519449!4d-68.0628912!16s%2Fg%2F11fq8099v4!19sChIJcXwjm9czCpYRzZnTe9FgPSw?authuser=0&hl=en&rclk=1,ÁREA CENTRO ESTE,Otras Zonas,False
El Molino,Bakery,"3,8",40,"Alderete 482, Q8300 Neuquén, Argentina",-38.9507353,-68.0522611,https://www.google.com/maps/place/El+Molino/data=!4m7!3m6!1s0x960a33d6c0245727:0x4687edb0fc1131b3!8m2!3d-38.9507353!4d-68.0522611!16s%2Fg%2F11b70f6r3g!19sChIJJ1ckwNYzCpYRszER_LDth0Y?authuser=0&hl=en&rclk=1,ÁREA CENTRO ESTE,Otras Zonas,False
PASTELERIA,Cake shop,"1,0",1,"Teniente Ibañez 551, Q8300IQK Q8300IQK, Neuquén, Argentina",-38.9488149,-68.0512746,https://www.google.com/maps/place/PASTELERIA/data=!4m7!3m6!1s0x960a33003d67df61:0xd225bffd0e985b7e!8m2!3d-38.9488149!4d-68.0512746!16s%2Fg%2F11wpn999vz!19sChIJYd9nPQAzCpYRfluYDv2_JdI?authuser=0&hl=en&rclk=1,ÁREA CENTRO ESTE,Otras Zonas,False
Trigo y Tiempo,Espresso bar,"4,8",86,"Gral. Manuel Belgrano 179, Q8300 Neuquén, Argentina",-38.9506341,-68.0617253,https://www.google.com/maps/place/Trigo+y+Tiempo/data=!4m7!3m6!1s0x960a336a853c00b9:0x34432f14faa695b3!8m2!3d-38.9506341!4d-68.0617253!16s%2Fg%2F11ycyj0g6j!19sChIJuQA8hWozCpYRs5Wm-hQvQzQ?authuser=0&hl=en&rclk=1,ÁREA CENTRO ESTE,Otras Zonas,False
BEABI Date un gusto,Pastry shop,"5,0",8,"Tierra del Fuego 669, Q8300 Neuquén, Argentina",-38.9620234,-68.0523607,https://www.google.com/maps/place/BEABI+Date+un+gusto/data=!4m7!3m6!1s0x40b6826a267f2d41:0xfdbd5e9459ab9bd8!8m2!3d-38.9620234!4d-68.0523607!16s%2Fg%2F11vwt3f74p!19sChIJQS1_JmqCtkAR2JurWZRevf0?authuser=0&hl=en&rclk=1,BELGRANO,Otras Zonas,False
"Mara Cakes, Pasteleria Artesanal",Bakery,"4,1",7,"Q8302CKH, Chubut 760, Q8302CKH Neuquén, Argentina",-38.9632497,-68.0548336,"https://www.google.com/maps/place/Mara+Cakes,+Pasteleria+Artesanal/data=!4m7!3m6!1s0x960a3398c5421b09:0xb30be2bf6108cc22!8m2!3d-38.9632497!4d-68.0548336!16s%2Fg%2F11p5_rjnfc!19sChIJCRtCxZgzCpYRIswIYb_iC7M?authuser=0&hl=en&rclk=1",BELGRANO,Otras Zonas,False
Panadería OHANA. Comida & Café,Bakery,"3,6",12,"8300 Neuquén Neuquén AR, Santiago del Estero 409, Q8300AHI Neuquén, Argentina",-38.9505721,-68.064635,https://www.google.com/maps/place/Panader%C3%ADa+OHANA.+Comida+%26+Caf%C3%A9/data=!4m7!3m6!1s0x960a3382dd6b00f3:0xad5c59a383e226de!8m2!3d-38.9505721!4d-68.064635!16s%2Fg%2F11t7g4plxq!19sChIJ8wBr3YIzCpYR3ibig6NZXK0?authuser=0&hl=en&rclk=1,ÁREA CENTRO ESTE,Otras Zonas,False
Sabores,Bakery,"4,4",5,"La Pampa 363, Q8302 AAR, Neuquén, Argentina",-38.9589036,-68.0624342,https://www.google.com/maps/place/Sabores/data=!4m7!3m6!1s0x960a33005f3db677:0x60de3e08822bc9d0!8m2!3d-38.9589036!4d-68.0624342!16s%2Fg%2F11w31gydyl!19sChIJd7Y9XwAzCpYR0Mkrggg-3mA?authuser=0&hl=en&rclk=1,ÁREA CENTRO SUR,Otras Zonas,False
Kiosco,Pastry shop,"3,7",3,"Mendoza 243, Q8300 Neuquén, Argentina",-38.9525265,-68.0533121,https://www.google.com/maps/place/Kiosco/data=!4m7!3m6!1s0x960a3383542b92f9:0xc2a59a6a6cb6d7f0!8m2!3d-38.9525265!4d-68.0533121!16s%2Fg%2F11sjcwy5z8!19sChIJ-ZIrVIMzCpYR8Ne2bGqapcI?authuser=0&hl=en&rclk=1,ÁREA CENTRO ESTE,Otras Zonas,False
Tu panadería Waldis,Bakery,"4,2",5,"Juan Bautista Alberdi 207, Q8300 Neuquén, Argentina",-38.953052,-68.0560189,https://www.google.com/maps/place/Tu+panader%C3%ADa+Waldis/data=!4m7!3m6!1s0x960a332755758b5d:0x687f45d1a46143b2!8m2!3d-38.953052!4d-68.0560189!16s%2Fg%2F11j7yfrq9d!19sChIJXYt1VSczCpYRskNhpNFFf2g?authuser=0&hl=en&rclk=1,ÁREA CENTRO ESTE,Otras Zonas,False
Perroni pizza Avenida Olascoaga,Pizza restaurant,"4,4",119,"Av. Coronel Olascoaga 1069, Q8300 Neuquén, Argentina",-38.9665117,-68.0596221,https://www.google.com/maps/place/Perroni+pizza+Avenida+Olascoaga/data=!4m7!3m6!1s0x960a330035a794c5:0x78561a304c1f9893!8m2!3d-38.9665117!4d-68.0596221!16s%2Fg%2F11wmvq4zjx!19sChIJxZSnNQAzCpYRk5gfTDAaVng?authuser=0&hl=en&rclk=1,VILLA MARÍA,Otras Zonas,False
Pizzería Pizzani,Pizza restaurant,"4,6",150,"1 de Mayo 3855, Q8300 Neuquén, Argentina",-38.9355876,-68.1125864,https://www.google.com/maps/place/Pizzer%C3%ADa+Pizzani/data=!4m7!3m6!1s0x960a3330bbb11f05:0x8eea9fd676a24c58!8m2!3d-38.9355876!4d-68.1125864!16s%2Fg%2F11f62ny5y0!19sChIJBR-xuzAzCpYRWEyidtaf6o4?authuser=0&hl=en&rclk=1,MELIPAL,Oeste / Residencial,False
Central de Pizzas y Empanadas,Takeout Restaurant,"4,3",29,"Rivadavia 93, Q8300 Neuquén, Argentina",-38.9540583,-68.0579969,https://www.google.com/maps/place/Central+de+Pizzas+y+Empanadas/data=!4m7!3m6!1s0x960a33574c26b3a9:0x26a2951e0efdf7d0!8m2!3d-38.9540583!4d-68.0579969!16s%2Fg%2F11zjtmn3g1!19sChIJqbMmTFczCpYR0Pf9Dh6VoiY?authuser=0&hl=en&rclk=1,ÁREA CENTRO ESTE,Otras Zonas,False
PATTINO TERRAZAS,Takeout Restaurant,"4,6",64,"Choique, Piuquén y Local 3, 8300 Neuquén, Argentina",-38.9251129,-68.0836621,https://www.google.com/maps/place/PATTINO+TERRAZAS/data=!4m7!3m6!1s0x960a33e0859d6b61:0xbe79d99fdc892947!8m2!3d-38.9251129!4d-68.0836621!16s%2Fg%2F11ftm6pm_z!19sChIJYWudheAzCpYRRymJ3J_Zeb4?authuser=0&hl=en&rclk=1,TERRAZAS DEL NEUQUÉN,Otras Zonas,False
Otis Pizza Artesanal,Pizza restaurant,"4,3",27,"José Marin 4630, Q8300 Neuquén, Argentina",-38.938089,-68.1233597,https://www.google.com/maps/place/Otis+Pizza+Artesanal/data=!4m7!3m6!1s0x960a33cf52306f73:0x934e88c21ef28ea3!8m2!3d-38.938089!4d-68.1233597!16s%2Fg%2F11v3h08z3b!19sChIJc28wUs8zCpYRo47yHsKITpM?authuser=0&hl=en&rclk=1,GRAN NEUQUÉN SUR,Otras Zonas,False
El Paso,Pizza restaurant,"4,6",18,"Mexico 1439, Q8302 Neuquén, Argentina",-38.9704054,-68.0501298,https://www.google.com/maps/place/El+Paso/data=!4m7!3m6!1s0x960a337dfaed45d5:0xa3ab0313c693dbff!8m2!3d-38.9704054!4d-68.0501298!16s%2Fg%2F11qq_bl6zm!19sChIJ1UXt-n0zCpYR_9uTxhMDq6M?authuser=0&hl=en&rclk=1,BELGRANO,Otras Zonas,False
"""Pizzería La Posta"" Pizza a la Piedra",Pizza restaurant,"4,8",4,"Cayasta, Int. Serrano Alejo &, Neuquén, Argentina",-38.9590772,-68.1173734,https://www.google.com/maps/place/%22Pizzer%C3%ADa+La+Posta%22+Pizza+a+la+Piedra/data=!4m7!3m6!1s0x960a33f7d2f0f1cd:0x5ebe6de39bdd1e3b!8m2!3d-38.9590772!4d-68.1173734!16s%2Fg%2F11sb3fm2sf!19sChIJzfHw0vczCpYROx7dm-Ntvl4?authuser=0&hl=en&rclk=1,VALENTINA SUR URBANO,Otras Zonas,False
La Buena Pizza,Pizza Takeout,"5,0",2,"Saturnino Torres 610, Q8300 Neuquén, Argentina",-38.9614327,-68.0395319,https://www.google.com/maps/place/La+Buena+Pizza/data=!4m7!3m6!1s0x960a3178153fb395:0x8669609392343345!8m2!3d-38.9614327!4d-68.0395319!16s%2Fg%2F11tcjtmmd5!19sChIJlbM_FXgxCpYRRTM0kpNgaYY?authuser=0&hl=en&rclk=1,CONFLUENCIA URBANO,Otras Zonas,False
Pizza Roma,Pizza restaurant,"3,3",49,"Antártida Argentina 2490, Q8302JLS Q8302JLS, Neuquén, Argentina",-38.9473507,-68.0934048,https://www.google.com/maps/place/Pizza+Roma/data=!4m7!3m6!1s0x960a338390e05363:0x4de322990a6e7d36!8m2!3d-38.9473507!4d-68.0934048!16s%2Fg%2F11l0d86lck!19sChIJY1PgkIMzCpYRNn1uCpki400?authuser=0&hl=en&rclk=1,EL PROGRESO,Otras Zonas,False
BAIROLETTO Empanadas Sureñas - Sucursal Alderete,Pizza restaurant,"4,3",177,"Alderete y, Q8302 Mendoza, Neuquén, Argentina",-38.9508578,-68.053357,https://www.google.com/maps/place/BAIROLETTO+Empanadas+Sure%C3%B1as+-+Sucursal+Alderete/data=!4m7!3m6!1s0x960a33d6ce1aae13:0x666cab26b29c08e1!8m2!3d-38.9508578!4d-68.053357!16s%2Fg%2F11hcthb63x!19sChIJE64aztYzCpYR4QicsiarbGY?authuser=0&hl=en&rclk=1,ÁREA CENTRO ESTE,Otras Zonas,False
El patio del oeste,Hamburger restaurant,"4,4",15,"Ángel Pérez Novella 5351, Q8300 Neuquén, Argentina",-38.934315,-68.133145,https://www.google.com/maps/place/El+patio+del+oeste/data=!4m7!3m6!1s0x960a33972892c965:0x81518ed01cd66280!8m2!3d-38.934315!4d-68.133145!16s%2Fg%2F11sqx0hkyl!19sChIJZcmSKJczCpYRgGLWHNCOUYE?authuser=0&hl=en&rclk=1,GRAN NEUQUÉN NORTE,Otras Zonas,False
BAIROLETTO Empanadas sureñas - Sucursal Belgrano 4000,Pizza restaurant,"4,3",312,"Gral. Manuel Belgrano 4000, Q8302 Neuquén, Argentina",-38.9505084,-68.1153992,https://www.google.com/maps/place/BAIROLETTO+Empanadas+sure%C3%B1as+-+Sucursal+Belgrano+4000/data=!4m7!3m6!1s0x960a3314cf040f65:0x79861ad5ebfdf42a!8m2!3d-38.9505084!4d-68.1153992!16s%2Fg%2F11g8wqwh34!19sChIJZQ8EzxQzCpYRKvT969Uahnk?authuser=0&hl=en&rclk=1,CANAL V,Otras Zonas,False
PIZZA NORTE,Pizza restaurant,"4,7",6,"El Chocón 230, Q8300 Neuquén, Argentina",-38.9687715,-68.0558304,https://www.google.com/maps/place/PIZZA+NORTE/data=!4m7!3m6!1s0x960a33f1bb962e17:0x2c598466426fa36f!8m2!3d-38.9687715!4d-68.0558304!16s%2Fg%2F11xsh_6csm!19sChIJFy6Wu_EzCpYRb6NvQmaEWSw?authuser=0&hl=en&rclk=1,BELGRANO,Otras Zonas,False
Giardino,Espresso bar,"4,1",58,"Carlos H. Rodríguez 296, Q8300 Neuquén, Argentina",-38.9530795,-68.063261,https://www.google.com/maps/place/Giardino/data=!4m7!3m6!1s0x960a3313024eb365:0xa7c26ab10d5c699f!8m2!3d-38.9530795!4d-68.063261!16s%2Fg%2F11wtmc4m_t!19sChIJZbNOAhMzCpYRn2lcDbFqwqc?authuser=0&hl=en&rclk=1,ÁREA CENTRO ESTE,Otras Zonas,False
SALUZZO Fabrica de Pastas,Pasta shop,"4,5",1275,"Centro Oeste, Julio Argentino Roca 1377, Q8300 Neuquén, Argentina",-38.9515855,-68.0786047,https://www.google.com/maps/place/SALUZZO+Fabrica+de+Pastas/data=!4m7!3m6!1s0x960a33ba138b5b1f:0xc58d272c9f639ece!8m2!3d-38.9515855!4d-68.0786047!16s%2Fg%2F11b70d4_wz!19sChIJH1uLE7ozCpYRzp5jnywnjcU?authuser=0&hl=en&rclk=1,ÁREA CENTRO OESTE,Otras Zonas,False
La Tapera,Restaurant,"4,0",427,"Avenida Argentina 498, Q8302 Neuquén, Argentina",-38.9498816,-68.0594978,https://www.google.com/maps/place/La+Tapera/data=!4m7!3m6!1s0x960a33d01e95af03:0x27a6ebf8db36ed5!8m2!3d-38.9498816!4d-68.0594978!16s%2Fg%2F11f_bzxc7z!19sChIJA6-VHtAzCpYR1W6zjb9uegI?authuser=0&hl=en&rclk=1,ÁREA CENTRO ESTE,Otras Zonas,False
Bombastick pizza,Pizza restaurant,"5,0",4,"Antártida Argentina 2144, Q8302 JLP, Neuquén, Argentina",-38.9474042,-68.089026,https://www.google.com/maps/place/Bombastick+pizza/data=!4m7!3m6!1s0x960a3300079f667d:0xa5937350a185d3c3!8m2!3d-38.9474042!4d-68.089026!16s%2Fg%2F11vsv3ds05!19sChIJfWafBwAzCpYRw9OFoVBzk6U?authuser=0&hl=en&rclk=1,ISLAS MALVINAS,Oeste / Alta Densidad,False
Pizuni,Pizza restaurant,"4,5",4,"Huilen, Q8302 Neuquén, Argentina",-38.9396393,-68.1105737,https://www.google.com/maps/place/Pizuni/data=!4m7!3m6!1s0x960a330068cf245f:0x9f44869bece60de5!8m2!3d-38.9396393!4d-68.1105737!16s%2Fg%2F11wh7x9l6r!19sChIJXyTPaAAzCpYR5Q3m7JuGRJ8?authuser=0&hl=en&rclk=1,MELIPAL,Oeste / Residencial,False
Sambü,Delivery Restaurant,"5,0",3,"América Central 335, Q8300 Neuquén, Argentina",-38.9262674,-68.0541689,https://www.google.com/maps/place/Samb%C3%BC/data=!4m7!3m6!1s0x960a33402470ed93:0xa7785bf485a2bd0!8m2!3d-38.9262674!4d-68.0541689!16s%2Fg%2F11yhpklck0!19sChIJk-1wJEAzCpYR0CtaSL-Fdwo?authuser=0&hl=en&rclk=1,RINCÓN DE EMILIO,Otras Zonas,False
Mc Fly Neuquen,Restaurant,"4,3",913,"Mtro. Joaquín González 47, Q8302 Neuquén, Argentina",-38.9519556,-68.0581851,https://www.google.com/maps/place/Mc+Fly+Neuquen/data=!4m7!3m6!1s0x960a33449edb4585:0x2e64606fbb412dad!8m2!3d-38.9519556!4d-68.0581851!16s%2Fg%2F11p542rpl1!19sChIJhUXbnkQzCpYRrS1Bu29gZC4?authuser=0&hl=en&rclk=1,ÁREA CENTRO ESTE,Otras Zonas,False
rotiviandas,Pizza restaurant,"5,0",2,"peatonal 1 local 2, Q8300 Neuquén, Argentina",-38.9327101,-68.0739587,https://www.google.com/maps/place/rotiviandas/data=!4m7!3m6!1s0x960a354bc2835b55:0xb532b1f597f2f3f8!8m2!3d-38.9327101!4d-68.0739587!16s%2Fg%2F11j9ccfkz_!19sChIJVVuDwks1CpYR-PPyl_WxMrU?authuser=0&hl=en&rclk=1,ALTA BARDA,Norte / Residencial,False
Robin Food Pizzeria,Pizza restaurant,"5,0",1,"Gral. Manuel Belgrano 2135 8300, Q8300 Neuquén, Argentina",-38.9504573,-68.0888544,https://www.google.com/maps/place/Robin+Food+Pizzeria/data=!4m7!3m6!1s0x960a33a41a5ca6d3:0x2bf654f131cf9f43!8m2!3d-38.9504573!4d-68.0888544!16s%2Fg%2F11hbhjg02x!19sChIJ06ZcGqQzCpYRQ5_PMfFU9is?authuser=0&hl=en&rclk=1,ISLAS MALVINAS,Oeste / Alta Densidad,False
MAESTRO PIZZERO,Pizza restaurant,"2,9",25,"Avenida Argentina Centro, Q8300 Neuquén, Argentina",-38.9549594,-68.0595765,https://www.google.com/maps/place/MAESTRO+PIZZERO/data=!4m7!3m6!1s0x960a33d27528e87d:0x2d788a221c6631d8!8m2!3d-38.9549594!4d-68.0595765!16s%2Fg%2F11b72325r5!19sChIJfegoddIzCpYR2DFmHCKKeC0?authuser=0&hl=en&rclk=1,ÁREA CENTRO ESTE,Otras Zonas,False
ZH Canting,Restaurant,"4,1",2568,"Juan Bautista Alberdi 126, Q8300 Neuquén, Argentina",-38.9528057,-68.0571927,https://www.google.com/maps/place/ZH+Canting/data=!4m7!3m6!1s0x960a33d18384f5cb:0xae15dc1aab857165!8m2!3d-38.9528057!4d-68.0571927!16s%2Fg%2F11g6nk7w7h!19sChIJy_WEg9EzCpYRZXGFqxrcFa4?authuser=0&hl=en&rclk=1,ÁREA CENTRO ESTE,Otras Zonas,False
La casa de la hamburguesa,Restaurant,"4,3",2001,"Rivadavia 71, Q8300 Neuquén, Argentina",-38.9542365,-68.0579427,https://www.google.com/maps/place/La+casa+de+la+hamburguesa/data=!4m7!3m6!1s0x960a330d9aa047e3:0x2b311293ee57f55!8m2!3d-38.9542365!4d-68.0579427!16s%2Fg%2F11hdx7ttgs!19sChIJ40egmg0zCpYRVX_lPikRswI?authuser=0&hl=en&rclk=1,ÁREA CENTRO ESTE,Otras Zonas,False
Valencia,Pizza restaurant,"4,7",44,"Ministro Amancio Alcorta 767, Q8300 Neuquén, Argentina",-38.9580129,-68.0700485,https://www.google.com/maps/place/Valencia/data=!4m7!3m6!1s0x960a33b01c95fb1f:0xfe5f145cf6b8a80f!8m2!3d-38.9580129!4d-68.0700485!16s%2Fg%2F11s3_59r81!19sChIJH_uVHLAzCpYRD6i49lwUX_4?authuser=0&hl=en&rclk=1,ÁREA CENTRO SUR,Otras Zonas,False
Betos Lomos Delivery,Fast food restaurant,"3,9",1188,"Gral. Fotheringham 178, Q8300 Neuquén, Argentina",-38.9531778,-68.0691938,https://www.google.com/maps/place/Betos+Lomos+Delivery/data=!4m7!3m6!1s0x960a33c854a82973:0xc85f6e82921344b7!8m2!3d-38.9531778!4d-68.0691938!16s%2Fg%2F1wbry_00!19sChIJcymoVMgzCpYRt0QTkoJuX8g?authuser=0&hl=en&rclk=1,ÁREA CENTRO OESTE,Otras Zonas,False
Faraon Comida Arabe En Patagonia,Restaurant,"4,0",633,"Carlos H. Rodríguez 175, Q8300IQM Neuquén, Argentina",-38.9527855,-68.0616828,https://www.google.com/maps/place/Faraon+Comida+Arabe+En+Patagonia/data=!4m7!3m6!1s0x960a33d1046366b5:0x98a6b00d66a52abc!8m2!3d-38.9527855!4d-68.0616828!16s%2Fg%2F1v_w3k6v!19sChIJtWZjBNEzCpYRvCqlZg2wppg?authuser=0&hl=en&rclk=1,ÁREA CENTRO ESTE,Otras Zonas,False
Maestro Pizzero,Sin categoría,"3,7",167,"Juan B. Justo 1200, Q8300 Neuquén, Argentina",-38.9540005,-68.0761606,https://www.google.com/maps/place/Maestro+Pizzero/data=!4m7!3m6!1s0x960a33b7182501f7:0xce123b29628513be!8m2!3d-38.9540005!4d-68.0761606!16s%2Fg%2F11bbyg8v_t!19sChIJ9wElGLczCpYRvhOFYik7Es4?authuser=0&hl=en&rclk=1,ÁREA CENTRO OESTE,Otras Zonas,False
Altos Sur,Fast food restaurant,"4,6",75,"Rivadavia 99, Q8300 Neuquén, Argentina",-38.9541744,-68.0578074,https://www.google.com/maps/place/Altos+Sur/data=!4m7!3m6!1s0x960a33d23accfa49:0x2e8dc7ac2e13c25f!8m2!3d-38.9541744!4d-68.0578074!16s%2Fg%2F1q62c5cnr!19sChIJSfrMOtIzCpYRX8ITLqzHjS4?authuser=0&hl=en&rclk=1,ÁREA CENTRO ESTE,Otras Zonas,False
Estami.Pizza,Restaurant,"3,7",3,"Q8302 Neuquén, Argentina",-38.9516784,-68.0591888,https://www.google.com/maps/place/Estami.Pizza/data=!4m7!3m6!1s0x960a337d1f76eb09:0xccf938fd621afb48!8m2!3d-38.9516784!4d-68.0591888!16s%2Fg%2F11t74gffm6!19sChIJCet2H30zCpYRSPsaYv04-cw?authuser=0&hl=en&rclk=1,ÁREA CENTRO ESTE,Otras Zonas,False
CASATRES,Restaurant,"4,2",109,"San Martín 55, Q8300 Neuquén, Argentina",-38.954918,-68.0600667,https://www.google.com/maps/place/CASATRES/data=!4m7!3m6!1s0x960a33135dde695f:0xd9c00c6534741ea7!8m2!3d-38.954918!4d-68.0600667!16s%2Fg%2F11wtkwqd_g!19sChIJX2neXRMzCpYRpx50NGUMwNk?authuser=0&hl=en&rclk=1,ÁREA CENTRO ESTE,Otras Zonas,False
Pizza Fava Cipolletti,Pizza restaurant,"4,3",1184,"Gral. Roca 128, R8324 Cipolletti, Río Negro, Argentina",-38.9382588,-67.9998449,https://www.google.com/maps/place/Pizza+Fava+Cipolletti/data=!4m7!3m6!1s0x960a30fd600cc217:0x3762e61cfd16e27a!8m2!3d-38.9382588!4d-67.9998449!16s%2Fg%2F1hf08dvcq!19sChIJF8IMYP0wCpYReuIW_RzmYjc?authuser=0&hl=en&rclk=1,,Otras Zonas,False
Punto Criollo,Takeout Restaurant,"4,5",51,"Almte. Brown 198, Q8300ARD Neuquén, Argentina",-38.9530704,-68.0622762,https://www.google.com/maps/place/Punto+Criollo/data=!4m7!3m6!1s0x960a33c5ff1eb03b:0xb774549635f3f3a8!8m2!3d-38.9530704!4d-68.0622762!16s%2Fg%2F11v59fg_g8!19sChIJO7Ae_8UzCpYRqPPzNZZUdLc?authuser=0&hl=en&rclk=1,ÁREA CENTRO ESTE,Otras Zonas,False
Dorado Café Restó,Restaurant,"4,2",660,"3W2Q+3M, Q8300 Neuquén, Argentina",-38.9498114,-68.0609052,https://www.google.com/maps/place/Dorado+Caf%C3%A9+Rest%C3%B3/data=!4m7!3m6!1s0x960a33c8509f89ad:0x4a80223736f2c9cb!8m2!3d-38.9498114!4d-68.0609052!16s%2Fg%2F11l5dz9__9!19sChIJrYmfUMgzCpYRy8nyNjcigEo?authuser=0&hl=en&rclk=1,ÁREA CENTRO ESTE,Otras Zonas,False
El Desembarco Neuquen,Hamburger restaurant,"4,1",705,"Mtro. Joaquín González 189, Q8300 Neuquén, Argentina",-38.9520293,-68.0565948,https://www.google.com/maps/place/El+Desembarco+Neuquen/data=!4m7!3m6!1s0x960a33001e44b611:0x78662b609438cd56!8m2!3d-38.9520293!4d-68.0565948!16s%2Fg%2F11whrp5bbh!19sChIJEbZEHgAzCpYRVs04lGArZng?authuser=0&hl=en&rclk=1,ÁREA CENTRO ESTE,Otras Zonas,False
Brako Empanadas Artesanales,Takeout Restaurant,"4,3",112,"Bv. Marcelo T. de Alvear 275, Q8302 Neuquén, Argentina",-38.9545243,-68.0631785,https://www.google.com/maps/place/Brako+Empanadas+Artesanales/data=!4m7!3m6!1s0x960a33fd77cbbd41:0xcf2fbb9b1adcbaa7!8m2!3d-38.9545243!4d-68.0631785!16s%2Fg%2F11t2q59xy8!19sChIJQb3Ld_0zCpYRp7rcGpu7L88?authuser=0&hl=en&rclk=1,ÁREA CENTRO ESTE,Otras Zonas,False
Senti Patagonia,Restaurant,"4,2",55,"Rivadavia 567, Q8300 Neuquén, Argentina",-38.9542808,-68.0513,https://www.google.com/maps/place/Senti+Patagonia/data=!4m7!3m6!1s0x960a3343d62ff4a3:0xa7f3d43d15dbf6a0!8m2!3d-38.9542808!4d-68.0513!16s%2Fg%2F11lgvgb7vc!19sChIJo_Qv1kMzCpYRoPbbFT3U86c?authuser=0&hl=en&rclk=1,ÁREA CENTRO ESTE,Otras Zonas,False
Verdulería,Pizza restaurant,"4,3",3,"Paimun 599, Q8300EDA Neuquén, Argentina",-38.9616571,-68.0287455,https://www.google.com/maps/place/Verduler%C3%ADa/data=!4m7!3m6!1s0x960a31320ecdc347:0xfd2b1345b55d0d81!8m2!3d-38.9616571!4d-68.0287455!16s%2Fg%2F11r5y5pg8h!19sChIJR8PNDjIxCpYRgQ1dtUUTK_0?authuser=0&hl=en&rclk=1,CONFLUENCIA URBANO,Otras Zonas,False
Pancho Club,Restaurant,"3,9",831,"Hipólito Yrigoyen 321, Q8302 Neuquén, Argentina",-38.9515321,-68.060576,https://www.google.com/maps/place/Pancho+Club/data=!4m7!3m6!1s0x960a33cfcd25b421:0x7afa1b181d273b34!8m2!3d-38.9515321!4d-68.060576!16s%2Fg%2F11cm0br4dv!19sChIJIbQlzc8zCpYRNDsnHRgb-no?authuser=0&hl=en&rclk=1,ÁREA CENTRO ESTE,Otras Zonas,False
Julio,Pizza restaurant,"3,3",6,"Juan XXIII 1201, Q8300 Neuquén, Argentina",-38.952653,-68.042254,https://www.google.com/maps/place/Julio/data=!4m7!3m6!1s0x960a317ed6b60303:0x2bf7afc5bb7f25e7!8m2!3d-38.952653!4d-68.042254!16s%2Fg%2F11b70fxm0z!19sChIJAwO21n4xCpYR5yV_u8Wv9ys?authuser=0&hl=en&rclk=1,VILLA FARRELL,Otras Zonas,False
VIKINGS PIZZERIA,Pizza Takeout,"4,5",171,"San Martín 5099, Q8300 Neuquén, Argentina",-38.9546546,-68.1287367,https://www.google.com/maps/place/VIKINGS+PIZZERIA/data=!4m7!3m6!1s0x960a33d8d057871b:0x6ae3054e43a6c5dd!8m2!3d-38.9546546!4d-68.1287367!16s%2Fg%2F11n81rh6jx!19sChIJG4dX0NgzCpYR3cWmQ04F42o?authuser=0&hl=en&rclk=1,CANAL V,Otras Zonas,False
Tomate trattoria,Italian restaurant,"4,3",277,"Entre Ríos 98, Q8300 Neuquén, Argentina",-38.9541253,-68.0508935,https://www.google.com/maps/place/Tomate+trattoria/data=!4m7!3m6!1s0x960a330048c80bb9:0x7b84eeef27726e64!8m2!3d-38.9541253!4d-68.0508935!16s%2Fg%2F11w1v5z5t9!19sChIJuQvISAAzCpYRZG5yJ-_uhHs?authuser=0&hl=en&rclk=1,ÁREA CENTRO ESTE,Otras Zonas,False
N&S Food Hall,Restaurant,"4,2",1141,"Shopping Alto Comehue, Av. Dr. Ramón 355, Q8300 Neuquén, Argentina",-38.9420456,-68.0647787,https://www.google.com/maps/place/N%26S+Food+Hall/data=!4m7!3m6!1s0x960a33f9dc876cad:0x11a8c256d65ec943!8m2!3d-38.9420456!4d-68.0647787!16s%2Fg%2F11fpft860m!19sChIJrWyH3PkzCpYRQ8le1lbCqBE?authuser=0&hl=en&rclk=1,ÁREA CENTRO ESTE,Otras Zonas,False
de la ribera,Restaurant,"4,0",1868,"Tte. de Navío Eliana María Krawczyk, Q8300 Neuquén, Argentina",-38.9786061,-68.0519165,https://www.google.com/maps/place/de+la+ribera/data=!4m7!3m6!1s0x960a335ac4c332c9:0x1112fb5cf0eb95!8m2!3d-38.9786061!4d-68.0519165!16s%2Fg%2F11sn0f3zdj!19sChIJyTLDxFozCpYRlevwXPsSEQA?authuser=0&hl=en&rclk=1,RÍO GRANDE,Otras Zonas,False
Etnos,Restaurant,"4,4",161,"Diag. 9 de Julio 45, Q8302 Neuquén, Argentina",-38.950109,-68.0598351,https://www.google.com/maps/place/Etnos/data=!4m7!3m6!1s0x960a33005d7b0ee5:0xfca4ee6f88695592!8m2!3d-38.950109!4d-68.0598351!16s%2Fg%2F11mdy7j6lz!19sChIJ5Q57XQAzCpYRklVpiG_upPw?authuser=0&hl=en&rclk=1,ÁREA CENTRO ESTE,Otras Zonas,False
Willi Kuk,Hamburger restaurant,"4,7",194,"Pinar 112, Q8300 Neuquén, Argentina",-38.9435533,-68.0572707,https://www.google.com/maps/place/Willi+Kuk/data=!4m7!3m6!1s0x960a33c5fb2492f5:0xe3a53e1e83a280db!8m2!3d-38.9435533!4d-68.0572707!16s%2Fg%2F11khsmkkh4!19sChIJ9ZIk-8UzCpYR24Cigx4-peM?authuser=0&hl=en&rclk=1,ÁREA CENTRO ESTE,Otras Zonas,False
Sushisur Neuquén,Asian restaurant,"4,9",55,"Bv. Marcelo T. de Alvear 246, Q8300 Neuquén, Argentina",-38.954628,-68.0626904,https://www.google.com/maps/place/Sushisur+Neuqu%C3%A9n/data=!4m7!3m6!1s0x960a33fb4246a761:0x120944a43266c6ca!8m2!3d-38.954628!4d-68.0626904!16s%2Fg%2F11x6cxvdzr!19sChIJYadGQvszCpYRysZmMqRECRI?authuser=0&hl=en&rclk=1,ÁREA CENTRO ESTE,Otras Zonas,False
Aura Restaurante,Restaurant,"4,8",11,"Dentro de Neuquén Tower Hotel, Gral. Manuel Belgrano 174 1° piso, Q8300 Neuquén, Argentina",-38.9509052,-68.0616686,https://www.google.com/maps/place/Aura+Restaurante/data=!4m7!3m6!1s0x960a33c9a02a6157:0x7266e105dd49536!8m2!3d-38.9509052!4d-68.0616686!16s%2Fg%2F11xvnqbpvp!19sChIJV2EqoMkzCpYRNpXUXRBuJgc?authuser=0&hl=en&rclk=1,ÁREA CENTRO ESTE,Otras Zonas,False
Celia sabor y cafe,Restaurant,"4,6",32,"Galeria Jardin, Juan Bautista Alberdi 27 local 12, Q8300 Neuquén, Argentina",-38.953081,-68.0585287,https://www.google.com/maps/place/Celia+sabor+y+cafe/data=!4m7!3m6!1s0x960a339714ce3f41:0x6a829b631a3d33f7!8m2!3d-38.953081!4d-68.0585287!16s%2Fg%2F11s8j2y6k3!19sChIJQT_OFJczCpYR9zM9GmObgmo?authuser=0&hl=en&rclk=1,ÁREA CENTRO ESTE,Otras Zonas,False
Viento Sur,Argentinian restaurant,"4,0",844,"dentro del Hotel del Comahue, Avenida Argentina 377, Q8300 Neuquén, Argentina",-38.951043,-68.058721,https://www.google.com/maps/place/Viento+Sur/data=!4m7!3m6!1s0x960a33d033abe3e3:0x9bce84356da339f7!8m2!3d-38.951043!4d-68.058721!16s%2Fg%2F11b6dps33s!19sChIJ4-OrM9AzCpYR9zmjbTWEzps?authuser=0&hl=en&rclk=1,ÁREA CENTRO ESTE,Otras Zonas,False
El Olivo Hotel / Zico Gourmet Restaurant,Hotel,"4,4",631,"Tte. Juan Solalique 57, Q8300 Neuquén, Argentina",-38.9553297,-68.1065678,https://www.google.com/maps/place/El+Olivo+Hotel+%2F+Zico+Gourmet+Restaurant/data=!4m7!3m6!1s0x960a330fcefe2b73:0x33f3139dc2ef472f!8m2!3d-38.9553297!4d-68.1065678!16s%2Fg%2F1tgx7tcx!19sChIJcyv-zg8zCpYRL0fvwp0T8zM?authuser=0&hl=en&rclk=1,HUILICHES,Otras Zonas,False
Hot Dog Neuquén,Venezuelan restaurant,"4,8",92,"Alderete 187, Q8300 Neuquén, Argentina",-38.95094,-68.0566432,https://www.google.com/maps/place/Hot+Dog+Neuqu%C3%A9n/data=!4m7!3m6!1s0x960a33054fcc1a6d:0x38fb54aca9148ae3!8m2!3d-38.95094!4d-68.0566432!16s%2Fg%2F11t3_l5ny6!19sChIJbRrMTwUzCpYR44oUqaxU-zg?authuser=0&hl=en&rclk=1,ÁREA CENTRO ESTE,Otras Zonas,False
Pastas Caseras Elvira,Noodle shop,"4,4",764,"Misiones 681, Q8300 Neuquén, Argentina",-38.9623154,-68.0637353,https://www.google.com/maps/place/Pastas+Caseras+Elvira/data=!4m7!3m6!1s0x960a3233a5dadcd3:0xf6aa083479541670!8m2!3d-38.9623154!4d-68.0637353!16s%2Fg%2F11bbrmsj5p!19sChIJ09zapTMyCpYRcBZUeTQIqvY?authuser=0&hl=en&rclk=1,NUEVO,Otras Zonas,False
Meu Cantinho,Brazilian restaurant,"4,5",41,"Rivadavia 384, Q8302 Neuquén, Argentina",-38.9538211,-68.0537414,https://www.google.com/maps/place/Meu+Cantinho/data=!4m7!3m6!1s0x960a33006143ebdf:0xef3b52db7ae336ac!8m2!3d-38.9538211!4d-68.0537414!16s%2Fg%2F11xw7jlqq2!19sChIJ3-tDYQAzCpYRrDbjettSO-8?authuser=0&hl=en&rclk=1,ÁREA CENTRO ESTE,Otras Zonas,False
Barta Tartería Gourmet,Brunch restaurant,"4,0",592,"Julio Argentino Roca 202, Q8300 Neuquén, Argentina",-38.9516934,-68.0623241,https://www.google.com/maps/place/Barta+Tarter%C3%ADa+Gourmet/data=!4m7!3m6!1s0x960a33c3a30180af:0x58f7281d48d54a7d!8m2!3d-38.9516934!4d-68.0623241!16s%2Fg%2F11q95prvmj!19sChIJr4ABo8MzCpYRfUrVSB0o91g?authuser=0&hl=en&rclk=1,ÁREA CENTRO ESTE,Otras Zonas,False
LA CASA DE LAS EMPANADAS,Restaurant,"4,3",851,"Diag. 9 de Julio 229, Q8300 Neuquén, Argentina",-38.9481295,-68.0624121,https://www.google.com/maps/place/LA+CASA+DE+LAS+EMPANADAS/data=!4m7!3m6!1s0x960a33c50a4d3375:0x58d61a08c984f5da!8m2!3d-38.9481295!4d-68.0624121!16s%2Fg%2F11b73ksn6m!19sChIJdTNNCsUzCpYR2vWEyQga1lg?authuser=0&hl=en&rclk=1,ÁREA CENTRO ESTE,Otras Zonas,False
SAWARA,Delivery Restaurant,"4,5",502,"Julio Argentino Roca 636, Q8300 Neuquén, Argentina",-38.9518853,-68.0682062,https://www.google.com/maps/place/SAWARA/data=!4m7!3m6!1s0x960a33b9cacb6353:0x3bdba29ac68a0bcd!8m2!3d-38.9518853!4d-68.0682062!16s%2Fg%2F11b709v4kk!19sChIJU2PLyrkzCpYRzQuKxpqi2zs?authuser=0&hl=en&rclk=1,ÁREA CENTRO OESTE,Otras Zonas,False
Bodegón Alberdi,Restaurant,"4,8",6,"HLD, Juan Bautista Alberdi 164, Q8300 Q8300HLD, Neuquén, Argentina",-38.9527714,-68.0566966,https://www.google.com/maps/place/Bodeg%C3%B3n+Alberdi/data=!4m7!3m6!1s0x960a33000b49e66b:0x3e7d1b21f7fa39f7!8m2!3d-38.9527714!4d-68.0566966!16s%2Fg%2F11x68vz0g1!19sChIJa-ZJCwAzCpYR9zn69yEbfT4?authuser=0&hl=en&rclk=1,ÁREA CENTRO ESTE,Otras Zonas,False
Harlem - Altas Burgas,Hamburger restaurant,"4,1",43,"Hipólito Yrigoyen 326, Q8300 Neuquén, Argentina",-38.951468,-68.0610153,https://www.google.com/maps/place/Harlem+-+Altas+Burgas/data=!4m7!3m6!1s0x960a33002932cba5:0xbce629f963091d25!8m2!3d-38.951468!4d-68.0610153!16s%2Fg%2F11zk3jjwym!19sChIJpcsyKQAzCpYRJR0JY_kp5rw?authuser=0&hl=en&rclk=1,ÁREA CENTRO ESTE,Otras Zonas,False
La Casa de Las Empanadas,Takeout Restaurant,"4,4",1473,"Rivadavia &, Q8302 Mendoza, Neuquén, Argentina",-38.9538996,-68.0536428,https://www.google.com/maps/place/La+Casa+de+Las+Empanadas/data=!4m7!3m6!1s0x960a33d3bdb67467:0x485af75d0ac11e99!8m2!3d-38.9538996!4d-68.0536428!16s%2Fg%2F1tgddm1m!19sChIJZ3S2vdMzCpYRmR7BCl33Wkg?authuser=0&hl=en&rclk=1,ÁREA CENTRO ESTE,Otras Zonas,False
The Coffee Store,Cafe,"4,2",3314,"Dr. Luis Federico Leloir 351, Q8300FTA Q8300JRA, Neuquén, Argentina",-38.9422681,-68.0542892,https://www.google.com/maps/place/The+Coffee+Store/data=!4m7!3m6!1s0x960a33dc04b92efd:0x3936815d48857757!8m2!3d-38.9422681!4d-68.0542892!16s%2Fg%2F11c31y5xy3!19sChIJ_S65BNwzCpYRV3eFSF2BNjk?authuser=0&hl=en&rclk=1,ÁREA CENTRO ESTE,Otras Zonas,False
Weiss Burger,Fast food restaurant,"4,0",201,"Gdor. Elordi 75, Q8300 Neuquén, Argentina",-38.9495481,-68.060298,https://www.google.com/maps/place/Weiss+Burger/data=!4m7!3m6!1s0x960a33007d0a17f9:0xd76207e2cbaf88d5!8m2!3d-38.9495481!4d-68.060298!16s%2Fg%2F11y0xml25k!19sChIJ-RcKfQAzCpYR1Yivy-IHYtc?authuser=0&hl=en&rclk=1,ÁREA CENTRO ESTE,Otras Zonas,False
Argen Viandas Saludables,Restaurant,"4,7",33,"Gral. Manuel Belgrano 309, Q8300 HVG, Neuquén, Argentina",-38.95061,-68.0637059,https://www.google.com/maps/place/Argen+Viandas+Saludables/data=!4m7!3m6!1s0x960a3335c2761331:0xa283d206b31d32bb!8m2!3d-38.95061!4d-68.0637059!16s%2Fg%2F11glwycx4q!19sChIJMRN2wjUzCpYRuzIdswbSg6I?authuser=0&hl=en&rclk=1,ÁREA CENTRO ESTE,Otras Zonas,False
Oso burgers,Hamburger restaurant,"4,7",141,"Gral. Manuel Belgrano 321, Q8300 Neuquén, Argentina",-38.9506026,-68.0638389,https://www.google.com/maps/place/Oso+burgers/data=!4m7!3m6!1s0x960a3362ed913291:0xcfa461e3b81ff1c2!8m2!3d-38.9506026!4d-68.0638389!16s%2Fg%2F11ff5l6m32!19sChIJkTKR7WIzCpYRwvEfuONhpM8?authuser=0&hl=en&rclk=1,ÁREA CENTRO ESTE,Otras Zonas,False
Brunch-Café de especialidad y comida al paso,Takeout Restaurant,"5,0",8,"Mtro. Joaquín González 17, Q8300 Neuquén, Argentina",-38.9519775,-68.0583867,https://www.google.com/maps/place/Brunch-Caf%C3%A9+de+especialidad+y+comida+al+paso/data=!4m7!3m6!1s0x960a33998d1d2c97:0x79d7339ba96e075e!8m2!3d-38.9519775!4d-68.0583867!16s%2Fg%2F11ygq9lpmx!19sChIJlywdjZkzCpYRXgduqZsz13k?authuser=0&hl=en&rclk=1,ÁREA CENTRO ESTE,Otras Zonas,False
Street Food,Fast food restaurant,"4,5",79,"Bv. Marcelo T. de Alvear 168, Q8300 Neuquén, Argentina",-38.9536196,-68.0612645,https://www.google.com/maps/place/Street+Food/data=!4m7!3m6!1s0x960a332a74ab5df7:0xc8d2d5cf58b14b6!8m2!3d-38.9536196!4d-68.0612645!16s%2Fg%2F11xfr1kr6r!19sChIJ912rdCozCpYRthSL9VwtjQw?authuser=0&hl=en&rclk=1,ÁREA CENTRO ESTE,Otras Zonas,False
Morelia's,Fast food restaurant,"4,0",846,"Gral. Manuel Belgrano 255, Q8302 Neuquén, Argentina",-38.9505399,-68.0628553,https://www.google.com/maps/place/Morelia%27s/data=!4m7!3m6!1s0x960a3355bde525b5:0x991022da55c82aaa!8m2!3d-38.9505399!4d-68.0628553!16s%2Fg%2F11g232z7nh!19sChIJtSXlvVUzCpYRqirIVdoiEJk?authuser=0&hl=en&rclk=1,ÁREA CENTRO ESTE,Otras Zonas,False
Pranzo Empanadas - Neuquén - Ministro Gonzalez,Takeout Restaurant,"4,3",394,"Mtro. Joaquín González 146, Q8300 Neuquén, Argentina",-38.9517087,-68.05701,https://www.google.com/maps/place/Pranzo+Empanadas+-+Neuqu%C3%A9n+-+Ministro+Gonzalez/data=!4m7!3m6!1s0x960a33d118bce58b:0x870eaa56512732ad!8m2!3d-38.9517087!4d-68.05701!16s%2Fg%2F11d_28g8dt!19sChIJi-W8GNEzCpYRrTInUVaqDoc?authuser=0&hl=en&rclk=1,ÁREA CENTRO ESTE,Otras Zonas,False
Betos Lomos,Restaurant,"4,0",2555,"72,, Gral. Manuel Belgrano 56, Q8300 Neuquén, Argentina",-38.9509924,-68.0607624,https://www.google.com/maps/place/Betos+Lomos/data=!4m7!3m6!1s0x960a33cfda672361:0x2b3edccda75b80f1!8m2!3d-38.9509924!4d-68.0607624!16s%2Fg%2F11ckkrgxp3!19sChIJYSNn2s8zCpYR8YBbp83cPis?authuser=0&hl=en&rclk=1,ÁREA CENTRO ESTE,Otras Zonas,False
Mundo Prana Patagonia,Health food restaurant,"4,6",15,"Mtro. Joaquín González 492, Q8300 Neuquén, Argentina",-38.9517447,-68.0523302,https://www.google.com/maps/place/Mundo+Prana+Patagonia/data=!4m7!3m6!1s0x960a33d6bd3932a9:0x3df93832d07b043c!8m2!3d-38.9517447!4d-68.0523302!16s%2Fg%2F11f0ksvp5g!19sChIJqTI5vdYzCpYRPAR70DI4-T0?authuser=0&hl=en&rclk=1,ÁREA CENTRO ESTE,Otras Zonas,False
Panchos Charly,Fast food restaurant,"4,5",126,"Carlos H. Rodríguez 1-99, Q8302 Neuquén, Argentina",-38.952995,-68.0600731,https://www.google.com/maps/place/Panchos+Charly/data=!4m7!3m6!1s0x960a33ce193b854f:0xceeba5d604d2b37b!8m2!3d-38.952995!4d-68.0600731!16s%2Fg%2F11f2xkk37d!19sChIJT4U7Gc4zCpYRe7PSBNal684?authuser=0&hl=en&rclk=1,ÁREA CENTRO ESTE,Otras Zonas,False
PESCADERIAS AVENIDA,Fish restaurant,"4,4",44,"Entre Ríos 411, Q8300 Neuquén, Argentina",-38.9506195,-68.0504756,https://www.google.com/maps/place/PESCADERIAS+AVENIDA/data=!4m7!3m6!1s0x960a319f71b9922f:0xd8000966aa4aa93c!8m2!3d-38.9506195!4d-68.0504756!16s%2Fg%2F11m7n75bkt!19sChIJL5K5cZ8xCpYRPKlKqmYJANg?authuser=0&hl=en&rclk=1,ÁREA CENTRO ESTE,Otras Zonas,False
Peumawe,Restaurant,"4,6",1265,"La Portada s/n, Q8403 Villa Traful, Neuquén, Argentina",-40.6587805,-71.3876398,https://www.google.com/maps/place/Peumawe/data=!4m7!3m6!1s0x9610ed88c64d2a9b:0xc1ec2d248290af0a!8m2!3d-40.6587805!4d-71.3876398!16s%2Fg%2F11dym6_y7h!19sChIJmypNxojtEJYRCq-QgiQt7ME?authuser=0&hl=en&rclk=1,,Otras Zonas,False
Villa Gusto,Delivery Restaurant,"4,3",98,"Centro Este, Buenos Aires 263, Q8300 Neuquén, Argentina",-38.9522466,-68.0574191,https://www.google.com/maps/place/Villa+Gusto/data=!4m7!3m6!1s0x960a33d197bc9fbd:0x4f6d9825fc499105!8m2!3d-38.9522466!4d-68.0574191!16s%2Fg%2F1hc2kppsf!19sChIJvZ-8l9EzCpYRBZFJ_CWYbU8?authuser=0&hl=en&rclk=1,ÁREA CENTRO ESTE,Otras Zonas,False
Mostaza,Hamburger restaurant,"3,8",765,"Julio Argentino Roca 22, Q8300 Neuquén, Argentina",-38.9519553,-68.059815,https://www.google.com/maps/place/Mostaza/data=!4m7!3m6!1s0x960a33d0309d73f3:0x6cb5baf51d63837f!8m2!3d-38.9519553!4d-68.059815!16s%2Fg%2F11vb9wx8ly!19sChIJ83OdMNAzCpYRf4NjHfW6tWw?authuser=0&hl=en&rclk=1,ÁREA CENTRO ESTE,Otras Zonas,False
Gourmet en Casa,Fast food restaurant,"5,0",1,"Almte. Brown 345, Q8300 Neuquén, Argentina",-38.9513384,-68.061827,https://www.google.com/maps/place/Gourmet+en+Casa/data=!4m7!3m6!1s0x960a335bea0b9495:0x2dd7f4542d83a9f8!8m2!3d-38.9513384!4d-68.061827!16s%2Fg%2F11kd94klsf!19sChIJlZQL6lszCpYR-KmDLVT01y0?authuser=0&hl=en&rclk=1,ÁREA CENTRO ESTE,Otras Zonas,False
Blinky Burger,Hamburger restaurant,"4,0",204,"Bv. 25 de Mayo 10, Q8300 Neuquén, Argentina",-38.9519591,-68.0586237,https://www.google.com/maps/place/Blinky+Burger/data=!4m7!3m6!1s0x960a33eeb1f8a94f:0x1ff6285d4399483e!8m2!3d-38.9519591!4d-68.0586237!16s%2Fg%2F11pvhs6wf8!19sChIJT6n4se4zCpYRPkiZQ10o9h8?authuser=0&hl=en&rclk=1,ÁREA CENTRO ESTE,Otras Zonas,False
Le Petit Brunch,Brunch restaurant,"4,9",23,"Pehuen 128, Q8300 LFB, Neuquén, Argentina",-38.9538701,-68.0466953,https://www.google.com/maps/place/Le+Petit+Brunch/data=!4m7!3m6!1s0x960a3185ba2bbe4b:0xd67af60cd9debb1a!8m2!3d-38.9538701!4d-68.0466953!16s%2Fg%2F11yq2jg6f7!19sChIJS74ruoUxCpYRGrve2Qz2etY?authuser=0&hl=en&rclk=1,VILLA FARRELL,Otras Zonas,False
Ofelia Café & Resto,Restaurant,"4,5",1038,"Blvd. los Castaños 485, Q8300 Neuquén, Argentina",-38.9694922,-68.0661598,https://www.google.com/maps/place/Ofelia+Caf%C3%A9+%26+Resto/data=!4m7!3m6!1s0x960a33eec26f9bc3:0xab25c7144596d950!8m2!3d-38.9694922!4d-68.0661598!16s%2Fg%2F11vqt967kh!19sChIJw5tvwu4zCpYRUNmWRRTHJas?authuser=0&hl=en&rclk=1,VILLA MARÍA,Otras Zonas,False
The Tiny Coffee: Refugio,Espresso bar,"4,8",35,"Buenos Aires 312, Q8300 Neuquén, Argentina",-38.9517085,-68.0578048,https://www.google.com/maps/place/The+Tiny+Coffee:+Refugio/data=!4m7!3m6!1s0x960a33c3122c4913:0x2df150890615279e!8m2!3d-38.9517085!4d-68.0578048!16s%2Fg%2F11ww6d7s13!19sChIJE0ksEsMzCpYRnicVBolQ8S0?authuser=0&hl=en&rclk=1,ÁREA CENTRO ESTE,Otras Zonas,False
Magnolia Restaurante,Restaurant,"4,2",280,"Entre Ríos 507, Q8300 Neuquén, Argentina",-38.9495818,-68.0504935,https://www.google.com/maps/place/Magnolia+Restaurante/data=!4m7!3m6!1s0x960a333c6e01045d:0x622dceb1be772be0!8m2!3d-38.9495818!4d-68.0504935!16s%2Fg%2F11v19sfcgj!19sChIJXQQBbjwzCpYR4Ct3vrHOLWI?authuser=0&hl=en&rclk=1,ÁREA CENTRO ESTE,Otras Zonas,False
BLume Plantas & Cafe,Coffee shop,"4,6",107,"Julio Argentino Roca 191, Q8300 Neuquén, Argentina",-38.9516618,-68.0619561,https://www.google.com/maps/place/BLume+Plantas+%26+Cafe/data=!4m7!3m6!1s0x960a330ce7d4351d:0xff5518d501eb2922!8m2!3d-38.9516618!4d-68.0619561!16s%2Fg%2F11rtsxtgn7!19sChIJHTXU5wwzCpYRIinrAdUYVf8?authuser=0&hl=en&rclk=1,ÁREA CENTRO ESTE,Otras Zonas,False
Dorhmann Coffee Bike,Restaurant,"4,5",82,"Av. Dr. Ramón 748, Q8300 Neuquén, Argentina",-38.941705,-68.0688125,https://www.google.com/maps/place/Dorhmann+Coffee+Bike/data=!4m7!3m6!1s0x960a33afeb47fe77:0xab4933c44b828400!8m2!3d-38.941705!4d-68.0688125!16s%2Fg%2F11y545kgmr!19sChIJd_5H668zCpYRAISCS8QzSas?authuser=0&hl=en&rclk=1,ALTA BARDA,Norte / Residencial,False
Vive Restaurant,Restaurant,"4,2",238,"Avenida Argentina 1200, Q8300 Neuquén, Argentina",-38.9419284,-68.0597467,https://www.google.com/maps/place/Vive+Restaurant/data=!4m7!3m6!1s0x960a33e590c0dc17:0x6052f5c98d5a332f!8m2!3d-38.9419284!4d-68.0597467!16s%2Fg%2F11np2dz7wj!19sChIJF9zAkOUzCpYRLzNajcn1UmA?authuser=0&hl=en&rclk=1,ÁREA CENTRO ESTE,Otras Zonas,False
Frambuesa & chocolate,Cafe,"4,3",1004,"Caviahue 190, Q8300MDH Neuquén, Argentina",-38.9427905,-68.0563859,https://www.google.com/maps/place/Frambuesa+%26+chocolate/data=!4m7!3m6!1s0x960a33d322179bbd:0xfb3bc01de9de9da5!8m2!3d-38.9427905!4d-68.0563859!16s%2Fg%2F11j2cns53x!19sChIJvZsXItMzCpYRpZ3e6R3AO_s?authuser=0&hl=en&rclk=1,ÁREA CENTRO ESTE,Otras Zonas,False
Rubielos Café,Espresso bar,"4,6",24,"Av. Dr. Ramón 71 local 3, Q8300 Neuquén, Argentina",-38.9419546,-68.0601588,https://www.google.com/maps/place/Rubielos+Caf%C3%A9/data=!4m7!3m6!1s0x960a3317ce9b40a3:0xeef1efc7dad9128f!8m2!3d-38.9419546!4d-68.0601588!16s%2Fg%2F11yfgy3n1x!19sChIJo0CbzhczCpYRjxLZ2sfv8e4?authuser=0&hl=en&rclk=1,ÁREA CENTRO ESTE,Otras Zonas,False
Bvar,Restaurant,"4,1",2448,"Av. Dr. Ramón 439-499, Neuquén, Argentina",-38.9410715,-68.0655917,https://www.google.com/maps/place/Bvar/data=!4m7!3m6!1s0x960a33c21e700003:0x7a2ca778e644665f!8m2!3d-38.9410715!4d-68.0655917!16s%2Fg%2F11df05q8lp!19sChIJAwBwHsIzCpYRX2ZE5ninLHo?authuser=0&hl=en&rclk=1,ÁREA CENTRO ESTE,Otras Zonas,False
CAFE El Anden,Snack bar,"4,4",60,"San Luis 224, Q8300 Neuquén, Argentina",-38.9574293,-68.0605605,https://www.google.com/maps/place/CAFE+El+Anden/data=!4m7!3m6!1s0x960a33cd694bab3d:0xc1adc51dc1c7bf67!8m2!3d-38.9574293!4d-68.0605605!16s%2Fg%2F1hc4gr3f9!19sChIJPatLac0zCpYRZ7_HwR3FrcE?authuser=0&hl=en&rclk=1,ÁREA CENTRO SUR,Otras Zonas,False
Kava,Coffee shop,"4,5",497,"Juan Julián Lastra 2400, Q8300 Neuquén, Argentina",-38.9607235,-68.0913228,https://www.google.com/maps/place/Kava/data=!4m7!3m6!1s0x960a33007d0a841d:0xc08a7356855c16fb!8m2!3d-38.9607235!4d-68.0913228!16s%2Fg%2F11w8tpxtg2!19sChIJHYQKfQAzCpYR-xZchVZzisA?authuser=0&hl=en&rclk=1,MILITAR,Otras Zonas,False
Parada 57,Cafe,"4,3",977,"Bartolomé Mitre, Corrientes &, Q8300 Neuquén, Argentina",-38.9573074,-68.0578196,https://www.google.com/maps/place/Parada+57/data=!4m7!3m6!1s0x960a334c59b09cfb:0x519195c800a7dafc!8m2!3d-38.9573074!4d-68.0578196!16s%2Fg%2F11j120448n!19sChIJ-5ywWUwzCpYR_NqnAMiVkVE?authuser=0&hl=en&rclk=1,ÁREA CENTRO SUR,Otras Zonas,False
Medialunas Calentitas,Cafe,"4,1",2389,"Juan B. Justo 97, Q8300 DMA, Neuquén, Argentina",-38.9539077,-68.060638,https://www.google.com/maps/place/Medialunas+Calentitas/data=!4m7!3m6!1s0x960a33120b818179:0xf1aa858411a4446e!8m2!3d-38.9539077!4d-68.060638!16s%2Fg%2F11fhy28p10!19sChIJeYGBCxIzCpYRbkSkEYSFqvE?authuser=0&hl=en&rclk=1,ÁREA CENTRO ESTE,Otras Zonas,False
Lunch Café,Restaurant,"5,0",9,"Ruta Provincial Nº7 Km 5, Q8300 Neuquén, Argentina",-38.8901979,-68.1021181,https://www.google.com/maps/place/Lunch+Caf%C3%A9/data=!4m7!3m6!1s0x960a357eeb8972cf:0x9fa498f23c12d582!8m2!3d-38.8901979!4d-68.1021181!16s%2Fg%2F11l1kq_f8g!19sChIJz3KJ6341CpYRgtUSPPKYpJ8?authuser=0&hl=en&rclk=1,,Otras Zonas,False
Le Bon Pain,Cafe,"4,0",674,"Bartolomé Mitre 165, Q8300 Neuquén, Argentina",-38.9572557,-68.056697,https://www.google.com/maps/place/Le+Bon+Pain/data=!4m7!3m6!1s0x960a33d2df62106d:0xfbc5a88e3dc65f33!8m2!3d-38.9572557!4d-68.056697!16s%2Fg%2F11c1tfdh0j!19sChIJbRBi39IzCpYRM1_GPY6oxfs?authuser=0&hl=en&rclk=1,ÁREA CENTRO SUR,Otras Zonas,False
Barta,Coffee shop,"4,1",362,"Q8300OTE Neuquén AR, Ministro Amancio Alcorta 815, Q8300 OTE, Argentina",-38.9580136,-68.0706972,https://www.google.com/maps/place/Barta/data=!4m7!3m6!1s0x960a33e4a7b4f56d:0x92177a755d1557d9!8m2!3d-38.9580136!4d-68.0706972!16s%2Fg%2F11txpwyg4g!19sChIJbfW0p-QzCpYR2VcVXXV6F5I?authuser=0&hl=en&rclk=1,ÁREA CENTRO SUR,Otras Zonas,False
Parlo,Sandwich shop,"5,0",8,"Gral. Güemes 1153, Q8300 Neuquén, Argentina",-38.9609306,-68.0430699,https://www.google.com/maps/place/Parlo/data=!4m7!3m6!1s0x960a31a08f0a950d:0xbe1ed1410715a583!8m2!3d-38.9609306!4d-68.0430699!16s%2Fg%2F11mrxykq1w!19sChIJDZUKj6AxCpYRg6UVB0HRHr4?authuser=0&hl=en&rclk=1,BELGRANO,Otras Zonas,False
Dulcinea Cafe,Cafe,"4,1",1158,"Carlos H. Rodríguez 98, Q8302 Neuquén, Argentina",-38.9530528,-68.0605656,https://www.google.com/maps/place/Dulcinea+Cafe/data=!4m7!3m6!1s0x960a33ce17a8eddd:0x6b2715d1d7cf7a3b!8m2!3d-38.9530528!4d-68.0605656!16s%2Fg%2F11cr_yqd1f!19sChIJ3e2oF84zCpYRO3rP19EVJ2s?authuser=0&hl=en&rclk=1,ÁREA CENTRO ESTE,Otras Zonas,False
Buenos Aires. Café-Resto-Bar,Coffee shop,"3,5",55,"Alderete, Q8300 Neuquén, Argentina",-38.9508299,-68.0576752,https://www.google.com/maps/place/Buenos+Aires.+Caf%C3%A9-Resto-Bar/data=!4m7!3m6!1s0x960a33c512c513cb:0xc132714a30fd08d6!8m2!3d-38.9508299!4d-68.0576752!16s%2Fg%2F11stwhy3hj!19sChIJyxPFEsUzCpYR1gj9MEpxMsE?authuser=0&hl=en&rclk=1,ÁREA CENTRO ESTE,Otras Zonas,False
Natural Shanti,Coffee shop,"3,6",54,"Juan B. Justo 81, Q8300 Neuquén, Argentina",-38.9539187,-68.0604259,https://www.google.com/maps/place/Natural+Shanti/data=!4m7!3m6!1s0x960a3336b4344fdf:0x80fe426f5b6dfa27!8m2!3d-38.9539187!4d-68.0604259!16s%2Fg%2F11j_9ct2dd!19sChIJ3080tDYzCpYRJ_ptW29C_oA?authuser=0&hl=en&rclk=1,ÁREA CENTRO ESTE,Otras Zonas,False
Jimmy 1964,Brunch restaurant,"4,3",202,"Av. Coronel Olascoaga 269, Q8300AWC Neuquén, Argentina",-38.957934,-68.0596389,https://www.google.com/maps/place/Jimmy+1964/data=!4m7!3m6!1s0x960a33d2a6f4ef55:0xee3d909fee0ad82b!8m2!3d-38.957934!4d-68.0596389!16s%2Fg%2F1hc4s0c0l!19sChIJVe_0ptIzCpYRK9gK7p-QPe4?authuser=0&hl=en&rclk=1,ÁREA CENTRO SUR,Otras Zonas,False
Coffee Break,Espresso bar,"4,2",448,"Julio Argentino Roca 128, Q8300LWB Neuquén, Argentina",-38.9520412,-68.0611664,https://www.google.com/maps/place/Coffee+Break/data=!4m7!3m6!1s0x960a33ce4a0dad5d:0x6153ac29fe3552e3!8m2!3d-38.9520412!4d-68.0611664!16s%2Fg%2F11fxqwnrkb!19sChIJXa0NSs4zCpYR41I1_imsU2E?authuser=0&hl=en&rclk=1,ÁREA CENTRO ESTE,Otras Zonas,False
Cafe Resto Bar gallery garden,Cafe,"4,0",47,"Galería Jardín, Avenida Argentina 175 Local 12, Q8300 Neuquén, Argentina",-38.9533307,-68.0583692,https://www.google.com/maps/place/Cafe+Resto+Bar+gallery+garden/data=!4m7!3m6!1s0x960a33d1f0c5754f:0x10d5f6cec095363d!8m2!3d-38.9533307!4d-68.0583692!16s%2Fg%2F11b70bwgk1!19sChIJT3XF8NEzCpYRPTaVwM721RA?authuser=0&hl=en&rclk=1,ÁREA CENTRO ESTE,Otras Zonas,False
CAE Babylon,Restaurant,"4,4",370,"Santiago del Estero 16, Q8300 Neuquén, Argentina",-38.9548245,-68.0651131,https://www.google.com/maps/place/CAE+Babylon/data=!4m7!3m6!1s0x960a33da9cbf116f:0x75f1ae0f9a16b43f!8m2!3d-38.9548245!4d-68.0651131!16s%2Fg%2F11bw3dp430!19sChIJbxG_nNozCpYRP7QWmg-u8XU?authuser=0&hl=en&rclk=1,ÁREA CENTRO ESTE,Otras Zonas,False
Morena del rio,Cafe,"4,1",1765,"Río Negro 2059-2179, Neuquén, Argentina",-38.977761,-68.0566313,https://www.google.com/maps/place/Morena+del+rio/data=!4m7!3m6!1s0x960a32227c41483d:0xf7c86fe943ffe4aa!8m2!3d-38.977761!4d-68.0566313!16s%2Fg%2F11g03jygym!19sChIJPUhBfCIyCpYRquT_Q-lvyPc?authuser=0&hl=en&rclk=1,RÍO GRANDE,Otras Zonas,False
Desayunos del Neuquen,Restaurant,"4,0",2,"Ministro Amancio Alcorta 280, Q8300 Neuquén, Argentina",-38.9583217,-68.0632325,https://www.google.com/maps/place/Desayunos+del+Neuquen/data=!4m7!3m6!1s0x960a33ccdd5f6e45:0xcae13e19ec60f325!8m2!3d-38.9583217!4d-68.0632325!16s%2Fg%2F11bbrn9v97!19sChIJRW5f3cwzCpYRJfNg7Bk-4co?authuser=0&hl=en&rclk=1,ÁREA CENTRO SUR,Otras Zonas,False
Starbucks Coffee,Cafe,"4,3",2367,"Juan B. Justo 35, Q8300 Neuquén, Argentina",-38.9539313,-68.0599041,https://www.google.com/maps/place/Starbucks+Coffee/data=!4m7!3m6!1s0x960a33abbaef7393:0x78b548faa8b483f7!8m2!3d-38.9539313!4d-68.0599041!16s%2Fg%2F11gsn4f415!19sChIJk3PvuqszCpYR94O0qPpItXg?authuser=0&hl=en&rclk=1,ÁREA CENTRO ESTE,Otras Zonas,False
BARTA,Espresso bar,"4,4",16,"Av. Coronel Olascoaga 215, Q8300 Neuquén, Argentina",-38.9574133,-68.0596823,https://www.google.com/maps/place/BARTA/data=!4m7!3m6!1s0x960a33a78a2cb58d:0xed010956e28f7f45!8m2!3d-38.9574133!4d-68.0596823!16s%2Fg%2F11xn631tkh!19sChIJjbUsiqczCpYRRX-P4lYJAe0?authuser=0&hl=en&rclk=1,ÁREA CENTRO SUR,Otras Zonas,False
Aripo Oeste,Venezuelan restaurant,"4,6",58,"San Martín 4569, Q8300 Neuquén, Argentina",-38.9545291,-68.1226682,https://www.google.com/maps/place/Aripo+Oeste/data=!4m7!3m6!1s0x960a332e742e0821:0x9571cd33934240c7!8m2!3d-38.9545291!4d-68.1226682!16s%2Fg%2F11tn_ff96q!19sChIJIQgudC4zCpYRx0BCkzPNcZU?authuser=0&hl=en&rclk=1,CANAL V,Otras Zonas,False
Los Naranjos - Desayunos Especiales A Domicilio,Restaurant,"4,0",7,"Minas 1332, Q8302 Neuquén, Argentina",-38.9709406,-68.040578,https://www.google.com/maps/place/Los+Naranjos+-+Desayunos+Especiales+A+Domicilio/data=!4m7!3m6!1s0x960a318c6ccc8e67:0x1eeb96013fa28cc2!8m2!3d-38.9709406!4d-68.040578!16s%2Fg%2F1v5k46ps!19sChIJZ47MbIwxCpYRwoyiPwGW6x4?authuser=0&hl=en&rclk=1,BELGRANO,Otras Zonas,False
Piso 3 Café,Coffee shop,"2,4",66,"Antártida Argentina 1111, Q8300 Neuquén, Argentina",-38.946539,-68.0741952,https://www.google.com/maps/place/Piso+3+Caf%C3%A9/data=!4m7!3m6!1s0x960a33f4a51d0d2f:0x2186fb4aa09fbce2!8m2!3d-38.946539!4d-68.0741952!16s%2Fg%2F11t7ctskpg!19sChIJLw0dpfQzCpYR4ryfoEr7hiE?authuser=0&hl=en&rclk=1,ÁREA CENTRO OESTE,Otras Zonas,False
Aerop Neuquen,Restaurant,"4,4",31,"Goya, Q8300 Neuquén, Argentina",-38.9575414,-68.1401814,https://www.google.com/maps/place/Aerop+Neuquen/data=!4m7!3m6!1s0x960a3340284390ab:0x5e6b51a5e0bc3925!8m2!3d-38.9575414!4d-68.1401814!16s%2Fg%2F11gtxdst34!19sChIJq5BDKEAzCpYRJTm84KVRa14?authuser=0&hl=en&rclk=1,VALENTINA NORTE URBANO,Otras Zonas,False
Café Lina,Espresso bar,"4,0",59,"Paseo de la Costa, Q8300 Neuquén, Argentina",-38.9776333,-68.0499314,https://www.google.com/maps/place/Caf%C3%A9+Lina/data=!4m7!3m6!1s0x960a33000bbd81e7:0xe36281f2b8db0de1!8m2!3d-38.9776333!4d-68.0499314!16s%2Fg%2F11xv12p2qw!19sChIJ54G9CwAzCpYR4Q3buPKBYuM?authuser=0&hl=en&rclk=1,RÍO GRANDE,Otras Zonas,False
AMBROSÍA RotiBar,Takeout Restaurant,"4,6",90,"Antártida Argentina 3160, Q8300 Neuquén, Argentina",-38.9472818,-68.1031054,https://www.google.com/maps/place/AMBROS%C3%8DA+RotiBar/data=!4m7!3m6!1s0x960a33dee4794ef1:0x4a99348fa241da1a!8m2!3d-38.9472818!4d-68.1031054!16s%2Fg%2F11nck3cx_8!19sChIJ8U555N4zCpYRGtpBoo80mUo?authuser=0&hl=en&rclk=1,HUILICHES,Otras Zonas,False
The Kitchen St. Food & Drinks,Restaurant,"3,7",23,"Tucumán 535, Q8300 Neuquén, Argentina",-38.9493465,-68.0518031,https://www.google.com/maps/place/The+Kitchen+St.+Food+%26+Drinks/data=!4m7!3m6!1s0x960a33bb4ca8cdbd:0xc961a885fa52d58c!8m2!3d-38.9493465!4d-68.0518031!16s%2Fg%2F11kr744340!19sChIJvc2oTLszCpYRjNVS-oWoYck?authuser=0&hl=en&rclk=1,ÁREA CENTRO ESTE,Otras Zonas,False
Menta Y Limón,Cafe,"4,2",5,"Independencia 766, Q8300 Neuquén, Argentina",-38.9549742,-68.0482827,https://www.google.com/maps/place/Menta+Y+Lim%C3%B3n/data=!4m7!3m6!1s0x960a33334ea4d5c7:0xbb657dc561a7d421!8m2!3d-38.9549742!4d-68.0482827!16s%2Fg%2F11ffl_q55h!19sChIJx9WkTjMzCpYRIdSnYcV9Zbs?authuser=0&hl=en&rclk=1,ÁREA CENTRO ESTE,Otras Zonas,False
Museum Cafeteria,Restaurant,"3,9",72,"Sta. Cruz, Q8302 Neuquén, Argentina",-38.9565269,-68.0533116,https://www.google.com/maps/place/Museum+Cafeteria/data=!4m7!3m6!1s0x960a33d49edeaf95:0x60fc5132bf47b16f!8m2!3d-38.9565269!4d-68.0533116!16s%2Fg%2F11g7nry95y!19sChIJla_entQzCpYRb7FHvzJR_GA?authuser=0&hl=en&rclk=1,ÁREA CENTRO SUR,Otras Zonas,False
Santorini Coffee Store,Espresso bar,"4,3",69,"Presidente Arturo H. Illia 223, Q8300 Neuquén, Argentina",-38.9528795,-68.0449924,https://www.google.com/maps/place/Santorini+Coffee+Store/data=!4m7!3m6!1s0x960a319939ed1a8b:0x3b4354dbc486ef6a!8m2!3d-38.9528795!4d-68.0449924!16s%2Fg%2F11xmcj91pp!19sChIJixrtOZkxCpYRau-GxNtUQzs?authuser=0&hl=en&rclk=1,VILLA FARRELL,Otras Zonas,False
El Lomo Lomo,Restaurant,"4,2",550,"Dr. Teodoro Luis Planas 725, Q8302 Neuquén, Argentina",-38.9590789,-68.0694748,https://www.google.com/maps/place/El+Lomo+Lomo/data=!4m7!3m6!1s0x960a33cae89a1411:0x6e221893638183b5!8m2!3d-38.9590789!4d-68.0694748!16s%2Fg%2F1hc7bf1y9!19sChIJERSa6MozCpYRtYOBY5MYIm4?authuser=0&hl=en&rclk=1,ÁREA CENTRO SUR,Otras Zonas,False
CASA BISCAY Café & Bodegón,Restaurant,"4,5",1034,"Av. Mengelle 495, R8324 Cipolletti, Río Negro, Argentina",-38.9351781,-68.0005401,https://www.google.com/maps/place/CASA+BISCAY+Caf%C3%A9+%26+Bodeg%C3%B3n/data=!4m7!3m6!1s0x960a313807cd3231:0xe4323e0d3ad1f678!8m2!3d-38.9351781!4d-68.0005401!16s%2Fg%2F11j8h7ls41!19sChIJMTLNBzgxCpYRePbROg0-MuQ?authuser=0&hl=en&rclk=1,,Otras Zonas,False
Coto Expreso,Restaurant,"3,9",506,"Av. Dr. Ramón 299-399, Neuquén, Argentina",-38.9417158,-68.0634301,https://www.google.com/maps/place/Coto+Expreso/data=!4m7!3m6!1s0x960a33c24de911f1:0x17c745ccef26436f!8m2!3d-38.9417158!4d-68.0634301!16s%2Fg%2F11c7sy8ttj!19sChIJ8RHpTcIzCpYRb0Mm78xFxxc?authuser=0&hl=en&rclk=1,ÁREA CENTRO ESTE,Otras Zonas,False
Umami Desayunos,Restaurant,"3,3",3,"Lucero 4534, Q8302 Neuquén, Argentina",-38.9511295,-68.1218908,https://www.google.com/maps/place/Umami+Desayunos/data=!4m7!3m6!1s0x960a33407ec66aa9:0x9a3e7e91cfbbc405!8m2!3d-38.9511295!4d-68.1218908!16s%2Fg%2F11lgy3jrh5!19sChIJqWrGfkAzCpYRBcS7z5F-Ppo?authuser=0&hl=en&rclk=1,CANAL V,Otras Zonas,False
Casaven,Venezuelan restaurant,"3,8",29,"Juan Julián Lastra 2400, Q8300 Neuquén, Argentina",-38.9610134,-68.0933734,https://www.google.com/maps/place/Casaven/data=!4m7!3m6!1s0x960a33c6b38245d5:0xe5b83322eee3a02f!8m2!3d-38.9610134!4d-68.0933734!16s%2Fg%2F11kb8jc766!19sChIJ1UWCs8YzCpYRL6Dj7iIzuOU?authuser=0&hl=en&rclk=1,MILITAR,Otras Zonas,False
Patagonia Gourmet SAS. Catering,Caterer,"3,9",57,"Avenida Argentina 347, Q8300 Neuquén, Argentina",-38.9515287,-68.0587695,https://www.google.com/maps/place/Patagonia+Gourmet+SAS.+Catering/data=!4m7!3m6!1s0x960a3247a334f099:0x60921dadf856fa2d!8m2!3d-38.9515287!4d-68.0587695!16s%2Fg%2F1tm89mwd!19sChIJmfA0o0cyCpYRLfpW-K0dkmA?authuser=0&hl=en&rclk=1,ÁREA CENTRO ESTE,Otras Zonas,False
Shekinah,Coffee shop,"3,3",12,"Juan B. Justo 628, Q8300 Neuquén, Argentina",-38.9541532,-68.0682215,https://www.google.com/maps/place/Shekinah/data=!4m7!3m6!1s0x960a33575a281503:0xc632d9857a5bf4e3!8m2!3d-38.9541532!4d-68.0682215!16s%2Fg%2F11t4d0d11f!19sChIJAxUoWlczCpYR4_RbeoXZMsY?authuser=0&hl=en&rclk=1,ÁREA CENTRO OESTE,Otras Zonas,False
Casa Justina,Coffee shop,"4,6",729,"Villegas 186 R8324, R8300 Cipolletti, Río Negro, Argentina",-38.9390221,-67.9978499,https://www.google.com/maps/place/Casa+Justina/data=!4m7!3m6!1s0x960a3120d1738f85:0x54e0ff69a5b40c87!8m2!3d-38.9390221!4d-67.9978499!16s%2Fg%2F11t0njlkp9!19sChIJhY9z0SAxCpYRhwy0pWn_4FQ?authuser=0&hl=en&rclk=1,,Otras Zonas,False
Restaurante Y Catering Las Brujas,Restaurant,"4,5",2,"30 de Octubre S/n, Rinc n de Los Sauces, Neuquen, Argentina",-38.9524444,-68.0641389,https://www.google.com/maps/place/Restaurante+Y+Catering+Las+Brujas/data=!4m7!3m6!1s0x960a33cee0804927:0xcaf6d0f91920c567!8m2!3d-38.9524444!4d-68.0641389!16s%2Fg%2F11bbrp2v0m!19sChIJJ0mA4M4zCpYRZ8UgGfnQ9so?authuser=0&hl=en&rclk=1,ÁREA CENTRO ESTE,Otras Zonas,False
QUIERO WAFFLES,Coffee shop,"4,5",315,"9 de Julio 43, R8324 Cipolletti, Río Negro, Argentina",-38.9362593,-68.0003596,https://www.google.com/maps/place/QUIERO+WAFFLES/data=!4m7!3m6!1s0x960a30fc8ef65977:0x310f0088ac778c21!8m2!3d-38.9362593!4d-68.0003596!16s%2Fg%2F11dxnls1zw!19sChIJd1n2jvwwCpYRIYx3rIgADzE?authuser=0&hl=en&rclk=1,,Otras Zonas,False
Qué comemos hoy?,Brunch restaurant,"3,4",9,"1 de Mayo, Huilen &, Q8302 Neuquén, Argentina",-38.9385026,-68.1095313,https://www.google.com/maps/place/Qu%C3%A9+comemos+hoy%3F/data=!4m7!3m6!1s0x960a3300305fb2b9:0xe70bc6e762f1e57!8m2!3d-38.9385026!4d-68.1095313!16s%2Fg%2F11x2zh0yxb!19sChIJubJfMAAzCpYRVx4vdm68cA4?authuser=0&hl=en&rclk=1,MELIPAL,Oeste / Residencial,False
Comedor Alberdi,Family restaurant,"4,5",2,"Juan Bautista Alberdi 176, Q8300HLD Q8300HLD, Neuquén, Argentina",-38.9527773,-68.0565665,https://www.google.com/maps/place/Comedor+Alberdi/data=!4m7!3m6!1s0x960a33001e233113:0xa6d47d85590301bd!8m2!3d-38.9527773!4d-68.0565665!16s%2Fg%2F11y49qg0t9!19sChIJEzEjHgAzCpYRvQEDWYV91KY?authuser=0&hl=en&rclk=1,ÁREA CENTRO ESTE,Otras Zonas,False
Lo De Cacho,Restaurant,"3,9",47,"Cacique Calvuqueo 1759, Q8300BAX Neuquén, Argentina",-38.9618892,-68.0347994,https://www.google.com/maps/place/Lo+De+Cacho/data=!4m7!3m6!1s0x960a319a408959db:0x9ffd3ec4c6056d1d!8m2!3d-38.9618892!4d-68.0347994!16s%2Fg%2F11c1wx0586!19sChIJ21mJQJoxCpYRHW0FxsQ-_Z8?authuser=0&hl=en&rclk=1,CONFLUENCIA URBANO,Otras Zonas,False
Cervecería KUMPEL,Brewpub,"4,8",103,"Doctor Leandro N. Alem 286, Q8300 Neuquén, Argentina",-38.9521336,-68.0397205,https://www.google.com/maps/place/Cervecer%C3%ADa+KUMPEL/data=!4m7!3m6!1s0x960a31d9cf0c0c47:0xcd1d49b8adbdd210!8m2!3d-38.9521336!4d-68.0397205!16s%2Fg%2F11gzqvq2xy!19sChIJRwwMz9kxCpYRENK9rbhJHc0?authuser=0&hl=en&rclk=1,VILLA FARRELL,Otras Zonas,False
Alta Beer Cervecería de barrio,Brewpub,"4,8",153,"Alta Barda, Miguel de Cervantes Saavedra 1810, Q8300 Neuquén, Argentina",-38.9349425,-68.0712572,https://www.google.com/maps/place/Alta+Beer+Cervecer%C3%ADa+de+barrio/data=!4m7!3m6!1s0x960a33ce365cde8d:0x8c326ee510680c4e!8m2!3d-38.9349425!4d-68.0712572!16s%2Fg%2F11fj5s204y!19sChIJjd5cNs4zCpYRTgxoEOVuMow?authuser=0&hl=en&rclk=1,ALTA BARDA,Norte / Residencial,False
Crafter,Brewpub,"4,4",323,"Neuquén, Argentina",-38.9780057,-68.0540279,https://www.google.com/maps/place/Crafter/data=!4m7!3m6!1s0x960a33d81ad14889:0xd98288613f5b3ddc!8m2!3d-38.9780057!4d-68.0540279!16s%2Fg%2F11j1m8wgxl!19sChIJiUjRGtgzCpYR3D1bP2GIgtk?authuser=0&hl=en&rclk=1,RÍO GRANDE,Otras Zonas,False
Cerveza Bosque,Bar,"4,7",7,"Aimogasta 1046-1098, Q8302 Neuquén, Argentina",-38.9725423,-68.0739962,https://www.google.com/maps/place/Cerveza+Bosque/data=!4m7!3m6!1s0x960a3247cf2c0b25:0x1f92d681fd157d49!8m2!3d-38.9725423!4d-68.0739962!16s%2Fg%2F11d_7y_r4t!19sChIJJQssz0cyCpYRSX0V_YHWkh8?authuser=0&hl=en&rclk=1,DON BOSCO III,Otras Zonas,False
GRILL POINT by Deck,Bar & grill,"5,0",2,"Av. Coronel Olascoaga 2180, Q8300 Neuquén, Argentina",-38.97819,-68.0598377,https://www.google.com/maps/place/GRILL+POINT+by+Deck/data=!4m7!3m6!1s0x960a3372cc998f07:0x17e4878898fecb9c!8m2!3d-38.97819!4d-68.0598377!16s%2Fg%2F11sqj7kxvx!19sChIJB4-ZzHIzCpYRnMv-mIiH5Bc?authuser=0&hl=en&rclk=1,RÍO GRANDE,Otras Zonas,False
Kombi Bar Neuquén,Bar & grill,"1,7",24,"Paseo de la Costa, Q8300 Neuquén, Argentina",-38.9781163,-68.0537278,https://www.google.com/maps/place/Kombi+Bar+Neuqu%C3%A9n/data=!4m7!3m6!1s0x960a338a53901f41:0xed2481ea9227cc5a!8m2!3d-38.9781163!4d-68.0537278!16s%2Fg%2F11rpp5fh8w!19sChIJQR-QU4ozCpYRWswnkuqBJO0?authuser=0&hl=en&rclk=1,RÍO GRANDE,Otras Zonas,False
Kilka rest&bar,Restaurant,"4,2",28,"Collon Cura 793, Q8300 Neuquén, Argentina",-38.9463099,-68.100602,https://www.google.com/maps/place/Kilka+rest%26bar/data=!4m7!3m6!1s0x960a336191c5b2e3:0xf9a5c6ea3f5dba48!8m2!3d-38.9463099!4d-68.100602!16s%2Fg%2F11tdy8yd5l!19sChIJ47LFkWEzCpYRSLpdP-rGpfk?authuser=0&hl=en&rclk=1,EL PROGRESO,Otras Zonas,False
Armando Medialunas - Armando Café,Bakery,"4,8",112,"Int. Pedro Linares 480, Q8300 Neuquén, Argentina",-38.9605946,-68.0449044,https://www.google.com/maps/place/Armando+Medialunas+-+Armando+Caf%C3%A9/data=!4m7!3m6!1s0x960a31441dccfe0f:0x4cec2050d9b7a0a0!8m2!3d-38.9605946!4d-68.0449044!16s%2Fg%2F11xlg893qz!19sChIJD_7MHUQxCpYRoKC32VAg7Ew?authuser=0&hl=en&rclk=1,BELGRANO,Otras Zonas,False
Armando Medialunas,Bakery,"4,5",180,"Antártida Argentina 2193, Q8300 Neuquén, Argentina",-38.9471664,-68.0895738,https://www.google.com/maps/place/Armando+Medialunas/data=!4m7!3m6!1s0x960a332eda4c691b:0x97e3c5a7842fffe9!8m2!3d-38.9471664!4d-68.0895738!16s%2Fg%2F11kq51nrt8!19sChIJG2lM2i4zCpYR6f8vhKfF45c?authuser=0&hl=en&rclk=1,ISLAS MALVINAS,Oeste / Alta Densidad,False
PANIPUNTO MASA MADRE,Bakery,"4,7",112,"Buenos Aires 326, Q8300 Neuquén, Argentina",-38.9515697,-68.0577687,https://www.google.com/maps/place/PANIPUNTO+MASA+MADRE/data=!4m7!3m6!1s0x960a330c82a6bcb5:0x560de687ba425f4d!8m2!3d-38.9515697!4d-68.0577687!16s%2Fg%2F11s5pgkbh4!19sChIJtbymggwzCpYRTV9CuofmDVY?authuser=0&hl=en&rclk=1,ÁREA CENTRO ESTE,Otras Zonas,False
Las Delicias de Salta,Bakery,"4,4",115,"Tte. Gral. Pablo Ricchieri 1680, Q8300 Neuquén, Argentina",-38.962836,-68.0358675,https://www.google.com/maps/place/Las+Delicias+de+Salta/data=!4m7!3m6!1s0x960a333a1856c73f:0x9e500c09b26380b6!8m2!3d-38.962836!4d-68.0358675!16s%2Fg%2F11q26h397p!19sChIJP8dWGDozCpYRtoBjsgkMUJ4?authuser=0&hl=en&rclk=1,CONFLUENCIA URBANO,Otras Zonas,False
El Rincon de la Medialuna,Bakery,"5,0",1,"Centenario, Q8309 Neuquén, Argentina",-38.8290611,-68.1210217,https://www.google.com/maps/place/El+Rincon+de+la+Medialuna/data=!4m7!3m6!1s0x960a4b007c5dfe41:0x28c609186bb2d66a!8m2!3d-38.8290611!4d-68.1210217!16s%2Fg%2F11ykzc695q!19sChIJQf5dfABLCpYRatayaxgJxig?authuser=0&hl=en&rclk=1,,Otras Zonas,False
Panadería Río,Bakery,"4,5",122,"Rio Senguer 1387, Q8300 Neuquén, Argentina",-38.9790793,-68.0787561,https://www.google.com/maps/place/Panader%C3%ADa+R%C3%ADo/data=!4m7!3m6!1s0x960a33e726331b21:0x4ccf4be18ff7d496!8m2!3d-38.9790793!4d-68.0787561!16s%2Fg%2F11hf6ldb93!19sChIJIRszJuczCpYRltT3j-FLz0w?authuser=0&hl=en&rclk=1,ALTOS DEL LIMAY,Otras Zonas,False
Panadería Deleite,Bakery,"4,6",97,"Lanín 1926, Q8304FDG Q8304FDG, Neuquén, Argentina",-38.9644712,-68.086228,https://www.google.com/maps/place/Panader%C3%ADa+Deleite/data=!4m7!3m6!1s0x960a339c7a5c7b43:0xac4f2f715b75208!8m2!3d-38.9644712!4d-68.086228!16s%2Fg%2F11p9nlfl15!19sChIJQ3tcepwzCpYRCFK3FffyxAo?authuser=0&hl=en&rclk=1,LA SIRENA,Otras Zonas,False
La Rosario,Bakery,"4,4",209,"San Martín 4850, Q8300 Neuquén, Argentina",-38.9548002,-68.1264588,https://www.google.com/maps/place/La+Rosario/data=!4m7!3m6!1s0x960a339d9980d64b:0x7fa33ef735579720!8m2!3d-38.9548002!4d-68.1264588!16s%2Fg%2F11nmj5mvwq!19sChIJS9aAmZ0zCpYRIJdXNfc-o38?authuser=0&hl=en&rclk=1,CANAL V,Otras Zonas,False
La Lucila Catering & Panadería,Bakery,"4,4",164,"Julio Argentino Roca 2182, Q8300 MSB, Neuquén, Argentina",-38.9517465,-68.089533,https://www.google.com/maps/place/La+Lucila+Catering+%26+Panader%C3%ADa/data=!4m7!3m6!1s0x960a33a682b0230d:0x386f47b5fd5cf43a!8m2!3d-38.9517465!4d-68.089533!16s%2Fg%2F11c57sct_x!19sChIJDSOwgqYzCpYROvRc_bVHbzg?authuser=0&hl=en&rclk=1,CUMELÉN,Otras Zonas,False
Panaderia Blasco,Bakery,"4,6",274,"Choele Choel 1168-1090, Q8302AKW Q8302AKW, Neuquén, Argentina",-38.9663903,-68.1199691,https://www.google.com/maps/place/Panaderia+Blasco/data=!4m7!3m6!1s0x960a333b4934350b:0xbf0730c2e667801f!8m2!3d-38.9663903!4d-68.1199691!16s%2Fg%2F1tj5ry9s!19sChIJCzU0STszCpYRH4Bn5sIwB78?authuser=0&hl=en&rclk=1,VALENTINA SUR URBANO,Otras Zonas,False
Strudell,Bakery,"4,9",25,"Nehuen 4069, Q8302 Neuquén, Argentina",-38.9361589,-68.115336,https://www.google.com/maps/place/Strudell/data=!4m7!3m6!1s0x960a333c783133b3:0xe1adc5d27188fac5!8m2!3d-38.9361589!4d-68.115336!16s%2Fg%2F11rmr6wqys!19sChIJszMxeDwzCpYRxfqIcdLFreE?authuser=0&hl=en&rclk=1,MELIPAL,Oeste / Residencial,False
Panaderia La Ideal,Bakery,"4,5",156,"Q8302DSN, Cnel. Godoy E. 365, Q8302DSN Neuquén, Argentina",-38.9508455,-68.1172799,https://www.google.com/maps/place/Panaderia+La+Ideal/data=!4m7!3m6!1s0x960a3315313b224b:0x266e2698de6e40c0!8m2!3d-38.9508455!4d-68.1172799!16s%2Fg%2F11c1ll8zn7!19sChIJSyI7MRUzCpYRwEBu3pgmbiY?authuser=0&hl=en&rclk=1,CANAL V,Otras Zonas,False
Maruanas Resto Bar,Restaurant,"4,8",231,"Caracas 50, Q8300 Neuquén, Argentina",-38.9572386,-68.1592109,https://www.google.com/maps/place/Maruanas+Resto+Bar/data=!4m7!3m6!1s0x960bcd4dc734ec69:0xfdc4997c75685758!8m2!3d-38.9572386!4d-68.1592109!16s%2Fg%2F11lw4btv9f!19sChIJaew0x03NC5YRWFdodXyZxP0?authuser=0&hl=en&rclk=1,VALENTINA NORTE URBANO,Otras Zonas,False
Distrito Oeste FoodTrucks,Restaurant,"4,5",46,"San Martín 4940, Q8300 Neuquén, Argentina",-38.9547207,-68.1275014,https://www.google.com/maps/place/Distrito+Oeste+FoodTrucks/data=!4m7!3m6!1s0x960a33cce60e373b:0xb21b64b2d2d3080c!8m2!3d-38.9547207!4d-68.1275014!16s%2Fg%2F11kskr1_l2!19sChIJOzcO5swzCpYRDAjT0rJkG7I?authuser=0&hl=en&rclk=1,CANAL V,Otras Zonas,False
LatinFood,Hamburger restaurant,"4,6",190,"Don Bosco 275, Q8300 Neuquén, Argentina",-38.9578802,-68.0652048,https://www.google.com/maps/place/LatinFood/data=!4m7!3m6!1s0x960a3302ec9b40d5:0xb2f07a4a18c4ec8f!8m2!3d-38.9578802!4d-68.0652048!16s%2Fg%2F11sgr261k_!19sChIJ1UCb7AIzCpYRj-zEGEp68LI?authuser=0&hl=en&rclk=1,ÁREA CENTRO SUR,Otras Zonas,False
La Casa de la Hamburguesa Oeste,Hamburger restaurant,"4,3",223,"Gral. Manuel Belgrano 4127, Q8300 Neuquén, Argentina",-38.9502558,-68.1165798,https://www.google.com/maps/place/La+Casa+de+la+Hamburguesa+Oeste/data=!4m7!3m6!1s0x960a33c96a2a683d:0xfc30183054c9da19!8m2!3d-38.9502558!4d-68.1165798!16s%2Fg%2F11qbd_qpkd!19sChIJPWgqaskzCpYRGdrJVDAYMPw?authuser=0&hl=en&rclk=1,SAN LORENZO SUR,Oeste Profundo,False
Nao Sushi & Ceviches,Restaurant,"4,7",79,"San Martín 644, Q8300 Neuquén, Argentina",-38.9551542,-68.068241,https://www.google.com/maps/place/Nao+Sushi+%26+Ceviches/data=!4m7!3m6!1s0x960a33fd13806a25:0x6c9c19e5143f91ff!8m2!3d-38.9551542!4d-68.068241!16s%2Fg%2F11frpszpdh!19sChIJJWqAE_0zCpYR_5E_FOUZnGw?authuser=0&hl=en&rclk=1,ÁREA CENTRO OESTE,Otras Zonas,False
Restaurante Apart Illia 121,Restaurant,"4,3",28,"Presidente Arturo H. Illia 121, Q8300 Neuquén, Argentina",-38.9538989,-68.0448398,https://www.google.com/maps/place/Restaurante+Apart+Illia+121/data=!4m7!3m6!1s0x960a3179be32c551:0xd21dc118e21add76!8m2!3d-38.9538989!4d-68.0448398!16s%2Fg%2F11sssnvn93!19sChIJUcUyvnkxCpYRdt0a4hjBHdI?authuser=0&hl=en&rclk=1,VILLA FARRELL,Otras Zonas,False
Pranzo Empanadas - Neuquén - Local Belgrano 1204,Restaurant,"4,4",427,"Gral. Manuel Belgrano 1204, Q8300 Neuquén, Argentina",-38.9507691,-68.0761065,https://www.google.com/maps/place/Pranzo+Empanadas+-+Neuqu%C3%A9n+-+Local+Belgrano+1204/data=!4m7!3m6!1s0x960a337e2d0df529:0xe0c8087a4c486f6a!8m2!3d-38.9507691!4d-68.0761065!16s%2Fg%2F11gw2nmcb4!19sChIJKfUNLX4zCpYRam9ITHoIyOA?authuser=0&hl=en&rclk=1,ÁREA CENTRO OESTE,Otras Zonas,False
Sushi Bike Neuquen,Sushi takeaway,"4,7",19,"Sta. Fe 29, Q8300 Neuquén, Argentina",-38.9547745,-68.0560481,https://www.google.com/maps/place/Sushi+Bike+Neuquen/data=!4m7!3m6!1s0x960a33399520c21b:0x38420f86e4885071!8m2!3d-38.9547745!4d-68.0560481!16s%2Fg%2F11x22hsjyw!19sChIJG8IglTkzCpYRcVCI5IYPQjg?authuser=0&hl=en&rclk=1,ÁREA CENTRO ESTE,Otras Zonas,False
Mon´s Café,Dog cafe,"4,5",317,"Gral. Conrado Villegas 167, Q8300 Neuquén, Argentina",-38.953306,-68.047751,https://www.google.com/maps/place/Mon%C2%B4s+Caf%C3%A9/data=!4m7!3m6!1s0x960a33250edcaf55:0x31ed7a3fd382f733!8m2!3d-38.953306!4d-68.047751!16s%2Fg%2F11px951k01!19sChIJVa_cDiUzCpYRM_eC0z967TE?authuser=0&hl=en&rclk=1,VILLA FARRELL,Otras Zonas,False
KAFFA “café de especialidad”,Coffee shop,"4,5",12,"Hipólito Yrigoyen 314, Q8300 Neuquén, Argentina",-38.9515728,-68.0610223,https://www.google.com/maps/place/KAFFA+%E2%80%9Ccaf%C3%A9+de+especialidad%E2%80%9D/data=!4m7!3m6!1s0x960a330060cc72f9:0xf4aa60ff94b2ebc1!8m2!3d-38.9515728!4d-68.0610223!16s%2Fg%2F11mkxm_8y5!19sChIJ-XLMYAAzCpYRweuylP9gqvQ?authuser=0&hl=en&rclk=1,ÁREA CENTRO ESTE,Otras Zonas,False
Lecton,Coffee shop,"4,5",39,"Córdoba, Mtro. Joaquín González &, Q8302 Neuquén, Argentina",-38.9518998,-68.0548228,https://www.google.com/maps/place/Lecton/data=!4m7!3m6!1s0x960a330011bc9a69:0xae129d56c07faa98!8m2!3d-38.9518998!4d-68.0548228!16s%2Fg%2F11mcx663tj!19sChIJaZq8EQAzCpYRmKp_wFadEq4?authuser=0&hl=en&rclk=1,ÁREA CENTRO ESTE,Otras Zonas,False
Rio Juegos + Café,Cafeteria,"4,2",429,"Independencia 638, Q8302 Neuquén, Argentina",-38.9549115,-68.0501543,https://www.google.com/maps/place/Rio+Juegos+%2B+Caf%C3%A9/data=!4m7!3m6!1s0x960a33192492f059:0x331ea667299c7588!8m2!3d-38.9549115!4d-68.0501543!16s%2Fg%2F11j0wn7067!19sChIJWfCSJBkzCpYRiHWcKWemHjM?authuser=0&hl=en&rclk=1,ÁREA CENTRO ESTE,Otras Zonas,False
Astro café,Espresso bar,"4,5",11,"Julio Argentino Roca 139, Q8300 Neuquén, Argentina",-38.9516934,-68.0616926,https://www.google.com/maps/place/Astro+caf%C3%A9/data=!4m7!3m6!1s0x960a3385fedf6bdf:0xe3686d4b2f62235b!8m2!3d-38.9516934!4d-68.0616926!16s%2Fg%2F11mrxtsxgk!19sChIJ32vf_oUzCpYRWyNiL0ttaOM?authuser=0&hl=en&rclk=1,ÁREA CENTRO ESTE,Otras Zonas,False
Havanna,Coffee shop,"3,8",2915,"Av. Coronel Olascoaga 301, Q8302 Neuquén, Argentina",-38.9583051,-68.059555,https://www.google.com/maps/place/Havanna/data=!4m7!3m6!1s0x960a33cd56e63ae9:0x5fb15e08192e3f1c!8m2!3d-38.9583051!4d-68.059555!16s%2Fg%2F11hcz_4gbl!19sChIJ6TrmVs0zCpYRHD8uGQhesV8?authuser=0&hl=en&rclk=1,ÁREA CENTRO SUR,Otras Zonas,False
Green House NQN. Vivero y casa de te,Plant nursery,"4,4",287,"Cap, B° Rincón de, Las Magnolias, 8300 Neuquén, Argentina",-38.9598945,-68.138228,https://www.google.com/maps/place/Green+House+NQN.+Vivero+y+casa+de+te/data=!4m7!3m6!1s0x960a33bcb70d91bd:0xead775b3d5f0fc18!8m2!3d-38.9598945!4d-68.138228!16s%2Fg%2F11qgzb954d!19sChIJvZENt7wzCpYRGPzw1bN11-o?authuser=0&hl=en&rclk=1,VALENTINA SUR RURAL,Rural / Casas de Té,True
Tienda De Café,Cafe,"2,5",151,"Confitería, Q8300 Neuquén, Argentina",-38.9520015,-68.1401948,https://www.google.com/maps/place/Tienda+De+Caf%C3%A9/data=!4m7!3m6!1s0x960a334baaae7147:0xec140cbaaf82c8fe!8m2!3d-38.9520015!4d-68.1401948!16s%2Fg%2F1hc771z1g!19sChIJR3GuqkszCpYR_siCr7oMFOw?authuser=0&hl=en&rclk=1,VALENTINA NORTE URBANO,Otras Zonas,False
Monaco Cafe Y Bistró,Restaurant,"4,3",43,"Av. Coronel Olascoaga 1471, Q8302 Neuquén, Argentina",-38.9714763,-68.0601697,https://www.google.com/maps/place/Monaco+Cafe+Y+Bistr%C3%B3/data=!4m7!3m6!1s0x960a32252cff3075:0x3e627b89b3465de3!8m2!3d-38.9714763!4d-68.0601697!16s%2Fg%2F11cjpfh3m0!19sChIJdTD_LCUyCpYR411Gs4l7Yj4?authuser=0&hl=en&rclk=1,RÍO GRANDE,Otras Zonas,False
Ragout casa de comidas,Fast food restaurant,"4,6",103,"Independencia 326, Q8300 Neuquén, Argentina",-38.9549713,-68.0545349,https://www.google.com/maps/place/Ragout+casa+de+comidas/data=!4m7!3m6!1s0x960a3331c54f2635:0xee6068b33c319200!8m2!3d-38.9549713!4d-68.0545349!16s%2Fg%2F11n04f2kdq!19sChIJNSZPxTEzCpYRAJIxPLNoYO4?authuser=0&hl=en&rclk=1,ÁREA CENTRO ESTE,Otras Zonas,False
Cafe Tinto Club,Espresso bar,"4,6",8,"Juan Bautista Alberdi 87, Q8300 Neuquén, Argentina",-38.9531122,-68.0579159,https://www.google.com/maps/place/Cafe+Tinto+Club/data=!4m7!3m6!1s0x960a33abfa6ec361:0x73c7a1bd6fc60433!8m2!3d-38.9531122!4d-68.0579159!16s%2Fg%2F11xzx_w996!19sChIJYcNu-qszCpYRMwTGb72hx3M?authuser=0&hl=en&rclk=1,ÁREA CENTRO ESTE,Otras Zonas,False
Pranzo Empanadas - Neuquén - Local Mitre,Takeout Restaurant,"4,7",85,"Bartolomé Mitre 1495, Q8300 Neuquén, Argentina",-38.9573179,-68.0383901,https://www.google.com/maps/place/Pranzo+Empanadas+-+Neuqu%C3%A9n+-+Local+Mitre/data=!4m7!3m6!1s0x960a3178ce28bce5:0x14a055293402522c!8m2!3d-38.9573179!4d-68.0383901!16s%2Fg%2F11pkdtszhc!19sChIJ5bwozngxCpYRLFICNClVoBQ?authuser=0&hl=en&rclk=1,MARIANO MORENO,Otras Zonas,False
Oh My Veggie,Espresso bar,"3,9",59,"Avenida Argentina 368, Q8300 Neuquén, Argentina",-38.951129,-68.059581,https://www.google.com/maps/place/Oh+My+Veggie/data=!4m7!3m6!1s0x960a33006f72ebff:0x7c8a616ee6a0d9ad!8m2!3d-38.951129!4d-68.059581!16s%2Fg%2F11lmjkq9xr!19sChIJ_-tybwAzCpYRrdmg5m5hinw?authuser=0&hl=en&rclk=1,ÁREA CENTRO ESTE,Otras Zonas,False
Juan Valdez Café - Neuquén Centro,Espresso bar,"5,0",1,"Antártida Argentina 67, Q8300 Neuquén, Argentina",-38.9473201,-68.060183,https://www.google.com/maps/place/Juan+Valdez+Caf%C3%A9+-+Neuqu%C3%A9n+Centro/data=!4m7!3m6!1s0x960a33d29451a015:0xc31d6a676fdcbad1!8m2!3d-38.9473201!4d-68.060183!16s%2Fg%2F11ys5w_462!19sChIJFaBRlNIzCpYR0brcb2dqHcM?authuser=0&hl=en&rclk=1,ÁREA CENTRO ESTE,Otras Zonas,False
Las flores viandas,Restaurant,"5,0",21,"Trabajadores estatales neuquinos 450, Q8300 Neuquén, Argentina",-38.9499567,-68.1324648,https://www.google.com/maps/place/Las+flores+viandas/data=!4m7!3m6!1s0x960a336cc2c32235:0x80a79227daf12e40!8m2!3d-38.9499567!4d-68.1324648!16s%2Fg%2F11yl41ybw6!19sChIJNSLDwmwzCpYRQC7x2ieSp4A?authuser=0&hl=en&rclk=1,SAN LORENZO SUR,Oeste Profundo,False
Del Bosque,Delivery Restaurant,"4,3",17,"El Nihuil 820, N8300 Neuquén, Argentina",-38.9736142,-68.0710075,https://www.google.com/maps/place/Del+Bosque/data=!4m7!3m6!1s0x960a3348ea95b01d:0xab3f1b5444524fec!8m2!3d-38.9736142!4d-68.0710075!16s%2Fg%2F11h3l25n66!19sChIJHbCV6kgzCpYR7E9SRFQbP6s?authuser=0&hl=en&rclk=1,LIMAY,Ribereño / Balnearios,True
Rincón Natural,Delivery Restaurant,"4,3",147,"Presidente Arturo H. Illia 945, Q8300 Neuquén, Argentina",-38.9450225,-68.0450276,https://www.google.com/maps/place/Rinc%C3%B3n+Natural/data=!4m7!3m6!1s0x960a3162d912c2f3:0xb359c0202d898e07!8m2!3d-38.9450225!4d-68.0450276!16s%2Fg%2F1thxxdtl!19sChIJ88IS2WIxCpYRB46JLSDAWbM?authuser=0&hl=en&rclk=1,SANTA GENOVEVA,Residencial VIP / Cerca Centro,False
Viandas Neuquen Capital,Delivery Restaurant,"5,0",3,"J j lastra 244, Q8300 Neuquén, Argentina",-38.959817,-68.062912,https://www.google.com/maps/place/Viandas+Neuquen+Capital/data=!4m7!3m6!1s0x960a3360fce2f575:0x7a728fbdd0760087!8m2!3d-38.959817!4d-68.062912!16s%2Fg%2F11ghq41kxk!19sChIJdfXi_GAzCpYRhwB20L2Pcno?authuser=0&hl=en&rclk=1,NUEVO,Otras Zonas,False
Olivas,Takeout Restaurant,"3,7",181,"San Martín 595, Q8300 Neuquén, Argentina",-38.9549578,-68.0675575,https://www.google.com/maps/place/Olivas/data=!4m7!3m6!1s0x960a33c97acce587:0x7b000d343d0ac7d0!8m2!3d-38.9549578!4d-68.0675575!16s%2Fg%2F11b70khvjj!19sChIJh-XMeskzCpYR0McKPTQNAHs?authuser=0&hl=en&rclk=1,ÁREA CENTRO OESTE,Otras Zonas,False
"Cherry ""Rico Y Saludable""",Add place's phone number,"4,0",4,"Neuman Otto Max 190, Neuquén, Argentina",-38.9412077,-68.0618267,https://www.google.com/maps/place/Cherry+%22Rico+Y+Saludable%22/data=!4m7!3m6!1s0x960a33c2efef5dbd:0x2c3853bebd4d8f8a!8m2!3d-38.9412077!4d-68.0618267!16s%2Fg%2F11j4sw2yk5!19sChIJvV3v78IzCpYRio9Nvb5TOCw?authuser=0&hl=en&rclk=1,ÁREA CENTRO ESTE,Otras Zonas,False
Kactus Casa Resto,Restaurant,"5,0",139,"Naranjo en Flor 322, Q8300 Neuquén, Argentina",-38.9512023,-68.1303176,https://www.google.com/maps/place/Kactus+Casa+Resto/data=!4m7!3m6!1s0x960a33706a6b3cab:0xab0348629bffe51b!8m2!3d-38.9512023!4d-68.1303176!16s%2Fg%2F11rwn6mj95!19sChIJqzxranAzCpYRG-X_m2JIA6s?authuser=0&hl=en&rclk=1,SAN LORENZO SUR,Oeste Profundo,False
Vibro alimentos trailer,Juice shop,"4,3",32,"jesus maria, Mandalari Antonio y, Q8300 Neuquén, Argentina",-38.9352586,-68.0646751,https://www.google.com/maps/place/Vibro+alimentos+trailer/data=!4m7!3m6!1s0x960a337fb557d959:0x2a3f2ffc8b3018e1!8m2!3d-38.9352586!4d-68.0646751!16s%2Fg%2F11f62v2hdw!19sChIJWdlXtX8zCpYR4Rgwi_wvPyo?authuser=0&hl=en&rclk=1,RESTO EJIDO MUNICIPAL,Otras Zonas,False
"Mutisia, Cafe y Resto",Restaurant,"5,0",22,"Gral. Manuel Belgrano 349, Q8300 Neuquén, Argentina",-38.9506184,-68.064112,"https://www.google.com/maps/place/Mutisia,+Cafe+y+Resto/data=!4m7!3m6!1s0x960a33562d9ada57:0xcaec196808501759!8m2!3d-38.9506184!4d-68.064112!16s%2Fg%2F11zj1mxlr5!19sChIJV9qaLVYzCpYRWRdQCGgZ7Mo?authuser=0&hl=en&rclk=1",ÁREA CENTRO ESTE,Otras Zonas,False
Lo del Cone,Delivery Restaurant,"4,8",23,"Lo del Cone, Violeta Parra 55, Q8304HIB Neuquén, Argentina",-38.9542534,-68.1090097,https://www.google.com/maps/place/Lo+del+Cone/data=!4m7!3m6!1s0x960a33fced4038df:0xbc72b91c4c1c932d!8m2!3d-38.9542534!4d-68.1090097!16s%2Fg%2F11flxtydn4!19sChIJ3zhA7fwzCpYRLZMcTBy5crw?authuser=0&hl=en&rclk=1,HUILICHES,Otras Zonas,False
Lo Mas Rico - Delivery Variedad de Comidas,Takeout Restaurant,"4,1",10,"Gral. Manuel Belgrano 2176, Q8300 Neuquén, Argentina",-38.9507852,-68.0894141,https://www.google.com/maps/place/Lo+Mas+Rico+-+Delivery+Variedad+de+Comidas/data=!4m7!3m6!1s0x960a33a41dc12047:0x2803e3668c349275!8m2!3d-38.9507852!4d-68.0894141!16s%2Fg%2F1td067ht!19sChIJRyDBHaQzCpYRdZI0jGbjAyg?authuser=0&hl=en&rclk=1,CUMELÉN,Otras Zonas,False
"Panaderia Lemongrass, servicio catering",Bakery,"4,4",35,"Gral. Manuel Belgrano 2680, Q8300 Neuquén, Argentina",-38.950666,-68.0964269,"https://www.google.com/maps/place/Panaderia+Lemongrass,+servicio+catering/data=!4m7!3m6!1s0x960a33ad8ac0a467:0xa137b146dfb530c7!8m2!3d-38.950666!4d-68.0964269!16s%2Fg%2F11gjf4kqk6!19sChIJZ6TAiq0zCpYRxzC130axN6E?authuser=0&hl=en&rclk=1",EL PROGRESO,Otras Zonas,False
Hoy Pizza,Pizza Takeout,"5,0",10,"Chos Malal 119, Q8300 Neuquén, Argentina",-38.9562869,-68.0358297,https://www.google.com/maps/place/Hoy+Pizza/data=!4m7!3m6!1s0x960a3144c9d29ef3:0x2d6a128d5f250678!8m2!3d-38.9562869!4d-68.0358297!16s%2Fg%2F11ycz0sy1f!19sChIJ857SyUQxCpYReAYlX40Sai0?authuser=0&hl=en&rclk=1,MARIANO MORENO,Otras Zonas,False
La Verace como en casa (Suc. Av. Argentina 816),Pizza Takeout,"4,3",6,"Avenida Argentina 816, Q8300 Neuquén, Argentina",-38.9461301,-68.0596528,https://www.google.com/maps/place/La+Verace+como+en+casa+%28Suc.+Av.+Argentina+816%29/data=!4m7!3m6!1s0x960a330034349a29:0x363e747bdab29644!8m2!3d-38.9461301!4d-68.0596528!16s%2Fg%2F11xyg601gn!19sChIJKZo0NAAzCpYRRJay2nt0PjY?authuser=0&hl=en&rclk=1,ÁREA CENTRO ESTE,Otras Zonas,False
Pizzeria el Tano,Pizza restaurant,"4,5",1540,"Belgrano 398, R8300 Cipolletti, Río Negro, Argentina",-38.9365806,-67.9984885,https://www.google.com/maps/place/Pizzeria+el+Tano/data=!4m7!3m6!1s0x960a30fd277d1c85:0xec5aa3e6c86a9661!8m2!3d-38.9365806!4d-67.9984885!16s%2Fg%2F1tl_mxq7!19sChIJhRx9J_0wCpYRYZZqyOajWuw?authuser=0&hl=en&rclk=1,,Otras Zonas,False
Pizzería Fratello's,Pizza restaurant,"4,1",298,"Av. Mengelle 150, R8324 Cipolletti, Río Negro, Argentina",-38.9387599,-68.002111,https://www.google.com/maps/place/Pizzer%C3%ADa+Fratello%27s/data=!4m7!3m6!1s0x960a3102c28837ab:0x773589c43bad8829!8m2!3d-38.9387599!4d-68.002111!16s%2Fg%2F11b73kkh_c!19sChIJqzeIwgIxCpYRKYitO8SJNXc?authuser=0&hl=en&rclk=1,,Otras Zonas,False
Pranzo Empanadas - Entre Rios,Delivery Restaurant,"4,6",17,"Entre Ríos 1171, Q8300 Neuquén, Argentina",-38.9423443,-68.0503959,https://www.google.com/maps/place/Pranzo+Empanadas+-+Entre+Rios/data=!4m7!3m6!1s0x960a3309fefe45a5:0x7db729d72e7e64d5!8m2!3d-38.9423443!4d-68.0503959!16s%2Fg%2F11wjcjccpk!19sChIJpUX-_gkzCpYR1WR-Ltcpt30?authuser=0&hl=en&rclk=1,SANTA GENOVEVA,Residencial VIP / Cerca Centro,False
Kenny's,Fast food restaurant,"3,8",17,"Córdoba 153, Q8300 Neuquén, Argentina",-38.9534756,-68.0546206,https://www.google.com/maps/place/Kenny%27s/data=!4m7!3m6!1s0x960a3343630a180f:0xe3f07724d64b0e40!8m2!3d-38.9534756!4d-68.0546206!16s%2Fg%2F11xl3_bhvc!19sChIJDxgKY0MzCpYRQA5L1iR38OM?authuser=0&hl=en&rclk=1,ÁREA CENTRO ESTE,Otras Zonas,False
Mikelo Leloir,Espresso bar,"4,6",89,"Las Violetas 1170, Q8300 Neuquén, Argentina",-38.9422572,-68.0521558,https://www.google.com/maps/place/Mikelo+Leloir/data=!4m7!3m6!1s0x960a331e38a43cc1:0x6cc983867eefc937!8m2!3d-38.9422572!4d-68.0521558!16s%2Fg%2F11x27s9q9t!19sChIJwTykOB4zCpYRN8nvfoaDyWw?authuser=0&hl=en&rclk=1,SANTA GENOVEVA,Residencial VIP / Cerca Centro,False
Dulce Malvina,Ice cream shop,"4,1",1287,"Manuel Láinez 282, Q8300 HPB, Neuquén, Argentina",-38.9577584,-68.0661617,https://www.google.com/maps/place/Dulce+Malvina/data=!4m7!3m6!1s0x960a33d201456fa7:0x2f7e15010802cf6c!8m2!3d-38.9577584!4d-68.0661617!16s%2Fg%2F1hc14k8x7!19sChIJp29FAdIzCpYRbM8CCAEVfi8?authuser=0&hl=en&rclk=1,ÁREA CENTRO SUR,Otras Zonas,False
Té & Compañía,Tea store,"4,9",29,"Islas Malvinas 750 local 2, Q8300 Neuquén, Argentina",-38.9473316,-68.0484648,https://www.google.com/maps/place/T%C3%A9+%26+Compa%C3%B1%C3%ADa/data=!4m7!3m6!1s0x960a33407d1ae8b9:0x8a8dd29518aed06e!8m2!3d-38.9473316!4d-68.0484648!16s%2Fg%2F11q8vvk0fb!19sChIJuegafUAzCpYRbtCuGJXSjYo?authuser=0&hl=en&rclk=1,SANTA GENOVEVA,Residencial VIP / Cerca Centro,False
Cafetería,Cafeteria,"4,7",3,"8300, Neuquén, Argentina",-38.9515829,-68.0591925,https://www.google.com/maps/place/Cafeter%C3%ADa/data=!4m7!3m6!1s0x960a33cfa381e8dd:0xe11800bb23b2adae!8m2!3d-38.9515829!4d-68.0591925!16s%2Fg%2F11rgcdfdg2!19sChIJ3eiBo88zCpYRrq2yI7sAGOE?authuser=0&hl=en&rclk=1,ÁREA CENTRO ESTE,Otras Zonas,False
Piré Heladeria Franchise,Ice cream shop,"4,2",1071,"Dr. Luis Federico Leloir 751, Q8300 Neuquén, Argentina",-38.9423702,-68.048846,https://www.google.com/maps/place/Pir%C3%A9+Heladeria+Franchise/data=!4m7!3m6!1s0x960a33dc8a509e2d:0x45a4354d5ac56775!8m2!3d-38.9423702!4d-68.048846!16s%2Fg%2F1td9rqh6!19sChIJLZ5QitwzCpYRdWfFWk01pEU?authuser=0&hl=en&rclk=1,SANTA GENOVEVA,Residencial VIP / Cerca Centro,False
La cocina de Mony,Delivery Restaurant,"5,0",14,"República de Italia 4750, Q8300 Neuquén, Argentina",-38.9451112,-68.1249255,https://www.google.com/maps/place/La+cocina+de+Mony/data=!4m7!3m6!1s0x960a33b09d291b61:0xfd54edd97438c990!8m2!3d-38.9451112!4d-68.1249255!16s%2Fg%2F11nntzhj6g!19sChIJYRspnbAzCpYRkMk4dNntVP0?authuser=0&hl=en&rclk=1,SAN LORENZO SUR,Oeste Profundo,False
"TRAMESSINI ""Especialista en sandwiches de Miga""",Health food store,"4,9",56,"El Chocón 147, Q8300 Neuquén, Argentina",-38.9690808,-68.0572293,https://www.google.com/maps/place/TRAMESSINI+%22Especialista+en+sandwiches+de+Miga%22/data=!4m7!3m6!1s0x960a33c69384b043:0xd585ec1e2fb7884d!8m2!3d-38.9690808!4d-68.0572293!16s%2Fg%2F11vq2gm8b1!19sChIJQ7CEk8YzCpYRTYi3Lx7shdU?authuser=0&hl=en&rclk=1,VILLA MARÍA,Otras Zonas,False
Placeres Gourmet,Takeout Restaurant,"4,7",66,"Cristóbal Colón 478, Q8300 Neuquén, Argentina",-38.9499499,-68.0788455,https://www.google.com/maps/place/Placeres+Gourmet/data=!4m7!3m6!1s0x960a3318ab6c953d:0x6aeb991bbb68ca9e!8m2!3d-38.9499499!4d-68.0788455!16s%2Fg%2F11sw15kzck!19sChIJPZVsqxgzCpYRnspouxuZ62o?authuser=0&hl=en&rclk=1,ISLAS MALVINAS,Oeste / Alta Densidad,False
Like Pasta,Restaurant,"2,6",36,"Antártida Argentina 1111, Q8300 Neuquén, Argentina",-38.9460623,-68.0743929,https://www.google.com/maps/place/Like+Pasta/data=!4m7!3m6!1s0x960a332aaf4beb9f:0x4f9e8433d3504e39!8m2!3d-38.9460623!4d-68.0743929!16s%2Fg%2F11s94kwjdt!19sChIJn-tLryozCpYROU5Q0zOEnk8?authuser=0&hl=en&rclk=1,ÁREA CENTRO OESTE,Otras Zonas,False
La Caserita Take Away,Hamburger restaurant,"4,7",13,"Presidente Arturo H. Illia 63, Q8300 Neuquén, Argentina",-38.9543428,-68.0449877,https://www.google.com/maps/place/La+Caserita+Take+Away/data=!4m7!3m6!1s0x960a310014a83209:0xef8d7f3973130e81!8m2!3d-38.9543428!4d-68.0449877!16s%2Fg%2F11x635lr__!19sChIJCTKoFAAxCpYRgQ4Tczl_je8?authuser=0&hl=en&rclk=1,VILLA FARRELL,Otras Zonas,False
Grito Sagrado Bar,Bar,"4,2",228,"Gral. Manuel Belgrano 3437, Q8300 Neuquén, Argentina",-38.9503171,-68.1069945,https://www.google.com/maps/place/Grito+Sagrado+Bar/data=!4m7!3m6!1s0x960a330f71264535:0xb9b10c6704c9cf2b!8m2!3d-38.9503171!4d-68.1069945!16s%2Fg%2F11k99d9c0k!19sChIJNUUmcQ8zCpYRK8_JBGcMsbk?authuser=0&hl=en&rclk=1,HUILICHES,Otras Zonas,False
ALTA BURGER NQN,Hamburger restaurant,"4,3",160,"Pudú 1500, Q8300 Neuquén, Argentina",-38.9267543,-68.0799984,https://www.google.com/maps/place/ALTA+BURGER+NQN/data=!4m7!3m6!1s0x960a332209982851:0x4da7663b8ba40ed7!8m2!3d-38.9267543!4d-68.0799984!16s%2Fg%2F11sq3mdgr2!19sChIJUSiYCSIzCpYR1w6kiztmp00?authuser=0&hl=en&rclk=1,TERRAZAS DEL NEUQUÉN,Otras Zonas,False
Juanjo's lomitos,Restaurant,"4,1",218,"Gdor. Elordi 56, Plottier, Neuquén, Argentina",-38.9515904,-68.2252409,https://www.google.com/maps/place/Juanjo%27s+lomitos/data=!4m7!3m6!1s0x960bc9655b298a53:0x2e5688762bea209!8m2!3d-38.9515904!4d-68.2252409!16s%2Fg%2F11q313md7c!19sChIJU4opW2XJC5YRCaK-Yodo5QI?authuser=0&hl=en&rclk=1,,Otras Zonas,False
Guten Panini,Hamburger restaurant,"4,6",220,"Italia 74, Q8316 Plottier, Neuquén, Argentina",-38.9547268,-68.2228461,https://www.google.com/maps/place/Guten+Panini/data=!4m7!3m6!1s0x960bcbfadf9750ed:0x3632fb35c2627317!8m2!3d-38.9547268!4d-68.2228461!16s%2Fg%2F11fx7t26hg!19sChIJ7VCX3_rLC5YRF3NiwjX7MjY?authuser=0&hl=en&rclk=1,,Otras Zonas,False
𝙿𝙸𝚉𝚉𝙴𝚁Í𝙰 POPULAR – ʀɪɴᴄᴏ́ɴ ɴᴜᴇsᴛʀᴏ,Restaurant,"4,6",496,"Av. Plottier 235, Q8316 Plottier, Neuquén, Argentina",-38.9578344,-68.2330696,https://www.google.com/maps/place/%F0%9D%99%BF%F0%9D%99%B8%F0%9D%9A%89%F0%9D%9A%89%F0%9D%99%B4%F0%9D%9A%81%C3%8D%F0%9D%99%B0+POPULAR+%E2%80%93+%CA%80%C9%AA%C9%B4%E1%B4%84%E1%B4%8F%CC%81%C9%B4+%C9%B4%E1%B4%9C%E1%B4%87s%E1%B4%9B%CA%80%E1%B4%8F/data=!4m7!3m6!1s0x960bcd4a9cb30071:0xa219ab83fe98e013!8m2!3d-38.9578344!4d-68.2330696!16s%2Fg%2F11w9xx9jh2!19sChIJcQCznErNC5YRE-CY_oOrGaI?authuser=0&hl=en&rclk=1,,Otras Zonas,False
PERNILES Del Tío Rudy,Butcher shop,"4,6",55,"San Martín 1716, Q8300 Neuquén, Argentina",-38.9551228,-68.0830605,https://www.google.com/maps/place/PERNILES+Del+T%C3%ADo+Rudy/data=!4m7!3m6!1s0x960a33b023f00f7b:0x229719f6438885d8!8m2!3d-38.9551228!4d-68.0830605!16s%2Fg%2F1xb2fs8b!19sChIJew_wI7AzCpYR2IWIQ_YZlyI?authuser=0&hl=en&rclk=1,CUMELÉN,Otras Zonas,False
Rotisería ANTO,Restaurant,"3,8",88,"Ángel Pérez Novella 5034, Q8300 Neuquén, Argentina",-38.9337894,-68.1256725,https://www.google.com/maps/place/Rotiser%C3%ADa+ANTO/data=!4m7!3m6!1s0x960a3361f8d5523f:0xe71faf44b69a99ee!8m2!3d-38.9337894!4d-68.1256725!16s%2Fg%2F11h12qh51p!19sChIJP1LV-GEzCpYR7pmatkSvH-c?authuser=0&hl=en&rclk=1,GRAN NEUQUÉN NORTE,Otras Zonas,False
McDonald's,Fast food restaurant,"3,7",9804,"Eugenio Perticone 545, Q8300 Neuquén, Argentina",-38.9597655,-68.0515469,https://www.google.com/maps/place/McDonald%27s/data=!4m7!3m6!1s0x960a322ba881187d:0x9df194ab6f4f3b19!8m2!3d-38.9597655!4d-68.0515469!16s%2Fg%2F1tf_v1gs!19sChIJfRiBqCsyCpYRGTtPb6uU8Z0?authuser=0&hl=en&rclk=1,BELGRANO,Otras Zonas,False
Heladeria Desire,Ice cream shop,"4,5",854,"Neuquén, Argentina",-38.9529914,-68.227951,https://www.google.com/maps/place/Heladeria+Desire/data=!4m7!3m6!1s0x960bcc0767245c4b:0x7c2adc29e7f3187!8m2!3d-38.9529914!4d-68.227951!16s%2Fg%2F11clsf0xzr!19sChIJS1wkZwfMC5YRhzF_nsKtwgc?authuser=0&hl=en&rclk=1,,Otras Zonas,False
Torino Bar & Bistró,Restaurant,"4,7",1506,"Eduardo Elordi 893, Q8370 San Martín de los Andes, Neuquén, Argentina",-40.1570256,-71.34809,https://www.google.com/maps/place/Torino+Bar+%26+Bistr%C3%B3/data=!4m7!3m6!1s0x96110e70bbe9da5b:0xa862c1c0492f6c3d!8m2!3d-40.1570256!4d-71.34809!16s%2Fg%2F11bxb92ff8!19sChIJW9rpu3AOEZYRPWwvScDBYqg?authuser=0&hl=en&rclk=1,,Otras Zonas,False
SUBWAY,Fast food restaurant,"3,7",1414,"Sarmiento 124, Q8300KUD Neuquén, Argentina",-38.957272,-68.0614294,https://www.google.com/maps/place/SUBWAY/data=!4m7!3m6!1s0x960a33cd729e8a91:0xb32a8cd0c4b429b1!8m2!3d-38.957272!4d-68.0614294!16s%2Fg%2F11f3p_l9vg!19sChIJkYqecs0zCpYRsSm0xNCMKrM?authuser=0&hl=en&rclk=1,ÁREA CENTRO SUR,Otras Zonas,False
Cervecería Bruselas BBC,Brewpub,"4,8",53,"Tuyú 9078, Q8300 Neuquén, Argentina",-38.9360828,-68.1811869,https://www.google.com/maps/place/Cervecer%C3%ADa+Bruselas+BBC/data=!4m7!3m6!1s0x960bcb6c96cde21b:0x3bf9d6748a290c21!8m2!3d-38.9360828!4d-68.1811869!16s%2Fg%2F11p4b4ys14!19sChIJG-LNlmzLC5YRIQwpinTW-Ts?authuser=0&hl=en&rclk=1,VALENTINA NORTE RURAL,Otras Zonas,False
Baruk Cervecería,Brewpub,"3,1",369,"Av. Coronel Olascoaga 2132, Neuquén, Argentina",-38.9776107,-68.0589271,https://www.google.com/maps/place/Baruk+Cervecer%C3%ADa/data=!4m7!3m6!1s0x960a3222b6e56e47:0xa1ea91896f1c60ce!8m2!3d-38.9776107!4d-68.0589271!16s%2Fg%2F11g86k3y3t!19sChIJR27ltiIyCpYRzmAcb4mR6qE?authuser=0&hl=en&rclk=1,RÍO GRANDE,Otras Zonas,False
Pizza 3,Bar,"4,6",8,"Av. Coronel Olascoaga 885, Q8300 Neuquén, Argentina",-38.9643264,-68.0595494,https://www.google.com/maps/place/Pizza+3/data=!4m7!3m6!1s0x960a33001952d9bf:0x2d09e96f1c068ac8!8m2!3d-38.9643264!4d-68.0595494!16s%2Fg%2F11vqz16wxf!19sChIJv9lSGQAzCpYRyIoGHG_pCS0?authuser=0&hl=en&rclk=1,VILLA MARÍA,Otras Zonas,False
Panaderia y pastelería Puertas,Bakery,"4,3",434,"Ángel Pérez Novella 4852, Q8300 Neuquén, Argentina",-38.9348161,-68.1262365,https://www.google.com/maps/place/Panaderia+y+pasteler%C3%ADa+Puertas/data=!4m7!3m6!1s0x960a33688ddb95f3:0x5f543177f0d3d96b!8m2!3d-38.9348161!4d-68.1262365!16s%2Fg%2F11h6nq05g0!19sChIJ85XbjWgzCpYRa9nT8HcxVF8?authuser=0&hl=en&rclk=1,GRAN NEUQUÉN SUR,Otras Zonas,False
Panaderia La Campestre,Bakery,"4,4",564,"Zeballos 4895, Q8300 Neuquén, Argentina",-38.951531,-68.1275335,https://www.google.com/maps/place/Panaderia+La+Campestre/data=!4m7!3m6!1s0x960a33477a84c79d:0xb7ac45efdb253eb9!8m2!3d-38.951531!4d-68.1275335!16s%2Fg%2F11d_w6xfcp!19sChIJnceEekczCpYRuT4l2-9FrLc?authuser=0&hl=en&rclk=1,SAN LORENZO SUR,Oeste Profundo,False
Pan & Bueno,Bakery,"4,3",378,"Ignacio Rivas 661, Q8300 Neuquén, Argentina",-38.9619298,-68.0789399,https://www.google.com/maps/place/Pan+%26+Bueno/data=!4m7!3m6!1s0x960a33b347b753d5:0x81460665f0883e75!8m2!3d-38.9619298!4d-68.0789399!16s%2Fg%2F11c5zwktdk!19sChIJ1VO3R7MzCpYRdT6I8GUGRoE?authuser=0&hl=en&rclk=1,LA SIRENA,Otras Zonas,False
PANADERIA LA ESPIGA DORADA,Bakery,"4,1",66,"San Martín 3495, Q8300 Neuquén, Argentina",-38.9546495,-68.1077598,https://www.google.com/maps/place/PANADERIA+LA+ESPIGA+DORADA/data=!4m7!3m6!1s0x960a3311de0e7bff:0xe4076021ac543a78!8m2!3d-38.9546495!4d-68.1077598!16s%2Fg%2F11b73nqmkl!19sChIJ_3sO3hEzCpYReDpUrCFgB-Q?authuser=0&hl=en&rclk=1,HUILICHES,Otras Zonas,False
Panaderia,Bakery,"4,8",10,"San Martín 1700, Q8302 Neuquén, Argentina",-38.9551171,-68.0827997,https://www.google.com/maps/place/Panaderia/data=!4m7!3m6!1s0x960a33ebacf4c49b:0xbfaeb6156a7dc54!8m2!3d-38.9551171!4d-68.0827997!16s%2Fg%2F11gj72sn3k!19sChIJm8T0rOszCpYRVNynVmHr-gs?authuser=0&hl=en&rclk=1,CUMELÉN,Otras Zonas,False
Panadería del Sur,Bakery,"3,9",95,"San Martín 3519, Q8300 Neuquén, Argentina",-38.9546282,-68.1081266,https://www.google.com/maps/place/Panader%C3%ADa+del+Sur/data=!4m7!3m6!1s0x960a33085308de39:0xf774dbb4635976d3!8m2!3d-38.9546282!4d-68.1081266!16s%2Fg%2F11hdcgrrvl!19sChIJOd4IUwgzCpYR03ZZY7TbdPc?authuser=0&hl=en&rclk=1,HUILICHES,Otras Zonas,False
Panadería Lafurné,Bakery,"4,4",27,"Gral. Enrique Godoy 153, Q8300 Neuquén, Argentina",-38.9532437,-68.1173332,https://www.google.com/maps/place/Panader%C3%ADa+Lafurn%C3%A9/data=!4m7!3m6!1s0x960a333726e58bf9:0x15779e08a6d6dc02!8m2!3d-38.9532437!4d-68.1173332!16s%2Fg%2F11b73jp56p!19sChIJ-YvlJjczCpYRAtzWpgiedxU?authuser=0&hl=en&rclk=1,CANAL V,Otras Zonas,False
Panadería Don Fausto,Bakery,"3,9",193,"Rio Colorado, Q8300 Neuquén, Argentina",-38.9513033,-68.1746661,https://www.google.com/maps/place/Panader%C3%ADa+Don+Fausto/data=!4m7!3m6!1s0x960bcd4a6ad1253d:0x30b8fcf5983eec5a!8m2!3d-38.9513033!4d-68.1746661!16s%2Fg%2F11fhz0tm8x!19sChIJPSXRakrNC5YRWuw-mPX8uDA?authuser=0&hl=en&rclk=1,,Otras Zonas,False
El portal de la dulzura,Bakery,"4,2",44,"Av. Coronel Olascoaga 1129, Q8300 Neuquén, Argentina",-38.9671395,-68.0596473,https://www.google.com/maps/place/El+portal+de+la+dulzura/data=!4m7!3m6!1s0x960a33acc12d47e3:0xc56aa47b3a3e8b6e!8m2!3d-38.9671395!4d-68.0596473!16s%2Fg%2F11hyq1wth8!19sChIJ40ctwawzCpYRbos-OnukasU?authuser=0&hl=en&rclk=1,VILLA MARÍA,Otras Zonas,False
Dilorenzo Panificadora,Wholesale bakery,"4,7",15,"El Chocón 205, Q8300 Neuquén, Argentina",-38.9691115,-68.0561765,https://www.google.com/maps/place/Dilorenzo+Panificadora/data=!4m7!3m6!1s0x960a32259b8fff77:0xcb5c1def77159917!8m2!3d-38.9691115!4d-68.0561765!16s%2Fg%2F11c6lj5f_x!19sChIJd_-PmyUyCpYRF5kVd-8dXMs?authuser=0&hl=en&rclk=1,BELGRANO,Otras Zonas,False
Panaderia Catriel,Bakery,"4,8",12,"Cacique Catriel 823, Q8300 BJP, Neuquén, Argentina",-38.9461691,-68.0844054,https://www.google.com/maps/place/Panaderia+Catriel/data=!4m7!3m6!1s0x960a3336ab0dc137:0x4c39515f3fd7d07d!8m2!3d-38.9461691!4d-68.0844054!16s%2Fg%2F11s4tyqptm!19sChIJN8ENqzYzCpYRfdDXP19ROUw?authuser=0&hl=en&rclk=1,ISLAS MALVINAS,Oeste / Alta Densidad,False
CRISOL PANADERÍA,Bakery,"4,2",59,"Fray Luis Beltrán 1568, Q8300 Neuquén, Argentina",-38.962588,-68.081077,https://www.google.com/maps/place/CRISOL+PANADER%C3%8DA/data=!4m7!3m6!1s0x960a33b2d979ec81:0xeec879d47d07fe27!8m2!3d-38.962588!4d-68.081077!16s%2Fg%2F11fl4104fg!19sChIJgex52bIzCpYRJ_4HfdR5yO4?authuser=0&hl=en&rclk=1,LA SIRENA,Otras Zonas,False
D'Luisa panadería y pastelería,Bakery,"4,8",129,"Juan B. Justo 153, Q8316 Plottier, Neuquén, Argentina",-38.9531174,-68.2236169,https://www.google.com/maps/place/D%27Luisa+panader%C3%ADa+y+pasteler%C3%ADa/data=!4m7!3m6!1s0x960bcd2276aa5e03:0x3093020ae35c5f93!8m2!3d-38.9531174!4d-68.2236169!16s%2Fg%2F11rggs9yqp!19sChIJA16qdiLNC5YRk19c4woCkzA?authuser=0&hl=en&rclk=1,,Otras Zonas,False
Cosas Ricas Panadería,Bakery,"4,5",47,"San Martin, Gregorio Martínez 1705, Q8300 Neuquén, Argentina",-38.9548346,-68.0830803,https://www.google.com/maps/place/Cosas+Ricas+Panader%C3%ADa/data=!4m7!3m6!1s0x960a33b025c9d53f:0x74faa292750b17a2!8m2!3d-38.9548346!4d-68.0830803!16s%2Fg%2F11h0mwgxnd!19sChIJP9XJJbAzCpYRohcLdZKi-nQ?authuser=0&hl=en&rclk=1,CUMELÉN,Otras Zonas,False
Panadería El Molino,Bakery,"4,3",158,"Santiago Del Estero 712, Neuquén, Argentina",-38.9588352,-68.2377288,https://www.google.com/maps/place/Panader%C3%ADa+El+Molino/data=!4m7!3m6!1s0x960bcde3901d813f:0xb574f14e12b1b157!8m2!3d-38.9588352!4d-68.2377288!16s%2Fg%2F11rkj7s8y9!19sChIJP4EdkOPNC5YRV7GxEk7xdLU?authuser=0&hl=en&rclk=1,,Otras Zonas,False
Panadería Dulce Francesca,Bakery,"4,3",316,"Q8302 Neuquén, Argentina",-38.9450796,-68.1227831,https://www.google.com/maps/place/Panader%C3%ADa+Dulce+Francesca/data=!4m7!3m6!1s0x960a3343b737fe21:0xc47f926d22163b56!8m2!3d-38.9450796!4d-68.1227831!16s%2Fg%2F11c3pwl8hc!19sChIJIf43t0MzCpYRVjsWIm2Sf8Q?authuser=0&hl=en&rclk=1,SAN LORENZO SUR,Oeste Profundo,False
PANADERIA SUR,Bakery,"2,9",76,"Collon Cura 860, Q8300 Neuquén, Argentina",-38.9454662,-68.1009233,https://www.google.com/maps/place/PANADERIA+SUR/data=!4m7!3m6!1s0x960a33749bcba84f:0x2e51c84464429104!8m2!3d-38.9454662!4d-68.1009233!16s%2Fg%2F11b73jw4cw!19sChIJT6jLm3QzCpYRBJFCZETIUS4?authuser=0&hl=en&rclk=1,UNIÓN DE MAYO,Otras Zonas,False
panadería Dulce,Bakery,"4,2",23,"Alderete 159, Q8300 Neuquén, Argentina",-38.9505495,-68.0569799,https://www.google.com/maps/place/panader%C3%ADa+Dulce/data=!4m7!3m6!1s0x960a33d1aac6ce67:0x27b08402490e8fcd!8m2!3d-38.9505495!4d-68.0569799!16s%2Fg%2F11b70cbvz7!19sChIJZ87GqtEzCpYRzY8OSQKEsCc?authuser=0&hl=en&rclk=1,ÁREA CENTRO ESTE,Otras Zonas,False
Panadería Artesanal Casita La Valentina,Bakery,"4,5",203,"Choele Choel, Q8302 Neuquén, Argentina",-38.9659333,-68.1204596,https://www.google.com/maps/place/Panader%C3%ADa+Artesanal+Casita+La+Valentina/data=!4m7!3m6!1s0x960a3321f4363201:0x4072aefc049c0293!8m2!3d-38.9659333!4d-68.1204596!16s%2Fg%2F11byxgtrhm!19sChIJATI29CEzCpYRkwKcBPyuckA?authuser=0&hl=en&rclk=1,VALENTINA SUR URBANO,Otras Zonas,False
Panadería Chino,Bakery,"4,3",27,"Gral. Manuel Belgrano 2193, Q8300 Neuquén, Argentina",-38.950662,-68.0894429,https://www.google.com/maps/place/Panader%C3%ADa+Chino/data=!4m7!3m6!1s0x960a330024065b79:0x819f18e301947296!8m2!3d-38.950662!4d-68.0894429!16s%2Fg%2F11lcr96zlr!19sChIJeVsGJAAzCpYRlnKUAeMYn4E?authuser=0&hl=en&rclk=1,CUMELÉN,Otras Zonas,False
Panadería Mana,Cake shop,"3,2",12,"Gral. Manuel Belgrano, Q8300 Neuquén, Argentina",-38.9504717,-68.0844235,https://www.google.com/maps/place/Panader%C3%ADa+Mana/data=!4m7!3m6!1s0x960a33a4c5a156c9:0x268591f3ba150f2f!8m2!3d-38.9504717!4d-68.0844235!16s%2Fg%2F11b709v4ld!19sChIJyVahxaQzCpYRLw8VuvORhSY?authuser=0&hl=en&rclk=1,ISLAS MALVINAS,Oeste / Alta Densidad,False
Pan de Vida Panadería,Bakery,"4,1",17,"Sta. Teresa 1803, Q8300KUU Neuquén, Argentina",-38.9493742,-68.0334606,https://www.google.com/maps/place/Pan+de+Vida+Panader%C3%ADa/data=!4m7!3m6!1s0x960a3192bf568353:0xa862c1b2debdafdd!8m2!3d-38.9493742!4d-68.0334606!16s%2Fg%2F11v0gr089_!19sChIJU4NWv5IxCpYR3a-93rLBYqg?authuser=0&hl=en&rclk=1,PROVINCIAS UNIDAS,Otras Zonas,False
Panaderia Patagonia,Bakery,"5,0",1,"Gatica 827, Q8302 Neuquén, Argentina",-38.9638617,-68.0735313,https://www.google.com/maps/place/Panaderia+Patagonia/data=!4m7!3m6!1s0x960a33ee4cf0bff3:0x2b1997bce2b18592!8m2!3d-38.9638617!4d-68.0735313!16s%2Fg%2F11vj1j68kp!19sChIJ87_wTO4zCpYRkoWx4ryXGSs?authuser=0&hl=en&rclk=1,VILLA FLORENCIA,Oeste / Residencial,False
Tent.arte | Donas Artesanales,Bakery,"4,4",80,"Tierra del Fuego 48, Q8300BQB Q8300BQB, Neuquén, Argentina",-38.9555847,-68.0519957,https://www.google.com/maps/place/Tent.arte+%7C+Donas+Artesanales/data=!4m7!3m6!1s0x960a333e0f559277:0x8cdc934cf6b795bf!8m2!3d-38.9555847!4d-68.0519957!16s%2Fg%2F11k9rgsb3z!19sChIJd5JVDz4zCpYRv5W39kyT3Iw?authuser=0&hl=en&rclk=1,ÁREA CENTRO ESTE,Otras Zonas,False
Heterei Chipa,Bakery,"4,8",20,"Corrientes 520, Q8300 Neuquén, Argentina",-38.960843,-68.0574938,https://www.google.com/maps/place/Heterei+Chipa/data=!4m7!3m6!1s0x960a330074b341a5:0x29b02d0408c98357!8m2!3d-38.960843!4d-68.0574938!16s%2Fg%2F11ydp71bv4!19sChIJpUGzdAAzCpYRV4PJCAQtsCk?authuser=0&hl=en&rclk=1,BELGRANO,Otras Zonas,False
PANADERIA ELET,Bakery,"4,3",6,"Trabajador Municipal 206, Q8300 Neuquén, Argentina",-38.9570872,-68.0813269,https://www.google.com/maps/place/PANADERIA+ELET/data=!4m7!3m6!1s0x960a335393def4d7:0x27c33402188b8ce9!8m2!3d-38.9570872!4d-68.0813269!16s%2Fg%2F11k6hsbpz4!19sChIJ1_Tek1MzCpYR6YyLGAI0wyc?authuser=0&hl=en&rclk=1,BOUQUET ROLDÁN,Otras Zonas,False
Q' Pana dería Che,Bakery,"5,0",3,"Gral. Manuel Belgrano 576, Q8300 Neuquén, Argentina",-38.950859,-68.067273,https://www.google.com/maps/place/Q%27+Pana+der%C3%ADa+Che/data=!4m7!3m6!1s0x960a33001e124845:0x587cee122e50566c!8m2!3d-38.950859!4d-68.067273!16s%2Fg%2F11lzphhh0s!19sChIJRUgSHgAzCpYRbFZQLhLufFg?authuser=0&hl=en&rclk=1,ÁREA CENTRO OESTE,Otras Zonas,False
El Horno Sagrado Masa madre,Bakery,"5,0",1,"Q8302 Neuquén, Argentina",-38.9566588,-68.0618363,https://www.google.com/maps/place/El+Horno+Sagrado+Masa+madre/data=!4m7!3m6!1s0x960a33002b8dbe23:0x71b70721746eee10!8m2!3d-38.9566588!4d-68.0618363!16s%2Fg%2F11wq_p6md_!19sChIJI76NKwAzCpYREO5udCEHt3E?authuser=0&hl=en&rclk=1,ÁREA CENTRO SUR,Otras Zonas,False
El pan nuestro de cada dia,Bakery,"5,0",1,"Ignacio Rivas 318, Q8302 Neuquén, Argentina",-38.9584046,-68.0784656,https://www.google.com/maps/place/El+pan+nuestro+de+cada+dia/data=!4m7!3m6!1s0x960a33006a8eecb7:0x589ae690ead2fd4a!8m2!3d-38.9584046!4d-68.0784656!16s%2Fg%2F11lf81b7rz!19sChIJt-yOagAzCpYRSv3S6pDmmlg?authuser=0&hl=en&rclk=1,BOUQUET ROLDÁN,Otras Zonas,False
ballerina capuchina,Coffee shop,"5,0",1,"Juan B. Justo 35, Q8300 Neuquén, Argentina",-38.9537856,-68.0598846,https://www.google.com/maps/place/ballerina+capuchina/data=!4m7!3m6!1s0x960a330007f8af39:0x7abc2cd0f81a6192!8m2!3d-38.9537856!4d-68.0598846!16s%2Fg%2F11xsldnqz4!19sChIJOa_4BwAzCpYRkmEa-NAsvHo?authuser=0&hl=en&rclk=1,ÁREA CENTRO ESTE,Otras Zonas,False
Pranzo Empanadas - Neuquén - Local Olascoaga,Takeout Restaurant,"4,1",975,"Av. Coronel Olascoaga 765, Q8300 Neuquén, Argentina",-38.9632648,-68.0596246,https://www.google.com/maps/place/Pranzo+Empanadas+-+Neuqu%C3%A9n+-+Local+Olascoaga/data=!4m7!3m6!1s0x960a322df91636ab:0xcc0a561a198c08fa!8m2!3d-38.9632648!4d-68.0596246!16s%2Fg%2F11b720r2hl!19sChIJqzYW-S0yCpYR-giMGRpWCsw?authuser=0&hl=en&rclk=1,NUEVO,Otras Zonas,False
Café Nunou,Cafeteria,"4,4",725,"España 175, R8324 Cipolletti, Río Negro, Argentina",-38.9394776,-67.9962791,https://www.google.com/maps/place/Caf%C3%A9+Nunou/data=!4m7!3m6!1s0x960a3147e73d3a0b:0x634722f5adcd1379!8m2!3d-38.9394776!4d-67.9962791!16s%2Fg%2F11r9vzpq73!19sChIJCzo950cxCpYReRPNrfUiR2M?authuser=0&hl=en&rclk=1,,Otras Zonas,False
SALVAJE BURGERS OESTE,Hamburger restaurant,"4,7",159,"Cnel. Godoy E. 110, Q8300 Neuquén, Argentina",-38.9534355,-68.1177332,https://www.google.com/maps/place/SALVAJE+BURGERS+OESTE/data=!4m7!3m6!1s0x960a338c316d3673:0xa0ae7ffe702b0450!8m2!3d-38.9534355!4d-68.1177332!16s%2Fg%2F11t7zhgv9g!19sChIJczZtMYwzCpYRUAQrcP5_rqA?authuser=0&hl=en&rclk=1,CANAL V,Otras Zonas,False
MORCLAN,Hamburger restaurant,"4,6",132,"Antártida Argentina 2154, Q8300 Neuquén, Argentina",-38.9474364,-68.0891812,https://www.google.com/maps/place/MORCLAN/data=!4m7!3m6!1s0x960a33221dd6d587:0x55e4a10482be544a!8m2!3d-38.9474364!4d-68.0891812!16s%2Fg%2F11q3prkq61!19sChIJh9XWHSIzCpYRSlS-ggSh5FU?authuser=0&hl=en&rclk=1,ISLAS MALVINAS,Oeste / Alta Densidad,False
West food,Hamburger restaurant,"5,0",28,"Zeballos 4680, Q8300 Neuquén, Argentina",-38.9503213,-68.1239556,https://www.google.com/maps/place/West+food/data=!4m7!3m6!1s0x960a3389d7624c3d:0x67f42676eac6b921!8m2!3d-38.9503213!4d-68.1239556!16s%2Fg%2F11x971j7t5!19sChIJPUxi14kzCpYRIbnG6nYm9Gc?authuser=0&hl=en&rclk=1,SAN LORENZO SUR,Oeste Profundo,False
Virka's la Autentica Hamburguesa,Restaurant,"4,5",55,"Juan B Justo #514 entre Salta, Jujuy y, Q8300 Neuquén, Argentina",-38.954044,-68.066556,https://www.google.com/maps/place/Virka%27s+la+Autentica+Hamburguesa/data=!4m7!3m6!1s0x960a332b31a14ab9:0x3d3c70d9af726df4!8m2!3d-38.954044!4d-68.066556!16s%2Fg%2F11ld65nrg5!19sChIJuUqhMSszCpYR9G1yr9lwPD0?authuser=0&hl=en&rclk=1,ÁREA CENTRO OESTE,Otras Zonas,False
Burger Neuquén,Hamburger restaurant,"5,0",6,"Buenos Aires 414, Q8302 Neuquén, Argentina",-38.9504816,-68.0577587,https://www.google.com/maps/place/Burger+Neuqu%C3%A9n/data=!4m7!3m6!1s0x960a330038503655:0x53ef3370031beb2a!8m2!3d-38.9504816!4d-68.0577587!16s%2Fg%2F11x7nnqbph!19sChIJVTZQOAAzCpYRKusbA3Az71M?authuser=0&hl=en&rclk=1,ÁREA CENTRO ESTE,Otras Zonas,False
EL TALLER,Hamburger restaurant,"4,4",274,"Cnel. Godoy E. 13, Q8302DSJ Q8302DSJ, Neuquén, Argentina",-38.9545241,-68.1173004,https://www.google.com/maps/place/EL+TALLER/data=!4m7!3m6!1s0x960a332c88fa2c69:0x3d124e00d669886a!8m2!3d-38.9545241!4d-68.1173004!16s%2Fg%2F11qh83mwzh!19sChIJaSz6iCwzCpYRaohp1gBOEj0?authuser=0&hl=en&rclk=1,CANAL V,Otras Zonas,False
Donde la pepa,Hamburger restaurant,"4,5",37,"Lanín 1940, Q8300 Neuquén, Argentina",-38.9649715,-68.0863612,https://www.google.com/maps/place/Donde+la+pepa/data=!4m7!3m6!1s0x960a330a5fc89aeb:0xa25d650e055f1e26!8m2!3d-38.9649715!4d-68.0863612!16s%2Fg%2F11f9xc_tz2!19sChIJ65rIXwozCpYRJh5fBQ5lXaI?authuser=0&hl=en&rclk=1,MILITAR,Otras Zonas,False
"Que pesto! Pastas, hamburguesas y comida para llevar",Pasta shop,"4,9",48,"Rio Senguer 1425, Q8300 Neuquén, Argentina",-38.9791213,-68.0793151,"https://www.google.com/maps/place/Que+pesto!+Pastas,+hamburguesas+y+comida+para+llevar/data=!4m7!3m6!1s0x960a334f784b9e17:0x870a1af88cd18fd0!8m2!3d-38.9791213!4d-68.0793151!16s%2Fg%2F11fb3p2ld1!19sChIJF55LeE8zCpYR0I_RjPgaCoc?authuser=0&hl=en&rclk=1",ALTOS DEL LIMAY,Otras Zonas,False
Don Burgers,Delivery Restaurant,"5,0",10,"Rivadavia 365, Q8300 Neuquén, Argentina",-38.954179,-68.0540135,https://www.google.com/maps/place/Don+Burgers/data=!4m7!3m6!1s0x960a3337448dc425:0xc06aaadfd2b27818!8m2!3d-38.954179!4d-68.0540135!16s%2Fg%2F11wv9tz0fb!19sChIJJcSNRDczCpYRGHiy0t-qasA?authuser=0&hl=en&rclk=1,ÁREA CENTRO ESTE,Otras Zonas,False
Mundo hamburguesa,Hamburger restaurant,"5,0",4,"Cayasta, Juan José Castelli y, Q8300 Neuquén, Argentina",-38.9438901,-68.1256127,https://www.google.com/maps/place/Mundo+hamburguesa/data=!4m7!3m6!1s0x960a33300297ff0b:0x68f7a4462f9e3fe!8m2!3d-38.9438901!4d-68.1256127!16s%2Fg%2F11y7d1_4__!19sChIJC_-XAjAzCpYR_uP5YkR6jwY?authuser=0&hl=en&rclk=1,SAN LORENZO NORTE,Oeste Profundo,False
Cocigna,Restaurant,"4,4",241,"Choique 2378, Q8304 Neuquén, Argentina",-38.9294937,-68.0848099,https://www.google.com/maps/place/Cocigna/data=!4m7!3m6!1s0x960a331dc52c3ed3:0xa1373b3927fc8cd5!8m2!3d-38.9294937!4d-68.0848099!16s%2Fg%2F11nmq9mprw!19sChIJ0z4sxR0zCpYR1Yz8Jzk7N6E?authuser=0&hl=en&rclk=1,TERRAZAS DEL NEUQUÉN,Otras Zonas,False
New York burger,Restaurant,"2,2",45,"Av. Dr. Ramón 372, Q8300 Neuquén, Argentina",-38.9416725,-68.064068,https://www.google.com/maps/place/New+York+burger/data=!4m7!3m6!1s0x960a33d2c8dfdbb1:0xcb391858dd8182c1!8m2!3d-38.9416725!4d-68.064068!16s%2Fg%2F11frkr2brh!19sChIJsdvfyNIzCpYRwYKB3VgYOcs?authuser=0&hl=en&rclk=1,ÁREA CENTRO ESTE,Otras Zonas,False
Promo Fiesta,Hamburger restaurant,"4,5",260,"Dr. Teodoro Luis Planas 475, Q8302 Neuquén, Argentina",-38.9591856,-68.0659919,https://www.google.com/maps/place/Promo+Fiesta/data=!4m7!3m6!1s0x960a33cb5966b5b1:0x5b132e90ab612062!8m2!3d-38.9591856!4d-68.0659919!16s%2Fg%2F11clywfwcx!19sChIJsbVmWcszCpYRYiBhq5AuE1s?authuser=0&hl=en&rclk=1,ÁREA CENTRO SUR,Otras Zonas,False
Manush,Hamburger restaurant,"4,1",32,"Río Negro 132, Q8300 Neuquén, Argentina",-38.9773007,-68.0540723,https://www.google.com/maps/place/Manush/data=!4m7!3m6!1s0x960a33b8f0eda26d:0x76079eac9aeb0b3e!8m2!3d-38.9773007!4d-68.0540723!16s%2Fg%2F11r4m2txk7!19sChIJbaLt8LgzCpYRPgvrmqyeB3Y?authuser=0&hl=en&rclk=1,RÍO GRANDE,Otras Zonas,False
La cocina de francesca,Hamburger restaurant,"4,3",25,"casa 10, La Primavera mzn q, Q8300 Neuquén, Argentina",-38.9467744,-68.1265509,https://www.google.com/maps/place/La+cocina+de+francesca/data=!4m7!3m6!1s0x960a3386dfb63a97:0xdefd623b295d4735!8m2!3d-38.9467744!4d-68.1265509!16s%2Fg%2F11tczkpq6q!19sChIJlzq234YzCpYRNUddKTti_d4?authuser=0&hl=en&rclk=1,SAN LORENZO SUR,Oeste Profundo,False
Nm,Hamburger restaurant,"4,4",5,"Buenos Aires 414, Q8300 Neuquén, Argentina",-38.9506194,-68.0577666,https://www.google.com/maps/place/Nm/data=!4m7!3m6!1s0x960a3301a0466059:0x2045c0c9f7a69a29!8m2!3d-38.9506194!4d-68.0577666!16s%2Fg%2F11lcc7d3jd!19sChIJWWBGoAEzCpYRKZqm98nARSA?authuser=0&hl=en&rclk=1,ÁREA CENTRO ESTE,Otras Zonas,False
El Desembarco Plottier,Bar,"4,2",169,"Av. San Martín 239, Plottier, Neuquén, Argentina",-38.9513497,-68.2255306,https://www.google.com/maps/place/El+Desembarco+Plottier/data=!4m7!3m6!1s0x960bcb0034a9a4e7:0x5a8465ae091e1559!8m2!3d-38.9513497!4d-68.2255306!16s%2Fg%2F11yb53rkn2!19sChIJ56SpNADLC5YRWRUeCa5lhFo?authuser=0&hl=en&rclk=1,,Otras Zonas,False
Mostaza - Alto Comahue Shopping,Hamburger restaurant,"2,2",125,"Alto Comahue Shopping (Neuquén, Av. Dr. Ramón 355 8300, Neuquén, Argentina",-38.9411139,-68.0653403,https://www.google.com/maps/place/Mostaza+-+Alto+Comahue+Shopping/data=!4m7!3m6!1s0x960a334460a801df:0x17176a17854ed45e!8m2!3d-38.9411139!4d-68.0653403!16s%2Fg%2F11pklm_yvm!19sChIJ3wGoYEQzCpYRXtROhRdqFxc?authuser=0&hl=en&rclk=1,ÁREA CENTRO ESTE,Otras Zonas,False
HAMBURGUESAS RICKI,Hamburger restaurant,"3,9",17,"Av. Coronel Olascoaga 1038, Q8300 Neuquén, Argentina",-38.966328,-68.058971,https://www.google.com/maps/place/HAMBURGUESAS+RICKI/data=!4m7!3m6!1s0x960a33b39e75ba1f:0x724c5f16214d8903!8m2!3d-38.966328!4d-68.058971!16s%2Fg%2F11sv2qtmvf!19sChIJH7p1nrMzCpYRA4lNIRZfTHI?authuser=0&hl=en&rclk=1,VILLA MARÍA,Otras Zonas,False
Burger King,Fast food restaurant,"4,0",1894,"Av. Dr. Ramón 382, Q8302 Neuquén, Argentina",-38.9423233,-68.0646003,https://www.google.com/maps/place/Burger+King/data=!4m7!3m6!1s0x960a33c21fbe6819:0xb90fdfd47e8c30d1!8m2!3d-38.9423233!4d-68.0646003!16s%2Fg%2F11c0rgn3qw!19sChIJGWi-H8IzCpYR0TCMftTfD7k?authuser=0&hl=en&rclk=1,ÁREA CENTRO ESTE,Otras Zonas,False
Promo Fiesta Neuquén II,Hamburger restaurant,"4,3",24,"Cnel. Godoy E. 199-299, Q8302DSL Q8302DSN, Neuquén, Argentina",-38.9519156,-68.117649,https://www.google.com/maps/place/Promo+Fiesta+Neuqu%C3%A9n+II/data=!4m7!3m6!1s0x960a33de73b12be7:0xdb1c059c479cf920!8m2!3d-38.9519156!4d-68.117649!16s%2Fg%2F11fq7b3xxd!19sChIJ5yuxc94zCpYRIPmcR5wFHNs?authuser=0&hl=en&rclk=1,CANAL V,Otras Zonas,False
Burger King - Sucursal Paseo de la Patagonia,Fast food restaurant,"2,8",155,"Antártida Argentina 1111, Q8300 Neuquén, Argentina",-38.94596,-68.074703,https://www.google.com/maps/place/Burger+King+-+Sucursal+Paseo+de+la+Patagonia/data=!4m7!3m6!1s0x960a33dcb6a6d5db:0x74d267b78f62a23e!8m2!3d-38.94596!4d-68.074703!16s%2Fg%2F11f7p478xm!19sChIJ29WmttwzCpYRPqJij7dn0nQ?authuser=0&hl=en&rclk=1,ÁREA CENTRO OESTE,Otras Zonas,False
Bombastick,Hamburger restaurant,"3,5",4,"Zeballos 4744, Q8300 Neuquén, Argentina",-38.9509541,-68.1249021,https://www.google.com/maps/place/Bombastick/data=!4m7!3m6!1s0x960a330061c14355:0x92f7b260927d0166!8m2!3d-38.9509541!4d-68.1249021!16s%2Fg%2F11xd28t22b!19sChIJVUPBYQAzCpYRZgF9kmCy95I?authuser=0&hl=en&rclk=1,CANAL V,Otras Zonas,False
El Gibbor,Restaurant,"3,8",21,"Avenida Argentina 1415, Neuquén, Argentina",-38.939858,-68.0588429,https://www.google.com/maps/place/El+Gibbor/data=!4m7!3m6!1s0x960a33725116e52b:0x52d8721df3051fce!8m2!3d-38.939858!4d-68.0588429!16s%2Fg%2F11gy04n_tk!19sChIJK-UWUXIzCpYRzh8F8x1y2FI?authuser=0&hl=en&rclk=1,ÁREA CENTRO ESTE,Otras Zonas,False
ilPanino,Hamburger restaurant,"3,1",65,"Fray Luis Beltrán 518, Q8302 Neuquén, Argentina",-38.9609699,-68.0933851,https://www.google.com/maps/place/ilPanino/data=!4m7!3m6!1s0x960a33aa25ab78b5:0xb5a7e04ee18bce56!8m2!3d-38.9609699!4d-68.0933851!16s%2Fg%2F11g8zxq9fv!19sChIJtXirJaozCpYRVs6L4U7gp7U?authuser=0&hl=en&rclk=1,MILITAR,Otras Zonas,False
HK Hyong kyu Fried Chicken,Fried chicken takeaway,"4,3",24,"Diag. España 206, Q8300 Neuquén, Argentina",-38.9485002,-68.0561926,https://www.google.com/maps/place/HK+Hyong+kyu+Fried+Chicken/data=!4m7!3m6!1s0x960a330045508253:0x60d90f9c65235df2!8m2!3d-38.9485002!4d-68.0561926!16s%2Fg%2F11lcl5f72d!19sChIJU4JQRQAzCpYR8l0jZZwP2WA?authuser=0&hl=en&rclk=1,ÁREA CENTRO ESTE,Otras Zonas,False
FranMa,Takeout Restaurant,"5,0",1,"Q8300 Neuquén, Argentina",-38.9452753,-68.0505405,https://www.google.com/maps/place/FranMa/data=!4m7!3m6!1s0x960a33cb1abdeb4b:0xdd662df61bdc629d!8m2!3d-38.9452753!4d-68.0505405!16s%2Fg%2F11mkjdjs2k!19sChIJS-u9GsszCpYRnWLcG_YtZt0?authuser=0&hl=en&rclk=1,SANTA GENOVEVA,Residencial VIP / Cerca Centro,False
Betos Lomos - Alto Comahue,Hamburger restaurant,"1,3",79,"Av. Dr. Ramón 439, Neuquén, Argentina",-38.9410395,-68.0657034,https://www.google.com/maps/place/Betos+Lomos+-+Alto+Comahue/data=!4m7!3m6!1s0x960a3312e2c234b1:0xea84a357b6f9cabd!8m2!3d-38.9410395!4d-68.0657034!16s%2Fg%2F11q57yxg5v!19sChIJsTTC4hIzCpYRvcr5tlejhOo?authuser=0&hl=en&rclk=1,ÁREA CENTRO ESTE,Otras Zonas,False
Automac,Fast food restaurant,"3,6",176,"Montevideo 575, Q8302 Neuquén, Argentina",-38.9599735,-68.051026,https://www.google.com/maps/place/Automac/data=!4m7!3m6!1s0x960a322bb06bab1b:0x1e166134dcaefbb!8m2!3d-38.9599735!4d-68.051026!16s%2Fg%2F11fnnm99vq!19sChIJG6trsCsyCpYRu-_KTRNm4QE?authuser=0&hl=en&rclk=1,BELGRANO,Otras Zonas,False
Rotiseria Bar Neco,Restaurant,"4,4",46,"Int. Chaneton 305, Q8302 Neuquén, Argentina",-38.9582786,-68.0706807,https://www.google.com/maps/place/Rotiseria+Bar+Neco/data=!4m7!3m6!1s0x960a336bf0fa476f:0xfe37f09fb696cfe7!8m2!3d-38.9582786!4d-68.0706807!16s%2Fg%2F11h2qm_5ky!19sChIJb0f68GszCpYR58-Wtp_wN_4?authuser=0&hl=en&rclk=1,ÁREA CENTRO SUR,Otras Zonas,False
sr gohan,Sushi takeaway,"4,2",61,"Presidente Arturo H. Illia 293, Q8300 Neuquén, Argentina",-38.9520525,-68.044933,https://www.google.com/maps/place/sr+gohan/data=!4m7!3m6!1s0x960a3145fb0347dd:0x9c07ee5b705c1303!8m2!3d-38.9520525!4d-68.044933!16s%2Fg%2F11y2n_84bb!19sChIJ3UcD-0UxCpYRAxNccFvuB5w?authuser=0&hl=en&rclk=1,VILLA FARRELL,Otras Zonas,False
Mostaza Walmart Neuquén,Fast food restaurant,"1,9",125,"Ruta Nacional 22, A Perticone Eugenio &, Neuquén, Argentina",-38.9606101,-68.0409801,https://www.google.com/maps/place/Mostaza+Walmart+Neuqu%C3%A9n/data=!4m7!3m6!1s0x960a31be13d1fb41:0x4e5fbe1af21a6d2c!8m2!3d-38.9606101!4d-68.0409801!16s%2Fg%2F11rqqgmhm4!19sChIJQfvRE74xCpYRLG0a8hq-X04?authuser=0&hl=en&rclk=1,BELGRANO,Otras Zonas,False
Parador Caleuche,Restaurant,"3,6",523,"9 julio, Av. del Trabajador y, Q8300 Neuquén, Argentina",-38.9397995,-68.0590287,https://www.google.com/maps/place/Parador+Caleuche/data=!4m7!3m6!1s0x960a33c43a80526f:0x57e8229374a5529a!8m2!3d-38.9397995!4d-68.0590287!16s%2Fg%2F11gdm3dfw6!19sChIJb1KAOsQzCpYRmlKldJMi6Fc?authuser=0&hl=en&rclk=1,ÁREA CENTRO ESTE,Otras Zonas,False
La china gavilan,Hamburger restaurant,"5,0",11,"Saturnino Torres 1224, Q8300DJY Neuquén, Argentina",-38.9679696,-68.0396786,https://www.google.com/maps/place/La+china+gavilan/data=!4m7!3m6!1s0x960a315a33369f6f:0xe4648753ceeeaed5!8m2!3d-38.9679696!4d-68.0396786!16s%2Fg%2F11s0wjhd9r!19sChIJb582M1oxCpYR1a7uzlOHZOQ?authuser=0&hl=en&rclk=1,CONFLUENCIA URBANO,Otras Zonas,False
"Food truck choripan a u$s 1,5",Hamburger restaurant,"4,4",33,"Gdor. Elordi 1462, Q8302 Neuquén, Argentina",-38.9497151,-68.0795974,"https://www.google.com/maps/place/Food+truck+choripan+a+u$s+1,5/data=!4m7!3m6!1s0x960a33b569f40797:0x8bef70e99deaa7ee!8m2!3d-38.9497151!4d-68.0795974!16s%2Fg%2F11n0b5_6b3!19sChIJlwf0abUzCpYR7qfqnelw74s?authuser=0&hl=en&rclk=1",ISLAS MALVINAS,Oeste / Alta Densidad,False
Caos Burgers,Hamburger restaurant,"4,5",241,"25 de Mayo 146, R8324 Cipolletti, Río Negro, Argentina",-38.9387924,-68.0006919,https://www.google.com/maps/place/Caos+Burgers/data=!4m7!3m6!1s0x960a311372bc7709:0xd91e62d82c14b145!8m2!3d-38.9387924!4d-68.0006919!16s%2Fg%2F11t2yxm347!19sChIJCXe8chMxCpYRRbEULNhiHtk?authuser=0&hl=en&rclk=1,,Otras Zonas,False
Panino - Paseo del Sol,Restaurant,"3,4",39,"Perito Moreno, Río Negro &, Neuquén, Argentina",-38.9580907,-68.0559095,https://www.google.com/maps/place/Panino+-+Paseo+del+Sol/data=!4m7!3m6!1s0x960a3300761d86cb:0xc72f68182d62426!8m2!3d-38.9580907!4d-68.0559095!16s%2Fg%2F11xtrr36v4!19sChIJy4YddgAzCpYRJiTWgoH2cgw?authuser=0&hl=en&rclk=1,ÁREA CENTRO SUR,Otras Zonas,False
DONATO,Sin categoría,"3,6",521,"Centro Este, Sta. Fe 205, Q8300 Neuquén, Argentina",-38.9528084,-68.0560649,https://www.google.com/maps/place/DONATO/data=!4m7!3m6!1s0x960a33d17b5fdfd3:0x3a73adfd99b70765!8m2!3d-38.9528084!4d-68.0560649!16s%2Fg%2F11b70d0gvs!19sChIJ099fe9EzCpYRZQe3mf2tczo?authuser=0&hl=en&rclk=1,ÁREA CENTRO ESTE,Otras Zonas,False
Punto Hamburguesa,Hamburger restaurant,"4,0",65,"Entre Ríos 809, Q8316 Plottier, Neuquén, Argentina",-38.9579663,-68.2403631,https://www.google.com/maps/place/Punto+Hamburguesa/data=!4m7!3m6!1s0x960bcf6590a7dc07:0x17a4ac07eb2a6c1b!8m2!3d-38.9579663!4d-68.2403631!16s%2Fg%2F11rfrsz5fp!19sChIJB9ynkGXPC5YRG2wq6wespBc?authuser=0&hl=en&rclk=1,,Otras Zonas,False
Valleys Burger,Hamburger restaurant,"5,0",67,"Gral. San Martín 686, Q8234 Cipolletti, Río Negro, Argentina",-38.940921,-67.9928159,https://www.google.com/maps/place/Valleys+Burger/data=!4m7!3m6!1s0x960a33de8ed488a7:0xd8272031fb96fe0!8m2!3d-38.940921!4d-67.9928159!16s%2Fg%2F11zklmdrr_!19sChIJp4jUjt4zCpYR4G-5HwNygg0?authuser=0&hl=en&rclk=1,,Otras Zonas,False
AL PASO Empanadas y Pizzas,Fast food restaurant,"4,1",32,"Manuel Láinez 250, Q8300 Neuquén, Argentina",-38.9576946,-68.0661074,https://www.google.com/maps/place/AL+PASO+Empanadas+y+Pizzas/data=!4m7!3m6!1s0x960a33fbf6d7407d:0x5789527f08be6a39!8m2!3d-38.9576946!4d-68.0661074!16s%2Fg%2F11yf5g5ljq!19sChIJfUDX9vszCpYROWq-CH9SiVc?authuser=0&hl=en&rclk=1,ÁREA CENTRO SUR,Otras Zonas,False
La reina del sabor (PISTIÜ),Pizza Takeout,"3,3",45,"Tierra del Fuego 262, Q8300 Neuquén, Argentina",-38.9577695,-68.0519551,https://www.google.com/maps/place/La+reina+del+sabor+%28PISTI%C3%9C%29/data=!4m7!3m6!1s0x960a317fb2673d01:0x6fcabc0f95ccb355!8m2!3d-38.9577695!4d-68.0519551!16s%2Fg%2F11b71_wvlr!19sChIJAT1nsn8xCpYRVbPMlQ-8ym8?authuser=0&hl=en&rclk=1,ÁREA CENTRO SUR,Otras Zonas,False
"""Sabor Tucumano"" casa de empanadas",Fast food restaurant,"4,3",28,"Juan Bautista Alberdi, Gral. Conrado Villegas &, Neuquén, Argentina",-38.9530527,-68.0481165,https://www.google.com/maps/place/%22Sabor+Tucumano%22+casa+de+empanadas/data=!4m7!3m6!1s0x960a330070e1fb4d:0xcd76f406fa6b12cc!8m2!3d-38.9530527!4d-68.0481165!16s%2Fg%2F11wgk31q3h!19sChIJTfvhcAAzCpYRzBJr-gb0ds0?authuser=0&hl=en&rclk=1,ÁREA CENTRO ESTE,Otras Zonas,False
Jalapeño,Mexican restaurant,"4,5",245,"Juan Julián Lastra 2400, Q8300 Neuquén, Argentina",-38.9608093,-68.0932396,https://www.google.com/maps/place/Jalape%C3%B1o/data=!4m7!3m6!1s0x960a33dd8b27d811:0xde13fce39d1253ec!8m2!3d-38.9608093!4d-68.0932396!16s%2Fg%2F11tdbnkjw6!19sChIJEdgni90zCpYR7FMSneP8E94?authuser=0&hl=en&rclk=1,MILITAR,Otras Zonas,False
casa de comidas,Restaurant,"4,2",19,"Juan B. Justo 2088-2024, Q8300HCL Q8300HCL, Neuquén, Argentina",-38.9536014,-68.0881684,https://www.google.com/maps/place/casa+de+comidas/data=!4m7!3m6!1s0x960a335bcccb7989:0xa4c41f1a90774319!8m2!3d-38.9536014!4d-68.0881684!16s%2Fg%2F11gzb9_jty!19sChIJiXnLzFszCpYRGUN3kBofxKQ?authuser=0&hl=en&rclk=1,CUMELÉN,Otras Zonas,False
La Martineta Food Truck,Colombian restaurant,"4,2",57,"Av. Coronel Olascoaga 1299, Q1359 Neuquén, Argentina",-38.969255,-68.0593877,https://www.google.com/maps/place/La+Martineta+Food+Truck/data=!4m7!3m6!1s0x960a322553c67907:0x31fb1e6b643384a2!8m2!3d-38.969255!4d-68.0593877!16s%2Fg%2F11dfwy916q!19sChIJB3nGUyUyCpYRooQzZGse-zE?authuser=0&hl=en&rclk=1,VILLA MARÍA,Otras Zonas,False
Trua Take Away,Takeout Restaurant,"4,7",89,"Río Negro 551, Q8300 Neuquén, Argentina",-38.9609119,-68.0565772,https://www.google.com/maps/place/Trua+Take+Away/data=!4m7!3m6!1s0x960a33244ad9745d:0xbc810a8c8d839233!8m2!3d-38.9609119!4d-68.0565772!16s%2Fg%2F11j_82wsrd!19sChIJXXTZSiQzCpYRM5KDjYwKgbw?authuser=0&hl=en&rclk=1,BELGRANO,Otras Zonas,False
Ay Ay Ay María,Mexican restaurant,"4,6",1939,"Cerro Belvedere 204, Q8407 Villa La Angostura, Neuquén, Argentina",-40.7643111,-71.6454537,https://www.google.com/maps/place/Ay+Ay+Ay+Mar%C3%ADa/data=!4m7!3m6!1s0x9610bf6876155555:0x9083a32558e86fa7!8m2!3d-40.7643111!4d-71.6454537!16s%2Fg%2F11c60mrdt1!19sChIJVVUVdmi_EJYRp2_oWCWjg5A?authuser=0&hl=en&rclk=1,,Otras Zonas,False
Pataco Pizzas,Restaurant,"2,5",2,"Diag 9 De Julio 130, Neuqu n, NEUQUEN, Argentina",-38.954327,-68.07407,https://www.google.com/maps/place/Pataco+Pizzas/data=!4m7!3m6!1s0x960a33b653176f4d:0xc24bf668b1a46d27!8m2!3d-38.954327!4d-68.07407!16s%2Fg%2F11bbrlcrfw!19sChIJTW8XU7YzCpYRJ22ksWj2S8I?authuser=0&hl=en&rclk=1,ÁREA CENTRO OESTE,Otras Zonas,False
ROTISERIA DELEITE,Restaurant,"4,1",671,"Islas Malvinas 799, Q8300 Neuquén, Argentina",-38.9476683,-68.0480233,https://www.google.com/maps/place/ROTISERIA+DELEITE/data=!4m7!3m6!1s0x960a33d7e02d8a8f:0xc31a34fc9d86211a!8m2!3d-38.9476683!4d-68.0480233!16s%2Fg%2F1vzv4vvr!19sChIJj4ot4NczCpYRGiGGnfw0GsM?authuser=0&hl=en&rclk=1,SANTA GENOVEVA,Residencial VIP / Cerca Centro,False
Sushi Zen Neuquen,Sushi takeaway,"4,3",367,"Almte. Brown 369, Q8300 Neuquén, Argentina",-38.950987,-68.061996,https://www.google.com/maps/place/Sushi+Zen+Neuquen/data=!4m7!3m6!1s0x960a33cfa55417d5:0xb6a3ca37ab3d6499!8m2!3d-38.950987!4d-68.061996!16s%2Fg%2F11clsn4nqs!19sChIJ1RdUpc8zCpYRmWQ9qzfKo7Y?authuser=0&hl=en&rclk=1,ÁREA CENTRO ESTE,Otras Zonas,False
"Lomitos ""Betos Lomos""",Restaurant,"3,6",416,"San Martín 3418, Q8302 Neuquén, Argentina",-38.9549561,-68.1068032,https://www.google.com/maps/place/Lomitos+%22Betos+Lomos%22/data=!4m7!3m6!1s0x960a330e2419b80b:0xe027fdc94cf30eb2!8m2!3d-38.9549561!4d-68.1068032!16s%2Fg%2F11g8_1qh4h!19sChIJC7gZJA4zCpYRsg7zTMn9J-A?authuser=0&hl=en&rclk=1,HUILICHES,Otras Zonas,False
Insoportablemente Vivxs,Fast food restaurant,"4,8",35,"Centeno Mario 3745, Q8300 Neuquén, Argentina",-38.9410291,-68.1110029,https://www.google.com/maps/place/Insoportablemente+Vivxs/data=!4m7!3m6!1s0x960a3369f86ccf5b:0x2a1442d22e08b32f!8m2!3d-38.9410291!4d-68.1110029!16s%2Fg%2F11lsj7w_w_!19sChIJW89s-GkzCpYRL7MILtJCFCo?authuser=0&hl=en&rclk=1,MELIPAL,Oeste / Residencial,False
Lomitos,Restaurant,"4,0",9,"Q8302 Neuquén, Argentina",-38.9591807,-68.0695606,https://www.google.com/maps/place/Lomitos/data=!4m7!3m6!1s0x960a33caeedeffed:0x90c006531e3bf223!8m2!3d-38.9591807!4d-68.0695606!16s%2Fg%2F11j2yj98mh!19sChIJ7f_e7sozCpYRI_I7HlMGwJA?authuser=0&hl=en&rclk=1,ÁREA CENTRO SUR,Otras Zonas,False
Añoranza Lomos Y Empanadas,Grocery store,"4,1",61,"Q8304ISA, Tte. Juan Solalique 1-67, Q8304ISB Neuquén, Argentina",-38.9554713,-68.1066086,https://www.google.com/maps/place/A%C3%B1oranza+Lomos+Y+Empanadas/data=!4m7!3m6!1s0x960a330e32f218f7:0xcde732a73725bdad!8m2!3d-38.9554713!4d-68.1066086!16s%2Fg%2F11d_8xdg3g!19sChIJ9xjyMg4zCpYRrb0lN6cy580?authuser=0&hl=en&rclk=1,HUILICHES,Otras Zonas,False
Mya lomiteria,Takeout Restaurant,"3,2",5,"plottier Neuquén AR, Av. San Martín N° 1112, Q8316 Neuquén, Argentina",-38.9425216,-68.2258058,https://www.google.com/maps/place/Mya+lomiteria/data=!4m7!3m6!1s0x960bcb4b13cd3ccb:0xb6e9932154f29402!8m2!3d-38.9425216!4d-68.2258058!16s%2Fg%2F11t5kp29fv!19sChIJyzzNE0vLC5YRApTyVCGT6bY?authuser=0&hl=en&rclk=1,,Otras Zonas,False
Wulcan,Fast food restaurant,"4,7",11,"Gral. Manuel Belgrano 2135 8300, Q8300 Neuquén, Argentina",-38.9504581,-68.0887546,https://www.google.com/maps/place/Wulcan/data=!4m7!3m6!1s0x960a330041787699:0x7036a4886fa89285!8m2!3d-38.9504581!4d-68.0887546!16s%2Fg%2F11xhbj7rng!19sChIJmXZ4QQAzCpYRhZKob4ikNnA?authuser=0&hl=en&rclk=1,ISLAS MALVINAS,Oeste / Alta Densidad,False
La Taberna,Takeout Restaurant,"4,4",357,"Q8302DSK, Cnel. Godoy E. 164-198, Q8302DSK Neuquén, Argentina",-38.9528419,-68.1177032,https://www.google.com/maps/place/La+Taberna/data=!4m7!3m6!1s0x960a33150bf0847b:0x4eefba940eacc1a5!8m2!3d-38.9528419!4d-68.1177032!16s%2Fg%2F11c7087d9z!19sChIJe4TwCxUzCpYRpcGsDpS6704?authuser=0&hl=en&rclk=1,CANAL V,Otras Zonas,False
Elaboración Artesanal Cosas Deliciosas,Bakery,"4,3",316,"San Martín 3519, Q8300 Neuquén, Argentina",-38.9546374,-68.1081016,https://www.google.com/maps/place/Elaboraci%C3%B3n+Artesanal+Cosas+Deliciosas/data=!4m7!3m6!1s0x960a3311e81f1b81:0xfcebc72543773155!8m2!3d-38.9546374!4d-68.1081016!16s%2Fg%2F11b73wf670!19sChIJgRsf6BEzCpYRVTF3QyXH6_w?authuser=0&hl=en&rclk=1,HUILICHES,Otras Zonas,False
Panadería Nuestro Amigo,Bakery,"4,8",14,"Lago Titicaca 990, Q8302LCI Q8302LCI, Neuquén, Argentina",-38.9439542,-68.1019131,https://www.google.com/maps/place/Panader%C3%ADa+Nuestro+Amigo/data=!4m7!3m6!1s0x960a334255d453a5:0xa5d998dab651b1bc!8m2!3d-38.9439542!4d-68.1019131!16s%2Fg%2F11h230pcr7!19sChIJpVPUVUIzCpYRvLFRttqY2aU?authuser=0&hl=en&rclk=1,GREGORIO ÁLVAREZ,Otras Zonas,False
Panaderia y reposteria artesanal Doña Mabel,Bakery,"4,4",24,"Río Caleufú 4125, Q8302 Neuquén, Argentina",-38.9351012,-68.1164812,https://www.google.com/maps/place/Panaderia+y+reposteria+artesanal+Do%C3%B1a+Mabel/data=!4m7!3m6!1s0x960a33bce2bc5d83:0xf0e60669279b7aa4!8m2!3d-38.9351012!4d-68.1164812!16s%2Fg%2F11gtzndczj!19sChIJg1284rwzCpYRpHqbJ2kG5vA?authuser=0&hl=en&rclk=1,MELIPAL,Oeste / Residencial,False
Panadería Pastelería Dulce Maná,Bakery,"4,0",11,"Antártida Argentina 3220, Q8300 Neuquén, Argentina",-38.947381,-68.1038889,https://www.google.com/maps/place/Panader%C3%ADa+Pasteler%C3%ADa+Dulce+Man%C3%A1/data=!4m7!3m6!1s0x960a332552977413:0x3118ca5cfbda3a14!8m2!3d-38.947381!4d-68.1038889!16s%2Fg%2F11fhvy2m59!19sChIJE3SXUiUzCpYRFDra-1zKGDE?authuser=0&hl=en&rclk=1,HUILICHES,Otras Zonas,False
Panaderia Brisa,Bakery,"4,3",190,"Q8302DVV, DVV, Cnel. Godoy E. 1664-1668, Q8302 Neuquén, Argentina",-38.9374006,-68.1174796,https://www.google.com/maps/place/Panaderia+Brisa/data=!4m7!3m6!1s0x960a33670c2a9dd3:0x4ec5ed7b4a603f00!8m2!3d-38.9374006!4d-68.1174796!16s%2Fg%2F11f03_48g4!19sChIJ050qDGczCpYRAD9gSnvtxU4?authuser=0&hl=en&rclk=1,GRAN NEUQUÉN SUR,Otras Zonas,False
panadería pastelería,Bakery,"4,5",4,"Q8300 Neuquén, Argentina",-38.9344072,-68.1147672,https://www.google.com/maps/place/panader%C3%ADa+pasteler%C3%ADa/data=!4m7!3m6!1s0x960a33007eba6fff:0x91f4650ab7053ab7!8m2!3d-38.9344072!4d-68.1147672!16s%2Fg%2F11y5t6smxx!19sChIJ_2-6fgAzCpYRtzoFtwpl9JE?authuser=0&hl=en&rclk=1,GRAN NEUQUÉN NORTE,Otras Zonas,False
Panaderia Waldis,Bakery,"3,0",14,"Gatica 1700, Q8300 Neuquén, Argentina",-38.9732231,-68.073169,https://www.google.com/maps/place/Panaderia+Waldis/data=!4m7!3m6!1s0x960a33fb858eef45:0xe8d25dba11e964a2!8m2!3d-38.9732231!4d-68.073169!16s%2Fg%2F11t__vq6rm!19sChIJRe-OhfszCpYRomTpEbpd0ug?authuser=0&hl=en&rclk=1,LIMAY,Ribereño / Balnearios,True
Kabul (gastronomía árabe),Syrian restaurant,"5,0",1,"Av. Coronel Olascoaga 1221, Q8300 Neuquén, Argentina",-38.9692553,-68.059376,https://www.google.com/maps/place/Kabul+%28gastronom%C3%ADa+%C3%A1rabe%29/data=!4m7!3m6!1s0x960a33b1f2cbe01d:0x65ce23fc3ab184e8!8m2!3d-38.9692553!4d-68.059376!16s%2Fg%2F11pbr4q054!19sChIJHeDL8rEzCpYR6ISxOvwjzmU?authuser=0&hl=en&rclk=1,VILLA MARÍA,Otras Zonas,False
Desayunos Coco&Miel,Delivery Restaurant,"5,0",38,,-38.8974934,-68.092275,https://www.google.com/maps/place/Desayunos+Coco%26Miel/data=!4m7!3m6!1s0x960a31255e459aa9:0xe1ae1af5941145d4!8m2!3d-38.8974934!4d-68.092275!16s%2Fg%2F11j0vdwsqb!19sChIJqZpFXiUxCpYR1EURlPUaruE?authuser=0&hl=en&rclk=1,CIUDAD INDUSTRIAL OBISPO DON JAIME DE NEVARES,Otras Zonas,False
Tienda de Chipá Neuquén,Breakfast restaurant,"5,0",6,"Presidente Arturo H. Illia, Q8300 Neuquén, Argentina",-38.9430609,-68.0438513,https://www.google.com/maps/place/Tienda+de+Chip%C3%A1+Neuqu%C3%A9n/data=!4m7!3m6!1s0x960a311c16bd4e73:0xcdc63a9dd0937c2a!8m2!3d-38.9430609!4d-68.0438513!16s%2Fg%2F11y59b7qyr!19sChIJc069FhwxCpYRKnyT0J06xs0?authuser=0&hl=en&rclk=1,SANTA GENOVEVA,Residencial VIP / Cerca Centro,False
MOZA,Cafeteria,"4,7",107,"8300, Neuquén, Argentina",-38.9443014,-68.0741894,https://www.google.com/maps/place/MOZA/data=!4m7!3m6!1s0x960a33cbf681ce95:0xddb0b0ba9a2e60b4!8m2!3d-38.9443014!4d-68.0741894!16s%2Fg%2F11j8_5fqlz!19sChIJlc6B9sszCpYRtGAumrqwsN0?authuser=0&hl=en&rclk=1,ÁREA CENTRO OESTE,Otras Zonas,False
Dreams Delicia,Pastry shop,"5,0",14,"Lamarque 1100, Q8300 Neuquén, Argentina",-38.9674245,-68.0439858,https://www.google.com/maps/place/Dreams+Delicia/data=!4m7!3m6!1s0x960a31603bc81047:0xe985d112eadae30e!8m2!3d-38.9674245!4d-68.0439858!16s%2Fg%2F11vwp7lw94!19sChIJRxDIO2AxCpYRDuPa6hLRhek?authuser=0&hl=en&rclk=1,BELGRANO,Otras Zonas,False
Mikelo Oeste,Ice cream shop,"4,7",475,"San Martín 3597, Q8300 Neuquén, Argentina",-38.9546561,-68.1088784,https://www.google.com/maps/place/Mikelo+Oeste/data=!4m7!3m6!1s0x960a337a6d111435:0xf792066ced28a5d0!8m2!3d-38.9546561!4d-68.1088784!16s%2Fg%2F11r0syk83b!19sChIJNRQRbXozCpYR0KUo7WwGkvc?authuser=0&hl=en&rclk=1,HUILICHES,Otras Zonas,False
Lucciano´s Neuquén,Ice cream shop,"4,3",3882,"Avenida Argentina 1273, Q8300 Neuquén, Argentina",-38.9410605,-68.0587355,https://www.google.com/maps/place/Lucciano%C2%B4s+Neuqu%C3%A9n/data=!4m7!3m6!1s0x960a332218f4bc61:0x4d368574c454343c!8m2!3d-38.9410605!4d-68.0587355!16s%2Fg%2F11j24w6yd3!19sChIJYbz0GCIzCpYRPDRUxHSFNk0?authuser=0&hl=en&rclk=1,ÁREA CENTRO ESTE,Otras Zonas,False
Lucciano's Paseo de la Costa · Neuquén,Ice cream shop,"4,3",833,"Cabo Segundo Lopez 2119, Q8300 Neuquén, Argentina",-38.977904,-68.0524695,https://www.google.com/maps/place/Lucciano%27s+Paseo+de+la+Costa+%C2%B7+Neuqu%C3%A9n/data=!4m7!3m6!1s0x960a336d5ca9ecc5:0xf69bc3b3bb15bce5!8m2!3d-38.977904!4d-68.0524695!16s%2Fg%2F11kblgqd1w!19sChIJxeypXG0zCpYR5bwVu7PDm_Y?authuser=0&hl=en&rclk=1,RÍO GRANDE,Otras Zonas,False
Merlí Helados Artesanales - San Martín 4442,Ice cream shop,"4,4",384,"San Martín 4442, Q8300 Neuquén, Argentina",-38.9545865,-68.1202985,https://www.google.com/maps/place/Merl%C3%AD+Helados+Artesanales+-+San+Mart%C3%ADn+4442/data=!4m7!3m6!1s0x960a3343c03af96f:0x7a36458f1b8ca07f!8m2!3d-38.9545865!4d-68.1202985!16s%2Fg%2F11gr460pnp!19sChIJb_k6wEMzCpYRf6CMG49FNno?authuser=0&hl=en&rclk=1,CANAL V,Otras Zonas,False
Eletto,Ice cream shop,"4,2",981,"V, Chrestia 510, Neuquén, Argentina",-38.9494492,-68.0732949,https://www.google.com/maps/place/Eletto/data=!4m7!3m6!1s0x960a33b85d6fd689:0xb977bd51eaea1524!8m2!3d-38.9494492!4d-68.0732949!16s%2Fg%2F11b73jhvbl!19sChIJidZvXbgzCpYRJBXq6lG9d7k?authuser=0&hl=en&rclk=1,ÁREA CENTRO OESTE,Otras Zonas,False
Heladería Costa Piré,Ice cream shop,"4,2",4518,"Av. Coronel Olascoaga 1809, Q8300 Neuquén, Argentina",-38.9744671,-68.059713,https://www.google.com/maps/place/Helader%C3%ADa+Costa+Pir%C3%A9/data=!4m7!3m6!1s0x960a32234c8536db:0xd52f3bad9119fe06!8m2!3d-38.9744671!4d-68.059713!16s%2Fg%2F1tqg1jmq!19sChIJ2zaFTCMyCpYRBv4Zka07L9U?authuser=0&hl=en&rclk=1,RÍO GRANDE,Otras Zonas,False
Helados Gio,Ice cream shop,"4,5",166,"Félix San Martín 1216, Q8300 Neuquén, Argentina",-38.95924,-68.04198,https://www.google.com/maps/place/Helados+Gio/data=!4m7!3m6!1s0x960a31815e54a0c1:0x91d74cc9a182dfa8!8m2!3d-38.95924!4d-68.04198!16s%2Fg%2F11b6_x5nzc!19sChIJwaBUXoExCpYRqN-CoclM15E?authuser=0&hl=en&rclk=1,MARIANO MORENO,Otras Zonas,False
Heladeria Los Amores,Ice cream shop,"4,4",73,"Presidente Arturo H. Illia 44, Q8300 Neuquén, Argentina",-38.9546906,-68.0452582,https://www.google.com/maps/place/Heladeria+Los+Amores/data=!4m7!3m6!1s0x960a31003460f901:0xdd7be68d3a30ea60!8m2!3d-38.9546906!4d-68.0452582!16s%2Fg%2F11wxc7d5bv!19sChIJAflgNAAxCpYRYOowOo3me90?authuser=0&hl=en&rclk=1,VILLA FARRELL,Otras Zonas,False
Cuore di Panna • Oeste,Ice cream shop,"3,9",40,"San Martín 4000, Q8300 Neuquén, Argentina",-38.9545245,-68.1148687,https://www.google.com/maps/place/Cuore+di+Panna+%E2%80%A2+Oeste/data=!4m7!3m6!1s0x960a33c29a82f863:0x1b19458d5e30504!8m2!3d-38.9545245!4d-68.1148687!16s%2Fg%2F11mkg7ym2f!19sChIJY_iCmsIzCpYRBAXj1ViUsQE?authuser=0&hl=en&rclk=1,CANAL V,Otras Zonas,False
Heladeria Aloha,Ice cream shop,"4,5",124,"Cnel. Godoy E. 265, Q8300 Neuquén, Argentina",-38.9518884,-68.1173618,https://www.google.com/maps/place/Heladeria+Aloha/data=!4m7!3m6!1s0x960bc95c3a8b37d1:0xf14dc24d13eecc1f!8m2!3d-38.9518884!4d-68.1173618!16s%2Fg%2F11p_35qxxx!19sChIJ0TeLOlzJC5YRH8zuE03CTfE?authuser=0&hl=en&rclk=1,CANAL V,Otras Zonas,False
Helados Jauja Neuquén,Ice cream shop,"4,5",133,"Carlos H. Rodríguez 568, Q8302 Neuquén, Argentina",-38.9530439,-68.067472,https://www.google.com/maps/place/Helados+Jauja+Neuqu%C3%A9n/data=!4m7!3m6!1s0x960a339b3458798b:0x268003cedfa28477!8m2!3d-38.9530439!4d-68.067472!16s%2Fg%2F11vk7_43j0!19sChIJi3lYNJszCpYRd4Si384DgCY?authuser=0&hl=en&rclk=1,ÁREA CENTRO OESTE,Otras Zonas,False
Floripa,Ice cream shop,"4,8",38,"Q8300NFD Neuquén AR, Julio Argentino Roca 2696, Q8300 NFD, Argentina",-38.9518571,-68.0963544,https://www.google.com/maps/place/Floripa/data=!4m7!3m6!1s0x960a33d57649e40f:0xe8039b819fdf53f!8m2!3d-38.9518571!4d-68.0963544!16s%2Fg%2F11kys3hmwm!19sChIJD-RJdtUzCpYRP_X9Gbg5gA4?authuser=0&hl=en&rclk=1,EL PROGRESO,Otras Zonas,False
Mikelo Olascoaga,Ice cream shop,"4,7",171,"Av. Coronel Olascoaga 865, Q8300 Neuquén, Argentina",-38.9641383,-68.0597444,https://www.google.com/maps/place/Mikelo+Olascoaga/data=!4m7!3m6!1s0x960a332b6a37b9b9:0x8dc056487993cd20!8m2!3d-38.9641383!4d-68.0597444!16s%2Fg%2F11s5746hkv!19sChIJubk3aiszCpYRIM2TeUhWwI0?authuser=0&hl=en&rclk=1,VILLA MARÍA,Otras Zonas,False
Heladeria Heidi despacho de sabor,Ice cream shop,"4,6",52,"San Martín 3077, Q8300 Neuquén, Argentina",-38.9546992,-68.1020403,https://www.google.com/maps/place/Heladeria+Heidi+despacho+de+sabor/data=!4m7!3m6!1s0x960a339c75b0924f:0xa6dee4de43866aa2!8m2!3d-38.9546992!4d-68.1020403!16s%2Fg%2F11wj77f64t!19sChIJT5KwdZwzCpYRomqGQ97k3qY?authuser=0&hl=en&rclk=1,HUILICHES,Otras Zonas,False
Merlí Helados Artesanales - Belgrano 1100,Ice cream shop,"4,8",12,"Gral. Manuel Belgrano 1100, Q8300 Neuquén, Argentina",-38.9505307,-68.0751153,https://www.google.com/maps/place/Merl%C3%AD+Helados+Artesanales+-+Belgrano+1100/data=!4m7!3m6!1s0x960a33b8bf338c63:0xf6e6dca737cddf57!8m2!3d-38.9505307!4d-68.0751153!16s%2Fg%2F11wwnlg5b6!19sChIJY4wzv7gzCpYRV9_NN6fc5vY?authuser=0&hl=en&rclk=1,ÁREA CENTRO OESTE,Otras Zonas,False
helados artesanales Fram,Ice cream shop,"4,4",208,"Las Magnolias, Gral. Roca, Plottier, Neuquén, Argentina",-38.9464937,-68.2378775,https://www.google.com/maps/place/helados+artesanales+Fram/data=!4m7!3m6!1s0x960bcbf5ac6d569f:0x32783d715bc66150!8m2!3d-38.9464937!4d-68.2378775!16s%2Fg%2F11qpv_mwvv!19sChIJn1ZtrPXLC5YRUGHGW3E9eDI?authuser=0&hl=en&rclk=1,,Otras Zonas,False
MIKELO Terrazas,Ice cream shop,"4,3",53,"Choique, Piuquén y, Q8300 Neuquén, Argentina",-38.9250513,-68.0835408,https://www.google.com/maps/place/MIKELO+Terrazas/data=!4m7!3m6!1s0x960a33d661d57f1f:0xa41bea28c6ef025c!8m2!3d-38.9250513!4d-68.0835408!16s%2Fg%2F11vxvymd1_!19sChIJH3_VYdYzCpYRXALvxijqG6Q?authuser=0&hl=en&rclk=1,TERRAZAS DEL NEUQUÉN,Otras Zonas,False
HELADERIA PIRE BELGRANO,Ice cream shop,"4,3",58,"Gral. Manuel Belgrano 3900, Q8300 Neuquén, Argentina",-38.9504443,-68.1132594,https://www.google.com/maps/place/HELADERIA+PIRE+BELGRANO/data=!4m7!3m6!1s0x960a330033591147:0x2a3fd9a3abb46b44!8m2!3d-38.9504443!4d-68.1132594!16s%2Fg%2F11yfnmsn78!19sChIJRxFZMwAzCpYRRGu0q6PZPyo?authuser=0&hl=en&rclk=1,CANAL V,Otras Zonas,False
Canelo,Ice cream shop,"5,0",4,"Pcia de San Juan 1149, Q8300 Neuquén, Argentina",-38.9496673,-68.0433023,https://www.google.com/maps/place/Canelo/data=!4m7!3m6!1s0x960a310005f42dc9:0xa7dd905937d80634!8m2!3d-38.9496673!4d-68.0433023!16s%2Fg%2F11yr4dgjp6!19sChIJyS30BQAxCpYRNAbYN1mQ3ac?authuser=0&hl=en&rclk=1,SANTA GENOVEVA,Residencial VIP / Cerca Centro,False
Roma Heladerias,Ice cream shop,"4,2",47,"Av. Coronel Olascoaga 1120, Q8300 Neuquén, Argentina",-38.9671978,-68.0589267,https://www.google.com/maps/place/Roma+Heladerias/data=!4m7!3m6!1s0x960a33dfa17d86eb:0x5b341ac93a19e5aa!8m2!3d-38.9671978!4d-68.0589267!16s%2Fg%2F11n5g6sq12!19sChIJ64Z9od8zCpYRquUZOskaNFs?authuser=0&hl=en&rclk=1,VILLA MARÍA,Otras Zonas,False
Grido Helado,Dessert shop,"4,2",1040,"San Martín, Q8300 Neuquén, Argentina",-38.9546388,-68.1137039,https://www.google.com/maps/place/Grido+Helado/data=!4m7!3m6!1s0x960a3316aa1fd88b:0xd441c512506abb9b!8m2!3d-38.9546388!4d-68.1137039!16s%2Fg%2F11c2pmr89s!19sChIJi9gfqhYzCpYRm7tqUBLFQdQ?authuser=0&hl=en&rclk=1,CANAL V,Otras Zonas,False
Coccolati Helados Artesanales,Ice cream shop,"5,0",4,"Zeballos 5030, Q8300 Neuquén, Argentina",-38.9521461,-68.1285859,https://www.google.com/maps/place/Coccolati+Helados+Artesanales/data=!4m7!3m6!1s0x960a33fdacc8f7a3:0xa222314e3994a14b!8m2!3d-38.9521461!4d-68.1285859!16s%2Fg%2F11wx0s8jdl!19sChIJo_fIrP0zCpYRS6GUOU4xIqI?authuser=0&hl=en&rclk=1,CANAL V,Otras Zonas,False
Desiree y chocolates del Alma,Ice cream shop,"4,5",367,"Las Lajas 533, Q8316 Plottier, Neuquén, Argentina",-38.9477472,-68.2308148,https://www.google.com/maps/place/Desiree+y+chocolates+del+Alma/data=!4m7!3m6!1s0x960bcc00540043e3:0x63cb9cdfc2d8575a!8m2!3d-38.9477472!4d-68.2308148!16s%2Fg%2F11c1t5cw79!19sChIJ40MAVADMC5YRWlfYwt-cy2M?authuser=0&hl=en&rclk=1,,Otras Zonas,False
Heladería Desiree,Ice cream shop,"4,3",211,"Libertad, Neuquén, Argentina",-38.9558987,-68.2366809,https://www.google.com/maps/place/Helader%C3%ADa+Desiree/data=!4m7!3m6!1s0x960bcc00496c657d:0xd4b3fe6d7b57a4f9!8m2!3d-38.9558987!4d-68.2366809!16s%2Fg%2F11f__27j9l!19sChIJfWVsSQDMC5YR-aRXe23-s9Q?authuser=0&hl=en&rclk=1,,Otras Zonas,False
MACALULU S23,Ice cream shop,"4,5",52,"Nestor Barros 1023, Q8300 Neuquén, Argentina",-38.9335765,-68.136053,https://www.google.com/maps/place/MACALULU+S23/data=!4m7!3m6!1s0x960a35bf4d4d6f4f:0xb5fbc700eb601f2e!8m2!3d-38.9335765!4d-68.136053!16s%2Fg%2F11sgqc7c11!19sChIJT29NTb81CpYRLh9g6wDH-7U?authuser=0&hl=en&rclk=1,HIBEPA,Otras Zonas,False
Sei Tu,Ice cream shop,"4,1",115,"Lanín 998-900 998-900, Q8304ECU Q8304ECU, Neuquén, Argentina",-38.9645594,-68.0732159,https://www.google.com/maps/place/Sei+Tu/data=!4m7!3m6!1s0x960a33acc551163f:0x94acaa844084be46!8m2!3d-38.9645594!4d-68.0732159!16s%2Fg%2F11fjz6jr3f!19sChIJPxZRxawzCpYRRr6EQISqrJQ?authuser=0&hl=en&rclk=1,VILLA FLORENCIA,Oeste / Residencial,False
Heladería Grido,Ice cream shop,"4,1",1004,"José Fava 905, Q8300 Neuquén, Argentina",-38.9686873,-68.0721456,https://www.google.com/maps/place/Helader%C3%ADa+Grido/data=!4m7!3m6!1s0x960a32482c701ded:0x475e2570931041b4!8m2!3d-38.9686873!4d-68.0721456!16s%2Fg%2F1hc2dz9_h!19sChIJ7R1wLEgyCpYRtEEQk3AlXkc?authuser=0&hl=en&rclk=1,LIMAY,Ribereño / Balnearios,True
Heladería Los Álamos,Ice cream shop,"4,7",55,"Av. del Trabajo 3020, Q8316 Plottier, Neuquén, Argentina",-38.9446933,-68.1872948,https://www.google.com/maps/place/Helader%C3%ADa+Los+%C3%81lamos/data=!4m7!3m6!1s0x960bcbabc5107e53:0xa0a5aa84a17c1c3b!8m2!3d-38.9446933!4d-68.1872948!16s%2Fg%2F11rkk9hkxv!19sChIJU34QxavLC5YROxx8oYSqpaA?authuser=0&hl=en&rclk=1,,Otras Zonas,False
GRIDO HELADO,Ice cream shop,"4,1",1505,"Monzon Jorge 415, Q8300 Neuquén, Argentina",-38.9504865,-68.0793397,https://www.google.com/maps/place/GRIDO+HELADO/data=!4m7!3m6!1s0x960a33ba4963813f:0x92a3ba42435ca189!8m2!3d-38.9504865!4d-68.0793397!16s%2Fg%2F11byz9bx0c!19sChIJP4FjSbozCpYRiaFcQ0K6o5I?authuser=0&hl=en&rclk=1,ISLAS MALVINAS,Oeste / Alta Densidad,False
Grido helado,Ice cream shop,"4,1",1861,"Bartolomé Mitre 395, Q8300 Neuquén, Argentina",-38.9571255,-68.0535543,https://www.google.com/maps/place/Grido+helado/data=!4m7!3m6!1s0x960a33d4aa306bb7:0xba805724130c82e7!8m2!3d-38.9571255!4d-68.0535543!16s%2Fg%2F11b70hmmxx!19sChIJt2swqtQzCpYR54IMEyRXgLo?authuser=0&hl=en&rclk=1,ÁREA CENTRO SUR,Otras Zonas,False
Helados il Candore,Ice cream shop,"3,7",250,"Bartolomé Mitre 277, Q8300 KWE, Neuquén, Argentina",-38.9572597,-68.0553191,https://www.google.com/maps/place/Helados+il+Candore/data=!4m7!3m6!1s0x960a33d34765d0b3:0x7e4388762c209831!8m2!3d-38.9572597!4d-68.0553191!16s%2Fg%2F11g9fqz28n!19sChIJs9BlR9MzCpYRMZggLHaIQ34?authuser=0&hl=en&rclk=1,ÁREA CENTRO SUR,Otras Zonas,False
Cuore di Panna • Av. Olascoaga,Ice cream shop,"4,4",24,"Av. Coronel Olascoaga 971, Q8300 Neuquén, Argentina",-38.9655765,-68.0595757,https://www.google.com/maps/place/Cuore+di+Panna+%E2%80%A2+Av.+Olascoaga/data=!4m7!3m6!1s0x960a33123929617d:0x1904045f488baf7f!8m2!3d-38.9655765!4d-68.0595757!16s%2Fg%2F11m62pby73!19sChIJfWEpORIzCpYRf6-LSF8EBBk?authuser=0&hl=en&rclk=1,VILLA MARÍA,Otras Zonas,False
"Via Bana Heladería, Neuquén",Ice cream shop,"4,8",4,"Cuenca 16, Q3800 Neuquén, Argentina",-38.9275645,-68.1606984,"https://www.google.com/maps/place/Via+Bana+Helader%C3%ADa,+Neuqu%C3%A9n/data=!4m7!3m6!1s0x960bcbd7ec3e64bd:0xc6d1f7be0dff9842!8m2!3d-38.9275645!4d-68.1606984!16s%2Fg%2F11vhhl_3mq!19sChIJvWQ-7NfLC5YRQpj_Db730cY?authuser=0&hl=en&rclk=1",RESTO EJIDO MUNICIPAL,Otras Zonas,False
heladitos oeste,Ice cream shop,"5,0",4,"Racedo Eduardo Cnel 2700, Q2700 Neuquén, Argentina",-38.9269372,-68.1275885,https://www.google.com/maps/place/heladitos+oeste/data=!4m7!3m6!1s0x960a351366aae061:0xabd90d1a5d7e6013!8m2!3d-38.9269372!4d-68.1275885!16s%2Fg%2F11vf9mxqgr!19sChIJYeCqZhM1CpYRE2B-XRoN2as?authuser=0&hl=en&rclk=1,RESTO EJIDO MUNICIPAL,Otras Zonas,False
Persicco,Ice cream shop,"3,0",50,"Juan Julián Lastra 2400, Q8300 Neuquén, Argentina",-38.9610606,-68.0944828,https://www.google.com/maps/place/Persicco/data=!4m7!3m6!1s0x960a33002e61fbc9:0x10877a865aadb3c2!8m2!3d-38.9610606!4d-68.0944828!16s%2Fg%2F11lcr4l4t3!19sChIJyfthLgAzCpYRwrOtWoZ6hxA?authuser=0&hl=en&rclk=1,MILITAR,Otras Zonas,False
Frosts Frineve Creams,Ice cream shop,"4,2",1149,"M, Mariano Moreno 35, R8324 Cipolletti, Río Negro, Argentina",-38.933718,-68.000619,https://www.google.com/maps/place/Frosts+Frineve+Creams/data=!4m7!3m6!1s0x960a30ee145c2355:0xec16cecd188c1882!8m2!3d-38.933718!4d-68.000619!16s%2Fg%2F1tx4876t!19sChIJVSNcFO4wCpYRghiMGM3OFuw?authuser=0&hl=en&rclk=1,,Otras Zonas,False
Heladería Vía Bana,Ice cream shop,"5,0",3,"el girasol, Av. Conquistadores del Desierto y, Q8300 Neuquén, Argentina",-38.9100271,-68.1220511,https://www.google.com/maps/place/Helader%C3%ADa+V%C3%ADa+Bana/data=!4m7!3m6!1s0x960a350e8c3187cb:0xb801736ea60f0e10!8m2!3d-38.9100271!4d-68.1220511!16s%2Fg%2F11w2rxhcbr!19sChIJy4cxjA41CpYREA4Ppm5zAbg?authuser=0&hl=en&rclk=1,COLONIA NUEVA ESPERANZA,Otras Zonas,False
Patagonia Gelato,Ice cream shop,"4,4",5,"Tierra del Fuego 338, Q8300 Neuquén, Argentina",-38.9586309,-68.0519549,https://www.google.com/maps/place/Patagonia+Gelato/data=!4m7!3m6!1s0x960a33638bd87441:0x4362927e63515a97!8m2!3d-38.9586309!4d-68.0519549!16s%2Fg%2F11trsdz0td!19sChIJQXTYi2MzCpYRl1pRY36SYkM?authuser=0&hl=en&rclk=1,ÁREA CENTRO SUR,Otras Zonas,False
Heidi - Flor del Prado,Ice cream shop,"4,7",101,"Mariano Moreno y san luis, R8324 Cipolletti, Río Negro, Argentina",-38.9321688,-68.007943,https://www.google.com/maps/place/Heidi+-+Flor+del+Prado/data=!4m7!3m6!1s0x960a318bcc5ebe09:0xf9bbcd4aa00bc5a9!8m2!3d-38.9321688!4d-68.007943!16s%2Fg%2F11trlyk4t5!19sChIJCb5ezIsxCpYRqcULoErNu_k?authuser=0&hl=en&rclk=1,,Otras Zonas,False
Ice Roll Thai,Ice cream shop,"4,7",6,"Balneario Sandra, Gatica e Ignacio Rivas, Canale 8300, Neuquén, Argentina",-38.9867521,-68.0737671,https://www.google.com/maps/place/Ice+Roll+Thai/data=!4m7!3m6!1s0x960a330b1d4f3667:0x9bfda26cd6325387!8m2!3d-38.9867521!4d-68.0737671!16s%2Fg%2F11v62h_p2h!19sChIJZzZPHQszCpYRh1My1myi_Zs?authuser=0&hl=en&rclk=1,ALTOS DEL LIMAY,Otras Zonas,False
Congelados Patagonicos,Ice cream shop,"4,1",32,"Nogoyá 4185, Q8300 Neuquén, Argentina",-38.9488251,-68.1171529,https://www.google.com/maps/place/Congelados+Patagonicos/data=!4m7!3m6!1s0x960a336ae8ffaab3:0x795ab75dea3eb42f!8m2!3d-38.9488251!4d-68.1171529!16s%2Fg%2F11c5_y1343!19sChIJs6r_6GozCpYRL7Q-6l23Wnk?authuser=0&hl=en&rclk=1,SAN LORENZO SUR,Oeste Profundo,False
Heladería Mascarpone,Ice cream shop,"4,3",4,"Carilafquen 3709, Q8300 Neuquén, Argentina",-38.9384133,-68.1104137,https://www.google.com/maps/place/Helader%C3%ADa+Mascarpone/data=!4m7!3m6!1s0x960a33618396dee1:0x50f5a65bc315caca!8m2!3d-38.9384133!4d-68.1104137!16s%2Fg%2F11y8thb6y6!19sChIJ4d6Wg2EzCpYRysoVw1um9VA?authuser=0&hl=en&rclk=1,MELIPAL,Oeste / Residencial,False
Heladeria Lomoro Plottier,Ice cream shop,"4,3",109,"Sta Cruz 464, Q8316 Plottier, Neuquén, Argentina",-38.9606217,-68.2341547,https://www.google.com/maps/place/Heladeria+Lomoro+Plottier/data=!4m7!3m6!1s0x960bcd430ec185d1:0x6d82feb1f57a0c44!8m2!3d-38.9606217!4d-68.2341547!16s%2Fg%2F11h0377vr8!19sChIJ0YXBDkPNC5YRRAx69bH-gm0?authuser=0&hl=en&rclk=1,,Otras Zonas,False
Via bana,Ice cream shop,"5,0",3,"Barrio Esfuerzo, C. Lago Viedma Mza 5 Lote 13, Q8300 Neuquén, Argentina",-38.9319985,-68.1436043,https://www.google.com/maps/place/Via+bana/data=!4m7!3m6!1s0x960a33f555a6d94f:0x797a57129ac4bbb6!8m2!3d-38.9319985!4d-68.1436043!16s%2Fg%2F11xkpsy2lc!19sChIJT9mmVfUzCpYRtrvEmhJXenk?authuser=0&hl=en&rclk=1,ESFUERZO,Otras Zonas,False
Helados Papalote,Ice cream shop,"3,0",2,"Coronel Godoy E, Nogoyá &, Q8300 Neuquén, Argentina",-38.9488916,-68.117412,https://www.google.com/maps/place/Helados+Papalote/data=!4m7!3m6!1s0x960a33391c823d93:0x848dbaf20ab9b8dc!8m2!3d-38.9488916!4d-68.117412!16s%2Fg%2F11rk4grf1x!19sChIJkz2CHDkzCpYR3Li5CvK6jYQ?authuser=0&hl=en&rclk=1,SAN LORENZO SUR,Oeste Profundo,False
El Firenze,Ice cream shop,"4,5",691,"Presbitero J. M. Brentana 486, R8324 Cipolletti, Río Negro, Argentina",-38.9376362,-67.9887639,https://www.google.com/maps/place/El+Firenze/data=!4m7!3m6!1s0x960a30fa7beb476b:0x4dd4dd4d34621a5a!8m2!3d-38.9376362!4d-67.9887639!16s%2Fg%2F11cm3yr5kv!19sChIJa0fre_owCpYRWhpiNE3d1E0?authuser=0&hl=en&rclk=1,,Otras Zonas,False
Lucciano's Cipolletti,Ice cream shop,"4,2",647,"25 de Mayo 178, R8324 Cipolletti, Río Negro, Argentina",-38.9384769,-68.0004886,https://www.google.com/maps/place/Lucciano%27s+Cipolletti/data=!4m7!3m6!1s0x960a31b098ceb5eb:0x3870488b5069ba19!8m2!3d-38.9384769!4d-68.0004886!16s%2Fg%2F11pljbj163!19sChIJ67XOmLAxCpYRGbppUItIcDg?authuser=0&hl=en&rclk=1,,Otras Zonas,False
Pire Ice Cream shop,Ice cream shop,"4,1",2369,"Villegas 247, R8324 Cipolletti, Río Negro, Argentina",-38.938452,-67.9973929,https://www.google.com/maps/place/Pire+Ice+Cream+shop/data=!4m7!3m6!1s0x960a3102a0c3da79:0x5fc059feaed6548!8m2!3d-38.938452!4d-67.9973929!16s%2Fg%2F1tmqhdch!19sChIJedrDoAIxCpYRSGXt6p8F_AU?authuser=0&hl=en&rclk=1,,Otras Zonas,False
Freddo,Ice cream shop,"4,3",916,"Hipólito Yrigoyen 558, R8324 Cipolletti, Río Negro, Argentina",-38.9384179,-67.9937694,https://www.google.com/maps/place/Freddo/data=!4m7!3m6!1s0x960a310bc4c493fb:0xada20cadfb3476f8!8m2!3d-38.9384179!4d-67.9937694!16s%2Fg%2F11fjx_mgl6!19sChIJ-5PExAsxCpYR-HY0-60Moq0?authuser=0&hl=en&rclk=1,,Otras Zonas,False
Helados il candore,Ice cream shop,"3,0",1,"Gatica 1604, Q8300 Neuquén, Argentina",-38.9720991,-68.0732023,https://www.google.com/maps/place/Helados+il+candore/data=!4m7!3m6!1s0x960a32486c781713:0x2860642a0eaa99b0!8m2!3d-38.9720991!4d-68.0732023!16s%2Fg%2F11dymdbbm5!19sChIJExd4bEgyCpYRsJmqDipkYCg?authuser=0&hl=en&rclk=1,LIMAY,Ribereño / Balnearios,True
Frambu_oeste,Delivery Restaurant,"5,0",4,"Dr. Carlos Potente, Q8300 Neuquén, Argentina",-38.9313159,-68.1273237,https://www.google.com/maps/place/Frambu_oeste/data=!4m7!3m6!1s0x960a35957e91eab5:0xfeb8c0e10f030c14!8m2!3d-38.9313159!4d-68.1273237!16s%2Fg%2F11nnnkv1sy!19sChIJteqRfpU1CpYRFAwDD-HAuP4?authuser=0&hl=en&rclk=1,HIBEPA,Otras Zonas,False
Helados Capri,Ice cream shop,"3,0",3,"Cacique Catriel 355, Q8300 Neuquén, Argentina",-38.950888,-68.0841308,https://www.google.com/maps/place/Helados+Capri/data=!4m7!3m6!1s0x960a33a4d7f3b2df:0x4afdcc58ef37b398!8m2!3d-38.950888!4d-68.0841308!16s%2Fg%2F1tdgwlks!19sChIJ37Lz16QzCpYRmLM371jM_Uo?authuser=0&hl=en&rclk=1,CUMELÉN,Otras Zonas,False
Burger King Helados,Ice cream shop,"3,3",7,"Q8302 Neuquén, Argentina",-38.9609115,-68.0947195,https://www.google.com/maps/place/Burger+King+Helados/data=!4m7!3m6!1s0x960a33b273dd2bc3:0x63a04570d5903c24!8m2!3d-38.9609115!4d-68.0947195!16s%2Fg%2F11h2mt3cmz!19sChIJwyvdc7IzCpYRJDyQ1XBFoGM?authuser=0&hl=en&rclk=1,MILITAR,Otras Zonas,False
Heladería vía bana,Ice cream shop,"3,0",2,"Mza F2, Casa 2, Q8300 Neuquén, Argentina",-38.9341295,-68.1427898,https://www.google.com/maps/place/Helader%C3%ADa+v%C3%ADa+bana/data=!4m7!3m6!1s0x960a35a9fd70f0fb:0xd415e197851174cf!8m2!3d-38.9341295!4d-68.1427898!16s%2Fg%2F11w3n_82xg!19sChIJ-_Bw_ak1CpYRz3QRhZfhFdQ?authuser=0&hl=en&rclk=1,ESFUERZO,Otras Zonas,False
Martino,Ice cream shop,"4,3",33,"Hipólito Yrigoyen 470 8324, R8324 Cipolletti, Río Negro, Argentina",-38.9381978,-67.9950171,https://www.google.com/maps/place/Martino/data=!4m7!3m6!1s0x960a30fc8eefa3c3:0x3f93ae0ff4cf09ff!8m2!3d-38.9381978!4d-67.9950171!16s%2Fg%2F11gdkr8z9j!19sChIJw6PvjvwwCpYR_wnP9A-ukz8?authuser=0&hl=en&rclk=1,,Otras Zonas,False
Heidi - Despacho de Sabor,Ice cream shop,"4,5",379,"Leandro N. Alem 1644, R8323 Cipolletti, Río Negro, Argentina",-38.9391318,-67.9768428,https://www.google.com/maps/place/Heidi+-+Despacho+de+Sabor/data=!4m7!3m6!1s0x960a31bfbe4fb045:0xc38e0219ede630c7!8m2!3d-38.9391318!4d-67.9768428!16s%2Fg%2F11mv5pk8h1!19sChIJRbBPvr8xCpYRxzDm7RkCjsM?authuser=0&hl=en&rclk=1,,Otras Zonas,False
KIOSKO Que bárbaro,Ice cream shop,"3,3",6,"El Progreso, Antártida Argentina 1400, Q8300 Neuquén, Argentina",-38.94737,-68.0929444,https://www.google.com/maps/place/KIOSKO+Que+b%C3%A1rbaro/data=!4m7!3m6!1s0x960a33a04fdd2525:0x1844a7ee6ebbe7ce!8m2!3d-38.94737!4d-68.0929444!16s%2Fg%2F11b73jw73d!19sChIJJSXdT6AzCpYRzue7bu6nRBg?authuser=0&hl=en&rclk=1,EL PROGRESO,Otras Zonas,False
Grido marina,Ice cream shop,"5,0",1,"Barrio, 2 de Agosto, R8324 Cipolletti, Río Negro, Argentina",-38.9399917,-68.0331467,https://www.google.com/maps/place/Grido+marina/data=!4m7!3m6!1s0x960a319a407d84d5:0x1075d047b3b10b13!8m2!3d-38.9399917!4d-68.0331467!16s%2Fg%2F11msbkc1yh!19sChIJ1YR9QJoxCpYREwuxs0fQdRA?authuser=0&hl=en&rclk=1,,Otras Zonas,False
Un Altra Volta,Ice cream shop,"4,0",571,"Luis Toschi 240, R8324 Cipolletti, Río Negro, Argentina",-38.9463882,-67.9916597,https://www.google.com/maps/place/Un+Altra+Volta/data=!4m7!3m6!1s0x960a30563699a72b:0x7aed514bb324e8b6!8m2!3d-38.9463882!4d-67.9916597!16s%2Fg%2F11f3dc7j4m!19sChIJK6eZNlYwCpYRtugks0tR7Xo?authuser=0&hl=en&rclk=1,,Otras Zonas,False
Arcor Helados,Dessert shop,"1,0",1,"Q8302 Neuquén, Argentina",-38.9572724,-68.0523219,https://www.google.com/maps/place/Arcor+Helados/data=!4m7!3m6!1s0x960a33d4b5715025:0x858617aa6cd0f664!8m2!3d-38.9572724!4d-68.0523219!16s%2Fg%2F11c6pq5_3j!19sChIJJVBxtdQzCpYRZPbQbKoXhoU?authuser=0&hl=en&rclk=1,ÁREA CENTRO SUR,Otras Zonas,False
Sabor Zuliano,Takeout Restaurant,"4,5",90,"Entre Ríos 427, Q8300 Neuquén, Argentina",-38.9504196,-68.0505827,https://www.google.com/maps/place/Sabor+Zuliano/data=!4m7!3m6!1s0x960a312ef9df77b9:0x214d4a54ff9d1408!8m2!3d-38.9504196!4d-68.0505827!16s%2Fg%2F11t1062v45!19sChIJuXff-S4xCpYRCBSd_1RKTSE?authuser=0&hl=en&rclk=1,ÁREA CENTRO ESTE,Otras Zonas,False
Fried Chicken House Neuquén,Bar,"3,8",272,"San Martín 3450, Q8300 Neuquén, Argentina",-38.9549451,-68.1071391,https://www.google.com/maps/place/Fried+Chicken+House+Neuqu%C3%A9n/data=!4m7!3m6!1s0x960a33794697ff17:0xc2350a43037b3766!8m2!3d-38.9549451!4d-68.1071391!16s%2Fg%2F11s8kl7f0r!19sChIJF_-XRnkzCpYRZjd7A0MKNcI?authuser=0&hl=en&rclk=1,HUILICHES,Otras Zonas,False
sushi 2x1 Neuquén,Sushi takeaway,"4,9",50,"Santiago del Estero 370, Q8300AHH Neuquén, Argentina",-38.9510656,-68.0651049,https://www.google.com/maps/place/sushi+2x1+Neuqu%C3%A9n/data=!4m7!3m6!1s0x960a336db63c6159:0x6c552f91afe05059!8m2!3d-38.9510656!4d-68.0651049!16s%2Fg%2F11xw8830sv!19sChIJWWE8tm0zCpYRWVDgr5EvVWw?authuser=0&hl=en&rclk=1,ÁREA CENTRO ESTE,Otras Zonas,False
Miyuki Sushi,Sushi restaurant,"4,4",210,"Tucumán 222, Q8300PMF Neuquén, Argentina",-38.9526877,-68.0523014,https://www.google.com/maps/place/Miyuki+Sushi/data=!4m7!3m6!1s0x960a33d4220cc5c7:0x8f4202e5767c72c9!8m2!3d-38.9526877!4d-68.0523014!16s%2Fg%2F11cs4k8kv7!19sChIJx8UMItQzCpYRyXJ8duUCQo8?authuser=0&hl=en&rclk=1,ÁREA CENTRO ESTE,Otras Zonas,False
Subway,Fast food restaurant,"3,9",1764,"Av. del Trabajo 125 Planta Baja, 1er Piso, Q8322 Cutral Co, Neuquén, Argentina",-38.9517328,-68.0611524,https://www.google.com/maps/place/Subway/data=!4m7!3m6!1s0x960a33ce35c5817f:0xa9cfe4a327e91676!8m2!3d-38.9517328!4d-68.0611524!16s%2Fg%2F1yh9tsfh5!19sChIJf4HFNc4zCpYRdhbpJ6Pkz6k?authuser=0&hl=en&rclk=1,ÁREA CENTRO ESTE,Otras Zonas,False
Mítico Sur,Restaurant,"4,0",3,"Q8302 Neuquén, Argentina",-38.9529991,-68.061615,https://www.google.com/maps/place/M%C3%ADtico+Sur/data=!4m7!3m6!1s0x960a33ce420c4c6d:0x8b99ae17b6ac3825!8m2!3d-38.9529991!4d-68.061615!16s%2Fg%2F1hc1xymfs!19sChIJbUwMQs4zCpYRJTistheumYs?authuser=0&hl=en&rclk=1,ÁREA CENTRO ESTE,Otras Zonas,False
Full de YPF,Fast food restaurant,"4,7",11,"Juan Julián Lastra 2400, Q8300 Neuquén, Argentina",-38.9596635,-68.0902892,https://www.google.com/maps/place/Full+de+YPF/data=!4m7!3m6!1s0x960a33bb00c12965:0x64373c18ddbed3c7!8m2!3d-38.9596635!4d-68.0902892!16s%2Fg%2F11l6jcbhyk!19sChIJZSnBALszCpYRx9O-3Rg8N2Q?authuser=0&hl=en&rclk=1,MILITAR,Otras Zonas,False
Mosqueta cantina,Fast food restaurant,"5,0",14,"Lanín 4021, Q8300 Neuquén, Argentina",-38.9643597,-68.1150028,https://www.google.com/maps/place/Mosqueta+cantina/data=!4m7!3m6!1s0x960a33b52c6ba809:0x54d83c1b350cc1a8!8m2!3d-38.9643597!4d-68.1150028!16s%2Fg%2F11ly_v3ml2!19sChIJCahrLLUzCpYRqMEMNRs82FQ?authuser=0&hl=en&rclk=1,VALENTINA SUR RURAL,Rural / Casas de Té,True
Mi Arepa,Fast food restaurant,"5,0",56,"Q8300 Neuquén, Argentina",-38.9554413,-68.1064669,https://www.google.com/maps/place/Mi+Arepa/data=!4m7!3m6!1s0x960a3314fddc31c1:0xa69bc7dda3c3e8f7!8m2!3d-38.9554413!4d-68.1064669!16s%2Fg%2F11mdk6ft4_!19sChIJwTHc_RQzCpYR9-jDo93Hm6Y?authuser=0&hl=en&rclk=1,HUILICHES,Otras Zonas,False
Mi Cocina Gourmet,Fast food restaurant,"4,6",94,"Río Gallegos 363, Q8300 Neuquén, Argentina",-38.950797,-68.1212915,https://www.google.com/maps/place/Mi+Cocina+Gourmet/data=!4m7!3m6!1s0x960a3314ffa5f599:0xf10942a833ca42d5!8m2!3d-38.950797!4d-68.1212915!16s%2Fg%2F11h6ty_jgt!19sChIJmfWl_xQzCpYR1ULKM6hCCfE?authuser=0&hl=en&rclk=1,CANAL V,Otras Zonas,False
FoodTuck Mar Azul,Fast food restaurant,"4,3",112,"Q8302 Neuquén, Argentina",-38.9690567,-68.0593837,https://www.google.com/maps/place/FoodTuck+Mar+Azul/data=!4m7!3m6!1s0x960a322554133857:0xfc70f1a5b323c070!8m2!3d-38.9690567!4d-68.0593837!16s%2Fg%2F11gfd5gtl9!19sChIJVzgTVCUyCpYRcMAjs6XxcPw?authuser=0&hl=en&rclk=1,VILLA MARÍA,Otras Zonas,False
Tequepom,Fast food restaurant,"4,7",15,"Cnel. Moritan Benjamín 12, Q8302ENO Q8302ENO, Neuquén, Argentina",-38.9545464,-68.1121806,https://www.google.com/maps/place/Tequepom/data=!4m7!3m6!1s0x960a33005330e8a5:0x78a8dafa38ef8991!8m2!3d-38.9545464!4d-68.1121806!16s%2Fg%2F11wp7t_5vt!19sChIJpegwUwAzCpYRkYnvOPraqHg?authuser=0&hl=en&rclk=1,CANAL V,Otras Zonas,False
Pepe's Rincón Tucumano,Fast food restaurant,"4,2",52,"Av. Coronel Olascoaga 2198, 2060 Neuquén, Argentina",-38.9782695,-68.059144,https://www.google.com/maps/place/Pepe%27s+Rinc%C3%B3n+Tucumano/data=!4m7!3m6!1s0x960a33002a269517:0x7a8f9a3b62b12ea0!8m2!3d-38.9782695!4d-68.059144!16s%2Fg%2F11lzxt8hxy!19sChIJF5UmKgAzCpYRoC6xYjuaj3o?authuser=0&hl=en&rclk=1,RÍO GRANDE,Otras Zonas,False
COMIDAS RAPIDAS Gavilán,Fast food restaurant,"3,8",29,"Antártida Argentina 2756, Q8300 Neuquén, Argentina",-38.9470899,-68.0978339,https://www.google.com/maps/place/COMIDAS+RAPIDAS+Gavil%C3%A1n/data=!4m7!3m6!1s0x960a330ad078f9c5:0x917e4410670a64b4!8m2!3d-38.9470899!4d-68.0978339!16s%2Fg%2F11b73q2f8s!19sChIJxfl40AozCpYRtGQKZxBEfpE?authuser=0&hl=en&rclk=1,EL PROGRESO,Otras Zonas,False
Miguitas De Pan,Fast food restaurant,"4,0",474,"Perito Moreno 270, Q8300 Neuquén, Argentina",-38.9581232,-68.055412,https://www.google.com/maps/place/Miguitas+De+Pan/data=!4m7!3m6!1s0x960a322cda18756d:0x42f83bd612896e1a!8m2!3d-38.9581232!4d-68.055412!16s%2Fg%2F11f1jjzjht!19sChIJbXUY2iwyCpYRGm6JEtY7-EI?authuser=0&hl=en&rclk=1,ÁREA CENTRO SUR,Otras Zonas,False
La esquina del salon,Fast food restaurant,"4,5",2,"Manuel Láinez 598, Q8302 Neuquén, Argentina",-38.9612853,-68.0662637,https://www.google.com/maps/place/La+esquina+del+salon/data=!4m7!3m6!1s0x960a332fb141b011:0x3a8e74bfb2d3d6d1!8m2!3d-38.9612853!4d-68.0662637!16s%2Fg%2F11qqh6wwh9!19sChIJEbBBsS8zCpYR0dbTsr90jjo?authuser=0&hl=en&rclk=1,NUEVO,Otras Zonas,False
Tequeecaibo,Fast food restaurant,"4,8",6,"Islas Malvinas 1036, Q8300 Neuquén, Argentina",-38.9473881,-68.0446583,https://www.google.com/maps/place/Tequeecaibo/data=!4m7!3m6!1s0x960a33549c645465:0x25a249e7e81bff95!8m2!3d-38.9473881!4d-68.0446583!16s%2Fg%2F11x1vyfd16!19sChIJZVRknFQzCpYRlf8b6OdJoiU?authuser=0&hl=en&rclk=1,SANTA GENOVEVA,Residencial VIP / Cerca Centro,False
Kenny´s Oeste,Fast food restaurant,"3,7",3,"Av. del Trabajador 4199-4255, Q8304CGL Q8304CGL, Neuquén, Argentina",-38.9409562,-68.1172188,https://www.google.com/maps/place/Kenny%C2%B4s+Oeste/data=!4m7!3m6!1s0x960a330015d30fff:0x348e752578c183e3!8m2!3d-38.9409562!4d-68.1172188!16s%2Fg%2F11yn24r6xw!19sChIJ_w_TFQAzCpYR44PBeCV1jjQ?authuser=0&hl=en&rclk=1,MELIPAL,Oeste / Residencial,False
Panino - Paseo de la Patagonia,Fast food restaurant,"2,2",30,"Antártida Argentina 1111 Local 4013, Q8300 Neuquén, Argentina",-38.9462901,-68.0744601,https://www.google.com/maps/place/Panino+-+Paseo+de+la+Patagonia/data=!4m7!3m6!1s0x960a330032ee7343:0x5299fcaeeb6dba8a!8m2!3d-38.9462901!4d-68.0744601!16s%2Fg%2F11lmf6ktn7!19sChIJQ3PuMgAzCpYRirpt6678mVI?authuser=0&hl=en&rclk=1,ÁREA CENTRO OESTE,Otras Zonas,False
Club de clubes,Fast food restaurant,"4,6",41,"N2384, Q8300 Neuquén, Argentina",-38.9343918,-68.1278164,https://www.google.com/maps/place/Club+de+clubes/data=!4m7!3m6!1s0x960a3360007b69d7:0x489cb5248562b9a9!8m2!3d-38.9343918!4d-68.1278164!16s%2Fg%2F11vj55wd1t!19sChIJ12l7AGAzCpYRqblihSS1nEg?authuser=0&hl=en&rclk=1,GRAN NEUQUÉN NORTE,Otras Zonas,False
Sabor Urbano,Fast food restaurant,"3,6",11,"Ministro Amancio Alcorta 523, Q8300LEK Neuquén, Argentina",-38.9581145,-68.0666969,https://www.google.com/maps/place/Sabor+Urbano/data=!4m7!3m6!1s0x960a338defe8df17:0xdef1c5647116766c!8m2!3d-38.9581145!4d-68.0666969!16s%2Fg%2F11rg795lm8!19sChIJF9_o740zCpYRbHYWcWTF8d4?authuser=0&hl=en&rclk=1,ÁREA CENTRO SUR,Otras Zonas,False
La Roty,Fast food restaurant,"3,6",27,"Bernardo Houssay 1006, Q8300 Neuquén, Argentina",-38.9711188,-68.0733358,https://www.google.com/maps/place/La+Roty/data=!4m7!3m6!1s0x960a33a49f467a49:0x469bd90a768e268f!8m2!3d-38.9711188!4d-68.0733358!16s%2Fg%2F11vyp72dnt!19sChIJSXpGn6QzCpYRjyaOdgrZm0Y?authuser=0&hl=en&rclk=1,LIMAY,Ribereño / Balnearios,True
Curly Food truck,Fast food restaurant,"5,0",4,"República de Italia 4447, Q8300 Neuquén, Argentina",-38.9447215,-68.1208895,https://www.google.com/maps/place/Curly+Food+truck/data=!4m7!3m6!1s0x960a33e2dded0721:0xfca912f41e1fe988!8m2!3d-38.9447215!4d-68.1208895!16s%2Fg%2F11ycynzf23!19sChIJIQft3eIzCpYRiOkfHvQSqfw?authuser=0&hl=en&rclk=1,SAN LORENZO NORTE,Oeste Profundo,False
SAZONANDO,Fast food restaurant,"5,0",1,"Q8302 Neuquén, Argentina",-38.9692092,-68.0717222,https://www.google.com/maps/place/SAZONANDO/data=!4m7!3m6!1s0x960a33004664cf71:0x2ba1bc986a41593d!8m2!3d-38.9692092!4d-68.0717222!16s%2Fg%2F11xg38p41v!19sChIJcc9kRgAzCpYRPVlBapi8oSs?authuser=0&hl=en&rclk=1,LIMAY,Ribereño / Balnearios,True
Dinamita,Fast food restaurant,"3,0",3,"Salta 148, Q8300AED Q8300AED, Neuquén, Argentina",-38.9534254,-68.066526,https://www.google.com/maps/place/Dinamita/data=!4m7!3m6!1s0x960a33b7ceea201f:0xa35dfd9173fce337!8m2!3d-38.9534254!4d-68.066526!16s%2Fg%2F11lrsts4pd!19sChIJHyDqzrczCpYRN-P8c5H9XaM?authuser=0&hl=en&rclk=1,ÁREA CENTRO OESTE,Otras Zonas,False
Rotiseria vikiori,Fast food restaurant,"5,0",1,"Perito Moreno 585, Q8300 Neuquén, Argentina",-38.9583216,-68.0510778,https://www.google.com/maps/place/Rotiseria+vikiori/data=!4m7!3m6!1s0x960a332e3ec51c9f:0xdb9844a70776f2b!8m2!3d-38.9583216!4d-68.0510778!16s%2Fg%2F11mlcnr0qt!19sChIJnxzFPi4zCpYRK293cEqEuQ0?authuser=0&hl=en&rclk=1,ÁREA CENTRO SUR,Otras Zonas,False
Don milo,Fast food restaurant,"4,0",4,"Gatica 2049, Q8300 Neuquén, Argentina",-38.9765123,-68.0735196,https://www.google.com/maps/place/Don+milo/data=!4m7!3m6!1s0x960a335c70e34c59:0x8a8b2e1912b95d9d!8m2!3d-38.9765123!4d-68.0735196!16s%2Fg%2F11v0wb5vv1!19sChIJWUzjcFwzCpYRnV25Ehkui4o?authuser=0&hl=en&rclk=1,DON BOSCO II,Otras Zonas,False
Amancay Chen 2,Fast food restaurant,"4,3",17,"PIN Oeste, Av. Conquistadores del Desierto 3994, Q8300 Neuquén, Argentina",-38.9099235,-68.1044998,https://www.google.com/maps/place/Amancay+Chen+2/data=!4m7!3m6!1s0x960a35538af4f577:0xeefd869ceceb9898!8m2!3d-38.9099235!4d-68.1044998!16s%2Fg%2F11t3h8y6zg!19sChIJd_X0ilM1CpYRmJjr7JyG_e4?authuser=0&hl=en&rclk=1,CIUDAD INDUSTRIAL OBISPO DON JAIME DE NEVARES,Otras Zonas,False
ROTISERIA SOPHIA,Fast food restaurant,"5,0",2,"Las Gaviotas 1883, Q8304JCY Neuquén, Argentina",-38.9348055,-68.1198643,https://www.google.com/maps/place/ROTISERIA+SOPHIA/data=!4m7!3m6!1s0x960a3300616c1b97:0x5d3650d94c140ec!8m2!3d-38.9348055!4d-68.1198643!16s%2Fg%2F11w_hcck17!19sChIJlxtsYQAzCpYR7EDBlA1l0wU?authuser=0&hl=en&rclk=1,GRAN NEUQUÉN SUR,Otras Zonas,False
Gut! empanadas premium,Fast food restaurant,"4,6",35,"Cnel. Racedo Eduardo 344, Q8300 Q8302FZU, Neuquén, Argentina",-38.9511255,-68.1276025,https://www.google.com/maps/place/Gut!+empanadas+premium/data=!4m7!3m6!1s0x960a33b252035e0f:0xacd54c38e958f31f!8m2!3d-38.9511255!4d-68.1276025!16s%2Fg%2F11kjh11429!19sChIJD14DUrIzCpYRH_NY6ThM1aw?authuser=0&hl=en&rclk=1,SAN LORENZO SUR,Oeste Profundo,False
Pehuenia Madre,Fast food restaurant,"5,0",2,"San Martín 785, Q8302 Neuquén, Argentina",-38.9547591,-68.0702047,https://www.google.com/maps/place/Pehuenia+Madre/data=!4m7!3m6!1s0x960a330021988e8b:0xca5605cda88f5348!8m2!3d-38.9547591!4d-68.0702047!16s%2Fg%2F11xywpz388!19sChIJi46YIQAzCpYRSFOPqM0FVso?authuser=0&hl=en&rclk=1,ÁREA CENTRO OESTE,Otras Zonas,False
Kaleutun,Fast food restaurant,"2,7",21,"Neuquén, Argentina",-38.9769921,-68.0535278,https://www.google.com/maps/place/Kaleutun/data=!4m7!3m6!1s0x960a3393f0d3146b:0x8de4d3f81880db0c!8m2!3d-38.9769921!4d-68.0535278!16s%2Fg%2F11k4lb51fh!19sChIJaxTT8JMzCpYRDNuAGPjT5I0?authuser=0&hl=en&rclk=1,RÍO GRANDE,Otras Zonas,False
Rotiseria sabores de casa,Fast food restaurant,"4,6",9,"Varvarco 243, Q8300 Neuquén, Argentina",-38.9439677,-68.1007072,https://www.google.com/maps/place/Rotiseria+sabores+de+casa/data=!4m7!3m6!1s0x960a333c3b4f6245:0x2f74925f6c64121f!8m2!3d-38.9439677!4d-68.1007072!16s%2Fg%2F11rn4vf_4x!19sChIJRWJPOzwzCpYRHxJkbF-SdC8?authuser=0&hl=en&rclk=1,GREGORIO ÁLVAREZ,Otras Zonas,False
Sandwiches de Miga J&M,Gourmet grocery store,"4,2",383,"Independencia 806, Q8302 Neuquén, Argentina",-38.9550103,-68.0477652,https://www.google.com/maps/place/Sandwiches+de+Miga+J%26M/data=!4m7!3m6!1s0x960a33d561e3a011:0x3f8fa2ee726ffdf0!8m2!3d-38.9550103!4d-68.0477652!16s%2Fg%2F11gd1vdhzk!19sChIJEaDjYdUzCpYR8P1vcu6ijz8?authuser=0&hl=en&rclk=1,VILLA FARRELL,Otras Zonas,False
"Miga, fábrica de sándwich",Fast food restaurant,"4,2",12,"Int. Chaneton 827, Q8300 Neuquén, Argentina",-38.9639331,-68.0707366,"https://www.google.com/maps/place/Miga,+f%C3%A1brica+de+s%C3%A1ndwich/data=!4m7!3m6!1s0x960a33853cba3a7f:0x20ba29dd64832fb2!8m2!3d-38.9639331!4d-68.0707366!16s%2Fg%2F11vzy51hc2!19sChIJfzq6PIUzCpYRsi-DZN0puiA?authuser=0&hl=en&rclk=1",VILLA FLORENCIA,Oeste / Residencial,False
Panda,Fast food restaurant,"1,0",2,"Neuquén, Argentina",-38.9414106,-68.0632921,https://www.google.com/maps/place/Panda/data=!4m7!3m6!1s0x960a33003eecc673:0x30172cc3935d943e!8m2!3d-38.9414106!4d-68.0632921!16s%2Fg%2F11zj219kg0!19sChIJc8bsPgAzCpYRPpRdk8MsFzA?authuser=0&hl=en&rclk=1,ÁREA CENTRO ESTE,Otras Zonas,False
Shirogami,Japanese restaurant,"4,1",197,"Gdor. Elordi 366, Q8302 Neuquén, Argentina",-38.9498553,-68.0643781,https://www.google.com/maps/place/Shirogami/data=!4m7!3m6!1s0x960a330050d30f91:0x5b6ad2a1637f917b!8m2!3d-38.9498553!4d-68.0643781!16s%2Fg%2F11lf3w6ncn!19sChIJkQ_TUAAzCpYRe5F_Y6HSals?authuser=0&hl=en&rclk=1,ÁREA CENTRO ESTE,Otras Zonas,False
Umami Sushi,Japanese restaurant,"4,6",16,"El Chocón 99, Q8300 Neuquén, Argentina",-38.9690008,-68.0578857,https://www.google.com/maps/place/Umami+Sushi/data=!4m7!3m6!1s0x960a3300752cec47:0x22ab07ed904e5fd2!8m2!3d-38.9690008!4d-68.0578857!16s%2Fg%2F11y5_7rdg6!19sChIJR-wsdQAzCpYR0l9OkO0HqyI?authuser=0&hl=en&rclk=1,VILLA MARÍA,Otras Zonas,False
HØFU SUSHI,Asian restaurant,"5,0",49,"Emilio Guiñazu, La Pampa &, Neuquén, Argentina",-38.9681706,-68.0622738,https://www.google.com/maps/place/H%C3%98FU+SUSHI/data=!4m7!3m6!1s0x960a33005b6db729:0xc92d10d94357a814!8m2!3d-38.9681706!4d-68.0622738!16s%2Fg%2F11x1qc_h0c!19sChIJKbdtWwAzCpYRFKhXQ9kQLck?authuser=0&hl=en&rclk=1,VILLA MARÍA,Otras Zonas,False
Sushi Kami 神,Sushi takeaway,"5,0",119,"C. Leopoldo Marechal 2184, Q8300 Neuquén, Argentina",-38.986793,-68.0892972,https://www.google.com/maps/place/Sushi+Kami+%E7%A5%9E/data=!4m7!3m6!1s0x960a333b1c2109f9:0x8c89318abf04d005!8m2!3d-38.986793!4d-68.0892972!16s%2Fg%2F11swy99cdv!19sChIJ-QkhHDszCpYRBdAEv4oxiYw?authuser=0&hl=en&rclk=1,ALTOS DEL LIMAY,Otras Zonas,False
"Jiro Sushi, sucursal Neuquén",Japanese restaurant,"4,1",70,"Salta 234, Q8300 Neuquén, Argentina",-38.9524974,-68.0665214,"https://www.google.com/maps/place/Jiro+Sushi,+sucursal+Neuqu%C3%A9n/data=!4m7!3m6!1s0x960a3381215a3f59:0xf0e168da3d7c59f9!8m2!3d-38.9524974!4d-68.0665214!16s%2Fg%2F11s8_hk94k!19sChIJWT9aIYEzCpYR-Vl8Pdpo4fA?authuser=0&hl=en&rclk=1",ÁREA CENTRO OESTE,Otras Zonas,False
SUSHI TOP NQN,Delivery Restaurant,"3,7",166,"Independencia 124, Q8300 Neuquén, Argentina",-38.9549365,-68.0568101,https://www.google.com/maps/place/SUSHI+TOP+NQN/data=!4m7!3m6!1s0x960a3344536b144d:0x1f6297abdc6dfb2d!8m2!3d-38.9549365!4d-68.0568101!16s%2Fg%2F11ng5fypwk!19sChIJTRRrU0QzCpYRLftt3KuXYh8?authuser=0&hl=en&rclk=1,ÁREA CENTRO ESTE,Otras Zonas,False
MIRAI SUSHI,Restaurant,"3,2",73,"Av. Dr. Ramón 355, Q8200 Neuquén, Argentina",-38.9416983,-68.0636944,https://www.google.com/maps/place/MIRAI+SUSHI/data=!4m7!3m6!1s0x960a33f10c1ef919:0xd0fa4ff89dc6c7be!8m2!3d-38.9416983!4d-68.0636944!16s%2Fg%2F11l5jrjn34!19sChIJGfkeDPEzCpYRvsfGnfhP-tA?authuser=0&hl=en&rclk=1,ÁREA CENTRO ESTE,Otras Zonas,False
Oishii Oriental,Asian restaurant,"4,0",10,"Tte. Coronel Lorenzo Winter 1114-1050, Q8300CFN Q8300CFN, Neuquén, Argentina",-38.966751,-68.0482577,https://www.google.com/maps/place/Oishii+Oriental/data=!4m7!3m6!1s0x960a330163024307:0xf5f9b130d8c964d3!8m2!3d-38.966751!4d-68.0482577!16s%2Fg%2F11sr7f7sgf!19sChIJB0MCYwEzCpYR02TJ2DCx-fU?authuser=0&hl=en&rclk=1,BELGRANO,Otras Zonas,False
SUSHIMAK Take Away de Sushi,Sushi takeaway,"4,1",144,"Sta Fe Norte 22, Q8316 Plottier, Neuquén, Argentina",-38.9567266,-68.2261459,https://www.google.com/maps/place/SUSHIMAK+Take+Away+de+Sushi/data=!4m7!3m6!1s0x960bcc0f35373451:0x111764c11056acfe!8m2!3d-38.9567266!4d-68.2261459!16s%2Fg%2F11fy_7g4wc!19sChIJUTQ3NQ_MC5YR_qxWEMFkFxE?authuser=0&hl=en&rclk=1,,Otras Zonas,False
Kohi,Restaurant,"4,4",68,"Avenida Argentina 794, Q8300 Neuquén, Argentina",-38.9465484,-68.0595245,https://www.google.com/maps/place/Kohi/data=!4m7!3m6!1s0x960a33e7d76f4eb9:0x83ed6773f0f77bc3!8m2!3d-38.9465484!4d-68.0595245!16s%2Fg%2F11smg0tpxc!19sChIJuU5v1-czCpYRw3v38HNn7YM?authuser=0&hl=en&rclk=1,ÁREA CENTRO ESTE,Otras Zonas,False
Riquis.Chine,Delivery Restaurant,"4,4",11,"Nestor Barros 2170, Q8300 Neuquén, Argentina",-38.9313834,-68.1367242,https://www.google.com/maps/place/Riquis.Chine/data=!4m7!3m6!1s0x960a3394cb96cbb9:0x99a4f11bde337f17!8m2!3d-38.9313834!4d-68.1367242!16s%2Fg%2F11n5l23vyt!19sChIJucuWy5QzCpYRF38z3hvxpJk?authuser=0&hl=en&rclk=1,HIBEPA,Otras Zonas,False
Pizzeria Ri K Pizza,Pizza delivery,"4,1",125,"Catriel y Abraham Catriel y Abraham, 8300 Neuquén, Argentina",-38.9374709,-68.083409,https://www.google.com/maps/place/Pizzeria+Ri+K+Pizza/data=!4m7!3m6!1s0x960a339a75454acb:0xdd344330e558f85d!8m2!3d-38.9374709!4d-68.083409!16s%2Fg%2F11gfng7b1v!19sChIJy0pFdZozCpYRXfhY5TBDNN0?authuser=0&hl=en&rclk=1,BARDAS SOLEADAS,Otras Zonas,False
La Julieta Restaurante,Restaurant,"4,7",14,"Rincon de Emilio, Atlantida 750, Q8300 Neuquén, Argentina",-38.9233242,-68.0500186,https://www.google.com/maps/place/La+Julieta+Restaurante/data=!4m7!3m6!1s0x960a33837cb80869:0x89c0ea76cf61fd13!8m2!3d-38.9233242!4d-68.0500186!16s%2Fg%2F11ylddf2fr!19sChIJaQi4fIMzCpYRE_1hz3bqwIk?authuser=0&hl=en&rclk=1,RINCÓN DE EMILIO,Otras Zonas,False
Saboreando Recuerdos,Deli,"5,0",155,"Río Juramento 1012, Q8300 Neuquén, Argentina",-38.9484998,-68.0450363,https://www.google.com/maps/place/Saboreando+Recuerdos/data=!4m7!3m6!1s0x960a31eeddb9ccfd:0xf051367b6d477f1c!8m2!3d-38.9484998!4d-68.0450363!16s%2Fg%2F11vkl0z_sl!19sChIJ_cy53e4xCpYRHH9HbXs2UfA?authuser=0&hl=en&rclk=1,SANTA GENOVEVA,Residencial VIP / Cerca Centro,False
Los Carritos,Bar,"4,4",563,"Av. ARA San Juan, Q8300 Neuquén, Argentina",-38.9773075,-68.0533199,https://www.google.com/maps/place/Los+Carritos/data=!4m7!3m6!1s0x960a33959fafd205:0x8278a0736b2c49f1!8m2!3d-38.9773075!4d-68.0533199!16s%2Fg%2F11h2hhrnht!19sChIJBdKvn5UzCpYR8Uksa3OgeII?authuser=0&hl=en&rclk=1,RÍO GRANDE,Otras Zonas,False
Cuatro,Restaurant,"4,4",494,"Luis Toschi 519, R8324 Cipolletti, Río Negro, Argentina",-38.9490671,-67.9924369,https://www.google.com/maps/place/Cuatro/data=!4m7!3m6!1s0x960a316403fc3aad:0x94742c7f69da58ea!8m2!3d-38.9490671!4d-67.9924369!16s%2Fg%2F11rn8zzcrg!19sChIJrTr8A2QxCpYR6ljaaX8sdJQ?authuser=0&hl=en&rclk=1,,Otras Zonas,False
Antü RestoBar - Patio de Encuentro (Cipolletti),Restaurant,"4,2",1425,"Sarmiento 150, R8324 Cipolletti, Río Negro, Argentina",-38.9401639,-67.9938842,https://www.google.com/maps/place/Ant%C3%BC+RestoBar+-+Patio+de+Encuentro+%28Cipolletti%29/data=!4m7!3m6!1s0x960a30fbf731b0a1:0x2d1af5334fc984ba!8m2!3d-38.9401639!4d-67.9938842!16s%2Fg%2F11bwkdl3kw!19sChIJobAx9_swCpYRuoTJTzP1Gi0?authuser=0&hl=en&rclk=1,,Otras Zonas,False
Bambu Canting,Restaurant,"4,1",2322,"Miguel Muñoz 30, R8324 Cipolletti, Río Negro, Argentina",-38.941006,-67.9955424,https://www.google.com/maps/place/Bambu+Canting/data=!4m7!3m6!1s0x960a30fea0014ecd:0x3d6d75cebd33496c!8m2!3d-38.941006!4d-67.9955424!16s%2Fg%2F11c45yhn2p!19sChIJzU4BoP4wCpYRbEkzvc51bT0?authuser=0&hl=en&rclk=1,,Otras Zonas,False
Bar 1946,Bar & grill,"4,1",1971,"Gral. Roca 320, R8342 Cipolletti, Río Negro, Argentina",-38.9388582,-67.9973135,https://www.google.com/maps/place/Bar+1946/data=!4m7!3m6!1s0x960a3110a0a8e75f:0x5b341ba84df27687!8m2!3d-38.9388582!4d-67.9973135!16s%2Fg%2F11n0c13rjj!19sChIJX-eooBAxCpYRh3byTagbNFs?authuser=0&hl=en&rclk=1,,Otras Zonas,False
Lo De Nuny,Restaurant,"4,7",47,"Tte. Ibañez 650, R8324 Cipolletti, Río Negro, Argentina",-38.9354331,-67.9914944,https://www.google.com/maps/place/Lo+De+Nuny/data=!4m7!3m6!1s0x960a30e4d4aa808f:0x48294be5b706a202!8m2!3d-38.9354331!4d-67.9914944!16s%2Fg%2F11hyl54bsb!19sChIJj4Cq1OQwCpYRAqIGt-VLKUg?authuser=0&hl=en&rclk=1,,Otras Zonas,False
Cerveza Artesanal Neuquina,Brewpub,"4,7",51,"Bolívar 997, Q8302 Neuquén, Argentina",-38.971154,-68.0454872,https://www.google.com/maps/place/Cerveza+Artesanal+Neuquina/data=!4m7!3m6!1s0x960a318a28f74269:0x9dd2ca625dc41073!8m2!3d-38.971154!4d-68.0454872!16s%2Fg%2F11gfdvn964!19sChIJaUL3KIoxCpYRcxDEXWLK0p0?authuser=0&hl=en&rclk=1,BELGRANO,Otras Zonas,False
Espiritu Pucara,Beer hall,"4,4",790,"C. Maipú 36, R8324 Cipolletti, Río Negro, Argentina",-38.9447677,-67.986949,https://www.google.com/maps/place/Espiritu+Pucara/data=!4m7!3m6!1s0x960a30580cbbe6bd:0x7abf7142a6ed3406!8m2!3d-38.9447677!4d-67.986949!16s%2Fg%2F11c24nyf9n!19sChIJvea7DFgwCpYRBjTtpkJxv3o?authuser=0&hl=en&rclk=1,,Otras Zonas,False
Eduardo,Bar,"4,5",8,"Rafaela 5, Q8300 Neuquén, Argentina",-38.9397285,-68.1296505,https://www.google.com/maps/place/Eduardo/data=!4m7!3m6!1s0x960a338ef5acc15f:0x5cf04e3ea2a997e5!8m2!3d-38.9397285!4d-68.1296505!16s%2Fg%2F11g4dnkxgb!19sChIJX8Gs9Y4zCpYR5Zepoj5O8Fw?authuser=0&hl=en&rclk=1,SAN LORENZO NORTE,Oeste Profundo,False
Ramblo Bar,Bar,"3,8",6,"Gral. Manuel Belgrano 3216, Q8300 Neuquén, Argentina",-38.9506702,-68.1038531,https://www.google.com/maps/place/Ramblo+Bar/data=!4m7!3m6!1s0x960a33e27f7f97b5:0x527b2fd6ae9e3c79!8m2!3d-38.9506702!4d-68.1038531!16s%2Fg%2F11xkpdjd3g!19sChIJtZd_f-IzCpYReTyertYve1I?authuser=0&hl=en&rclk=1,HUILICHES,Otras Zonas,False
Kalevala Cerveceria Artesanal,Brewery,"4,7",123,"Uruguay 102, R8324 Cipolletti, Río Negro, Argentina",-38.9424891,-67.9847685,https://www.google.com/maps/place/Kalevala+Cerveceria+Artesanal/data=!4m7!3m6!1s0x960a30f6490b1e85:0xbf736583f2fc7422!8m2!3d-38.9424891!4d-67.9847685!16s%2Fg%2F11c56b1_4d!19sChIJhR4LSfYwCpYRInT88oNlc78?authuser=0&hl=en&rclk=1,,Otras Zonas,False
Antares Cipolletti,Brewpub,"3,7",1460,"Gral. Roca 95, R8300 Cipolletti, Río Negro, Argentina",-38.9384347,-68.0005545,https://www.google.com/maps/place/Antares+Cipolletti/data=!4m7!3m6!1s0x960a317424d5e4ef:0xe0ad4263a6ab563!8m2!3d-38.9384347!4d-68.0005545!16s%2Fg%2F11pb7zswfw!19sChIJ7-TVJHQxCpYRY7VqOibUCg4?authuser=0&hl=en&rclk=1,,Otras Zonas,False
Oil mortales,Beer hall,"2,6",9,"Gral. Manuel Belgrano 3447, Q8300 Neuquén, Argentina",-38.9502975,-68.1069963,https://www.google.com/maps/place/Oil+mortales/data=!4m7!3m6!1s0x960a33ccd59aab1f:0x9e7c862b263feb7e!8m2!3d-38.9502975!4d-68.1069963!16s%2Fg%2F11mtd3v5ss!19sChIJH6ua1cwzCpYRfus_JiuGfJ4?authuser=0&hl=en&rclk=1,HUILICHES,Otras Zonas,False
KALEVALA BAR,Gastropub,"4,5",68,"Belgrano 180, R8324 Cipolletti, Río Negro, Argentina",-38.93883,-67.9992564,https://www.google.com/maps/place/KALEVALA+BAR/data=!4m7!3m6!1s0x960a31182b88f6e7:0xed40de1682f5c1fe!8m2!3d-38.93883!4d-67.9992564!16s%2Fg%2F11lw3txk3c!19sChIJ5_aIKxgxCpYR_sH1ghbeQO0?authuser=0&hl=en&rclk=1,,Otras Zonas,False
Bar 2060,Bar,"4,7",9,"Av. Coronel Olascoaga 2060, Neuquén, Argentina",-38.9771833,-68.0590546,https://www.google.com/maps/place/Bar+2060/data=!4m7!3m6!1s0x960a339d0befff75:0x412784060857b348!8m2!3d-38.9771833!4d-68.0590546!16s%2Fg%2F11sc0s1cgb!19sChIJdf_vC50zCpYRSLNXCAaEJ0E?authuser=0&hl=en&rclk=1,RÍO GRANDE,Otras Zonas,False
Maglin Resto Bar,Bar,"4,5",54,"El Chocón 995, Q8302 Neuquén, Argentina",-38.9691448,-68.0455402,https://www.google.com/maps/place/Maglin+Resto+Bar/data=!4m7!3m6!1s0x960a3189b0220173:0x6b081d13c94e93fd!8m2!3d-38.9691448!4d-68.0455402!16s%2Fg%2F11f15hnxtt!19sChIJcwEisIkxCpYR_ZNOyRMdCGs?authuser=0&hl=en&rclk=1,BELGRANO,Otras Zonas,False
RefugioFoodpark,Beer garden,"4,5",140,"Av. Megelle, Gral. Fernández Oro y, R8324 Cipolletti, Río Negro, Argentina",-38.9399299,-68.0020904,https://www.google.com/maps/place/RefugioFoodpark/data=!4m7!3m6!1s0x960a31b1f65e01b1:0x60ba87382aac8b9e!8m2!3d-38.9399299!4d-68.0020904!16s%2Fg%2F11m0tx0zm7!19sChIJsQFe9rExCpYRnousKjiHumA?authuser=0&hl=en&rclk=1,,Otras Zonas,False
Lotito's A lo Bestia - Casa de Comidas,Argentinian restaurant,"4,3",2586,"Ruta 22 km 1235, Buenos Aires Norte 299, Q8316ACE Plottier, Neuquén, Argentina",-38.9567265,-68.2310243,https://www.google.com/maps/place/Lotito%27s+A+lo+Bestia+-+Casa+de+Comidas/data=!4m7!3m6!1s0x960bcc0697b61ea3:0x44329192f4aaaadf!8m2!3d-38.9567265!4d-68.2310243!16s%2Fg%2F1wh4h132!19sChIJox62lwbMC5YR36qq9JKRMkQ?authuser=0&hl=en&rclk=1,,Otras Zonas,False
El Galpón Comida al paso,Argentinian restaurant,"4,0",264,"Buenos Aires Sur 114, Neuquén, Argentina",-38.9573277,-68.2280684,https://www.google.com/maps/place/El+Galp%C3%B3n+Comida+al+paso/data=!4m7!3m6!1s0x960bcdd8998ad7af:0x4555d647e9c5b9ae!8m2!3d-38.9573277!4d-68.2280684!16s%2Fg%2F11smq_2f6d!19sChIJr9eKmdjNC5YRrrnF6UfWVUU?authuser=0&hl=en&rclk=1,,Otras Zonas,False
El Patio Del Pollo,Chicken shop,"4,4",166,"Primeros Pobladores 362, Plottier, Neuquén, Argentina",-38.9541639,-68.2208085,https://www.google.com/maps/place/El+Patio+Del+Pollo/data=!4m7!3m6!1s0x960bcd64cf0b3637:0x47a0b41ab3084138!8m2!3d-38.9541639!4d-68.2208085!16s%2Fg%2F11fl1nqb05!19sChIJNzYLz2TNC5YROEEIsxq0oEc?authuser=0&hl=en&rclk=1,,Otras Zonas,False
Max Pollo,Grill,"4,0",58,"Av. San Martín, Plottier, Neuquén, Argentina",-38.9434278,-68.2256453,https://www.google.com/maps/place/Max+Pollo/data=!4m7!3m6!1s0x960bcbf06f8ede91:0x918007b6097b630b!8m2!3d-38.9434278!4d-68.2256453!16s%2Fg%2F11hcfnbn45!19sChIJkd6Ob_DLC5YRC2N7CbYHgJE?authuser=0&hl=en&rclk=1,,Otras Zonas,False
Rotiseria: Sabor & Arte.,Argentinian restaurant,"4,5",175,"Av. del Trabajo 613, Plottier, Neuquén, Argentina",-38.9445826,-68.2178238,https://www.google.com/maps/place/Rotiseria:+Sabor+%26+Arte./data=!4m7!3m6!1s0x960bcbf3ecb36c45:0x17fec5538afcc3e5!8m2!3d-38.9445826!4d-68.2178238!16s%2Fg%2F11dxs0sjb_!19sChIJRWyz7PPLC5YR5cP8ilPF_hc?authuser=0&hl=en&rclk=1,,Otras Zonas,False
Superpollo,Restaurant,"5,0",1,"Av. San Martín 556, Plottier, Neuquén, Argentina",-38.9474986,-68.2259988,https://www.google.com/maps/place/Superpollo/data=!4m7!3m6!1s0x960bcbf74de902b7:0xb759c52b80656f7f!8m2!3d-38.9474986!4d-68.2259988!16s%2Fg%2F11j2yqfz72!19sChIJtwLpTffLC5YRf29lgCvFWbc?authuser=0&hl=en&rclk=1,,Otras Zonas,False
Bar Other World,Bar & grill,"3,8",859,"Chos Malal 168, Q8316 Plottier, Neuquén, Argentina",-38.9521495,-68.2279802,https://www.google.com/maps/place/Bar+Other+World/data=!4m7!3m6!1s0x960bcc07f5eaa7d1:0x4d5e6f005c79b36d!8m2!3d-38.9521495!4d-68.2279802!16s%2Fg%2F11clybhw5j!19sChIJ0afq9QfMC5YRbbN5XABvXk0?authuser=0&hl=en&rclk=1,,Otras Zonas,False
Mak Pollo Sucursal Plottier,Restaurant,"4,3",52,"Av. del Trabajo, Reconquista y, Plottier, Neuquén, Argentina",-38.9447061,-68.1898103,https://www.google.com/maps/place/Mak+Pollo+Sucursal+Plottier/data=!4m7!3m6!1s0x960bcdfa2ed5b82f:0x1cc880810303e67b!8m2!3d-38.9447061!4d-68.1898103!16s%2Fg%2F11t6h259_t!19sChIJL7jVLvrNC5YRe-YDA4GAyBw?authuser=0&hl=en&rclk=1,,Otras Zonas,False
El Galpon,Grill,"4,2",30,"Las Perlas, Río Negro, Argentina",-38.9822043,-68.1633147,https://www.google.com/maps/place/El+Galpon/data=!4m7!3m6!1s0x960bcd3a65a81107:0x40a2044d55b0e30c!8m2!3d-38.9822043!4d-68.1633147!16s%2Fg%2F11f5_7h51q!19sChIJBxGoZTrNC5YRDOOwVU0EokA?authuser=0&hl=en&rclk=1,,Otras Zonas,False
tercera docena EMPANADAS,Delivery Restaurant,"3,9",582,"Diag. España 115, Q8300 Neuquén, Argentina",-38.9496034,-68.0571258,https://www.google.com/maps/place/tercera+docena+EMPANADAS/data=!4m7!3m6!1s0x960a33d067509245:0x87d36c222e9ac070!8m2!3d-38.9496034!4d-68.0571258!16s%2Fg%2F11b70cnths!19sChIJRZJQZ9AzCpYRcMCaLiJs04c?authuser=0&hl=en&rclk=1,ÁREA CENTRO ESTE,Otras Zonas,False
Tienda de Empanadas Godoy,Fast food restaurant,"4,3",63,"Coronel Enrique Godoy 345, Q8300 Neuquén, Argentina",-38.9509511,-68.1173032,https://www.google.com/maps/place/Tienda+de+Empanadas+Godoy/data=!4m7!3m6!1s0x960bcb330e4017af:0xdfb348aec345e63!8m2!3d-38.9509511!4d-68.1173032!16s%2Fg%2F11w4tjw75_!19sChIJrxdADjPLC5YRY1407Io0-w0?authuser=0&hl=en&rclk=1,CANAL V,Otras Zonas,False
Batacazo Empanadas,Takeout Restaurant,"4,6",57,"Tucumán 385, Q8300 Neuquén, Argentina",-38.9510403,-68.0519024,https://www.google.com/maps/place/Batacazo+Empanadas/data=!4m7!3m6!1s0x960a339ef0f5cf9b:0x1a88b4fe5aa36d28!8m2!3d-38.9510403!4d-68.0519024!16s%2Fg%2F11wfv743h0!19sChIJm8_18J4zCpYRKG2jWv60iBo?authuser=0&hl=en&rclk=1,ÁREA CENTRO ESTE,Otras Zonas,False
COMO EN SALTA,Restaurant,"4,6",11,"Salta 234, Q8300 Neuquén, Argentina",-38.9524974,-68.0665214,https://www.google.com/maps/place/COMO+EN+SALTA/data=!4m7!3m6!1s0x960a337146119127:0xb72666225e94bda9!8m2!3d-38.9524974!4d-68.0665214!16s%2Fg%2F11md4g64p4!19sChIJJ5ERRnEzCpYRqb2UXiJmJrc?authuser=0&hl=en&rclk=1,ÁREA CENTRO OESTE,Otras Zonas,False
Tienda de Empanadas Centro,Fast food restaurant,"4,3",19,"Buenos Aires 1110, Q8300 Neuquén, Argentina",-38.9429017,-68.0576593,https://www.google.com/maps/place/Tienda+de+Empanadas+Centro/data=!4m7!3m6!1s0x960a333548d36adb:0x2eb71a1018bba3d4!8m2!3d-38.9429017!4d-68.0576593!16s%2Fg%2F11wqb1l3qt!19sChIJ22rTSDUzCpYR1KO7GBAaty4?authuser=0&hl=en&rclk=1,ÁREA CENTRO ESTE,Otras Zonas,False
EMPANADAS GREIS,Restaurant,"4,9",11,"C. 4 6, Neuquén, Argentina",-38.910804,-68.0839834,https://www.google.com/maps/place/EMPANADAS+GREIS/data=!4m7!3m6!1s0x960a35004c3f9bcb:0x8cd615e2f39b51dc!8m2!3d-38.910804!4d-68.0839834!16s%2Fg%2F11vwhvr8rg!19sChIJy5s_TAA1CpYR3FGb8-IV1ow?authuser=0&hl=en&rclk=1,CIUDAD INDUSTRIAL OBISPO DON JAIME DE NEVARES,Otras Zonas,False
Pranzo Empanadas - Ignacio Rivas,Delivery Restaurant,"4,4",92,"Ignacio Rivas 765, Q8300 Neuquén, Argentina",-38.9632998,-68.0791267,https://www.google.com/maps/place/Pranzo+Empanadas+-+Ignacio+Rivas/data=!4m7!3m6!1s0x960a335e9de63171:0xb578dfe3734f043f!8m2!3d-38.9632998!4d-68.0791267!16s%2Fg%2F11tdl6z20p!19sChIJcTHmnV4zCpYRPwRPc-PfeLU?authuser=0&hl=en&rclk=1,LA SIRENA,Otras Zonas,False
Borga Empanadas,Delivery Restaurant,"4,4",110,"Hilario Cuadros 2950, Q8300 Neuquén, Argentina",-38.9509521,-68.1001592,https://www.google.com/maps/place/Borga+Empanadas/data=!4m7!3m6!1s0x960a338320313da7:0x254ce7e73fa4efcf!8m2!3d-38.9509521!4d-68.1001592!16s%2Fg%2F11t5dpff1j!19sChIJpz0xIIMzCpYRz--kP-fnTCU?authuser=0&hl=en&rclk=1,EL PROGRESO,Otras Zonas,False
Bairoletto Av Olascoaga - Nqn,Takeout Restaurant,"4,2",198,"Av. Coronel Olascoaga 976, Q8302 Neuquén, Argentina",-38.9655284,-68.0590062,https://www.google.com/maps/place/Bairoletto+Av+Olascoaga+-+Nqn/data=!4m7!3m6!1s0x960a322e255ccbe1:0x434fc3a972047f77!8m2!3d-38.9655284!4d-68.0590062!16s%2Fg%2F11fxvvbvxm!19sChIJ4ctcJS4yCpYRd38EcqnDT0M?authuser=0&hl=en&rclk=1,VILLA MARÍA,Otras Zonas,False
Pranzo Alta Barda,Restaurant,"4,6",44,"Los Pensamientos 167, Q8300 Neuquén, Argentina",-38.9331831,-68.0714454,https://www.google.com/maps/place/Pranzo+Alta+Barda/data=!4m7!3m6!1s0x960a333c708e89bd:0xa5059e0d0aa03b60!8m2!3d-38.9331831!4d-68.0714454!16s%2Fg%2F11vq9sb1p0!19sChIJvYmOcDwzCpYRYDugCg2eBaU?authuser=0&hl=en&rclk=1,ALTA BARDA,Norte / Residencial,False
Pranzo Empanadas - Neuquén - Local Belgrano 4150,Delivery Restaurant,"4,2",484,"Gral. Manuel Belgrano 4150, Q8300 Neuquén, Argentina",-38.9504931,-68.1166917,https://www.google.com/maps/place/Pranzo+Empanadas+-+Neuqu%C3%A9n+-+Local+Belgrano+4150/data=!4m7!3m6!1s0x960a33e38c07a387:0x9833497929ebf0b7!8m2!3d-38.9504931!4d-68.1166917!16s%2Fg%2F11g1ysyccb!19sChIJh6MHjOMzCpYRt_DrKXlJM5g?authuser=0&hl=en&rclk=1,CANAL V,Otras Zonas,False
Empanadas Salteñas Neuquén,Takeout Restaurant,"4,2",5,"Int. Carro 155 3B, Q8300 Neuquén, Argentina",-38.961318,-68.0615502,https://www.google.com/maps/place/Empanadas+Salte%C3%B1as+Neuqu%C3%A9n/data=!4m7!3m6!1s0x960a33cd4809603f:0x4b990e335e4b0ce3!8m2!3d-38.961318!4d-68.0615502!16s%2Fg%2F11h71jmyml!19sChIJP2AJSM0zCpYR4wxLXjMOmUs?authuser=0&hl=en&rclk=1,NUEVO,Otras Zonas,False
El Hornito Santiagueño,Fast food restaurant,"4,1",29,"Av. Coronel Olascoaga 1129, Q8300 Neuquén, Argentina",-38.9671395,-68.0596473,https://www.google.com/maps/place/El+Hornito+Santiague%C3%B1o/data=!4m7!3m6!1s0x960a33001c59805b:0x6b3a9f17ad145928!8m2!3d-38.9671395!4d-68.0596473!16s%2Fg%2F11y89bn97j!19sChIJW4BZHAAzCpYRKFkUrRefOms?authuser=0&hl=en&rclk=1,VILLA MARÍA,Otras Zonas,False
tercera docena,Takeout Restaurant,"3,8",336,"Av. Coronel Olascoaga 1023, Q8300 Neuquén, Argentina",-38.9660278,-68.0596053,https://www.google.com/maps/place/tercera+docena/data=!4m7!3m6!1s0x960a322e2a46735d:0x8e71b20065fdadf4!8m2!3d-38.9660278!4d-68.0596053!16s%2Fg%2F11b724qt7d!19sChIJXXNGKi4yCpYR9K39ZQCycY4?authuser=0&hl=en&rclk=1,VILLA MARÍA,Otras Zonas,False
Crocante Pizzas y empanadas,Restaurant,"4,3",31,"Río Desaguadero 222, Q8302 Neuquén, Argentina",-38.9528937,-68.0387244,https://www.google.com/maps/place/Crocante+Pizzas+y+empanadas/data=!4m7!3m6!1s0x960a317859bb8b13:0x88584fe0dccce8d4!8m2!3d-38.9528937!4d-68.0387244!16s%2Fg%2F11fyzb9tv1!19sChIJE4u7WXgxCpYR1OjM3OBPWIg?authuser=0&hl=en&rclk=1,VILLA FARRELL,Otras Zonas,False
ROTISERIA Ruben,Takeout Restaurant,"4,8",107,"Fray Luis Beltrán 2080, Q8300 Neuquén, Argentina",-38.962265,-68.0882216,https://www.google.com/maps/place/ROTISERIA+Ruben/data=!4m7!3m6!1s0x960a33ac8b854b37:0x85926f9b19604a1d!8m2!3d-38.962265!4d-68.0882216!16s%2Fg%2F11b70f1j6n!19sChIJN0uFi6wzCpYRHUpgGZtvkoU?authuser=0&hl=en&rclk=1,LA SIRENA,Otras Zonas,False
BAIROLETTO Empanadas Sureñas - Sucursal Illia,Fast food restaurant,"4,5",6,"Presidente Arturo H. Illia 748, Q8300 Neuquén, Argentina",-38.9470728,-68.0452923,https://www.google.com/maps/place/BAIROLETTO+Empanadas+Sure%C3%B1as+-+Sucursal+Illia/data=!4m7!3m6!1s0x960a31b91e43d22b:0xfcb7927f393d8249!8m2!3d-38.9470728!4d-68.0452923!16s%2Fg%2F11x1d24_t9!19sChIJK9JDHrkxCpYRSYI9OX-St_w?authuser=0&hl=en&rclk=1,SANTA GENOVEVA,Residencial VIP / Cerca Centro,False
ROTISERÍA MILANI,Restaurant,"4,5",172,"Tte. Gral. Pablo Ricchieri, Q8300 Neuquén, Argentina",-38.9626839,-68.0509919,https://www.google.com/maps/place/ROTISER%C3%8DA+MILANI/data=!4m7!3m6!1s0x960a322979c15b15:0xf229fb3977fb4155!8m2!3d-38.9626839!4d-68.0509919!16s%2Fg%2F11b75pv_7m!19sChIJFVvBeSkyCpYRVUH7dzn7KfI?authuser=0&hl=en&rclk=1,BELGRANO,Otras Zonas,False
Tienda de Empanadas Plottier,Takeout Restaurant,"4,4",18,"Tromen 25, Q8316 Plottier, Neuquén, Argentina",-38.9493581,-68.2255093,https://www.google.com/maps/place/Tienda+de+Empanadas+Plottier/data=!4m7!3m6!1s0x960bcb019e6d338d:0xcff3a7de38cfb8fe!8m2!3d-38.9493581!4d-68.2255093!16s%2Fg%2F11yb0klf78!19sChIJjTNtngHLC5YR_rjPON6n888?authuser=0&hl=en&rclk=1,,Otras Zonas,False
Resto Bar La Salteña,Restaurant,"4,1",87,"Int. Carro 536, Q8302 Neuquén, Argentina",-38.9615259,-68.0669176,https://www.google.com/maps/place/Resto+Bar+La+Salte%C3%B1a/data=!4m7!3m6!1s0x960a3234be2c02b3:0x8efaa16ef714ad98!8m2!3d-38.9615259!4d-68.0669176!16s%2Fg%2F11c2nwmtwm!19sChIJswIsvjQyCpYRmK0U926h-o4?authuser=0&hl=en&rclk=1,NUEVO,Otras Zonas,False
Solo empanadas,Takeout Restaurant,"2,6",34,"Av. del Trabajador 3382, Q8304CGQ Neuquén, Argentina",-38.9436601,-68.1061161,https://www.google.com/maps/place/Solo+empanadas/data=!4m7!3m6!1s0x960a3376b8851521:0x6ebd45361b9f4881!8m2!3d-38.9436601!4d-68.1061161!16s%2Fg%2F11vl37nn_d!19sChIJIRWFuHYzCpYRgUifGzZFvW4?authuser=0&hl=en&rclk=1,UNIÓN DE MAYO,Otras Zonas,False
Guapaletas,Sin categoría,"4,0",3,"Alto Comahue Shopping (Neuquén), Av. Dr. Ramón 439, Neuquén, Argentina",-38.941392,-68.0655,https://www.google.com/maps/place/Guapaletas/data=!4m7!3m6!1s0x960a33175b9caa85:0x4e332637d069a1f6!8m2!3d-38.941392!4d-68.0655!16s%2Fg%2F11g1lnjsh7!19sChIJhaqcWxczCpYR9qFp0DcmM04?authuser=0&hl=en&rclk=1,ÁREA CENTRO ESTE,Otras Zonas,False
Panadería y Fiambrería Almíbar,Grocery store,"4,7",43,"Alderete 1499, Q1523 Neuquén, Argentina",-38.9509721,-68.0376929,https://www.google.com/maps/place/Panader%C3%ADa+y+Fiambrer%C3%ADa+Alm%C3%ADbar/data=!4m7!3m6!1s0x960a3179bdd57bcd:0x39bbf916942f3876!8m2!3d-38.9509721!4d-68.0376929!16s%2Fg%2F11bzv5r7xs!19sChIJzXvVvXkxCpYRdjgvlBb5uzk?authuser=0&hl=en&rclk=1,VILLA FARRELL,Otras Zonas,False
Fabbri Argentina SRL,Dessert shop,"3,0",2,"Félix San Martín 1786, Q8302 Neuquén, Argentina",-38.9584347,-68.0343708,https://www.google.com/maps/place/Fabbri+Argentina+SRL/data=!4m7!3m6!1s0x960a319ca00383c7:0x80227071e37d61ea!8m2!3d-38.9584347!4d-68.0343708!16s%2Fg%2F1q62md9mm!19sChIJx4MDoJwxCpYR6mF943FwIoA?authuser=0&hl=en&rclk=1,MARIANO MORENO,Otras Zonas,False
Cuore di Panna • Gelateria,Ice cream shop,"3,6",13,"Gral. Roca 49 Local 5, R8300 Cipolletti, Río Negro, Argentina",-38.9382861,-68.0010776,https://www.google.com/maps/place/Cuore+di+Panna+%E2%80%A2+Gelateria/data=!4m7!3m6!1s0x960a31bcbe03ed4b:0xbbab94626b884654!8m2!3d-38.9382861!4d-68.0010776!16s%2Fg%2F11x5v8gt9h!19sChIJS-0DvrwxCpYRVEaIa2KUq7s?authuser=0&hl=en&rclk=1,,Otras Zonas,False
Heladería LA BAJADA,Ice cream shop,"5,0",1,"Los membrillo, Av. Del Trabajador 1100, R8324 Las Perlas, Río Negro, Argentina",-38.9819708,-68.1525057,https://www.google.com/maps/place/Helader%C3%ADa+LA+BAJADA/data=!4m7!3m6!1s0x960bcd004f702feb:0x5c3f84d1c5b81e70!8m2!3d-38.9819708!4d-68.1525057!16s%2Fg%2F11ylvmfj_c!19sChIJ6y9wTwDNC5YRcB64xdGEP1w?authuser=0&hl=en&rclk=1,,Otras Zonas,False
Plan Box - Experiencia Gourmet,Cold cut store,"4,9",70,"Gral. Manuel Belgrano 167, Q8300 Neuquén, Argentina",-38.9509052,-68.0616704,https://www.google.com/maps/place/Plan+Box+-+Experiencia+Gourmet/data=!4m7!3m6!1s0x960a33b0bbb80d95:0xc166170f4d339bbb!8m2!3d-38.9509052!4d-68.0616704!16s%2Fg%2F11sy1nbkld!19sChIJlQ24u7AzCpYRu5szTQ8XZsE?authuser=0&hl=en&rclk=1,ÁREA CENTRO ESTE,Otras Zonas,False
Amora Cafetería & Pastelería,Espresso bar,"5,0",9,"Los Pensamientos 108, Q8300 Neuquén, Argentina",-38.9345445,-68.0736244,https://www.google.com/maps/place/Amora+Cafeter%C3%ADa+%26+Pasteler%C3%ADa/data=!4m7!3m6!1s0x960a335fca1a5ce9:0x1882d47a2301cf17!8m2!3d-38.9345445!4d-68.0736244!16s%2Fg%2F11mrbqv7s6!19sChIJ6Vwayl8zCpYRF88BI3rUghg?authuser=0&hl=en&rclk=1,ALTA BARDA,Norte / Residencial,False
Bosco,Espresso bar,"4,9",12,"Presidente Arturo H. Illia 1018, Q8300 Neuquén, Argentina",-38.9444058,-68.0452085,https://www.google.com/maps/place/Bosco/data=!4m7!3m6!1s0x960a31d3844e6ecb:0x9f2a62cd0f7383e7!8m2!3d-38.9444058!4d-68.0452085!16s%2Fg%2F11yk02_t4d!19sChIJy25OhNMxCpYR54NzD81iKp8?authuser=0&hl=en&rclk=1,SANTA GENOVEVA,Residencial VIP / Cerca Centro,False
Kissa Cafe de especialidad,Coffee shop,"5,0",3,"Presidente Arturo H. Illia 1018, Q8300 Neuquén, Argentina",-38.9444058,-68.0452085,https://www.google.com/maps/place/Kissa+Cafe+de+especialidad/data=!4m7!3m6!1s0x960a3100464a3dc5:0x4d4dce55c0d94a7e!8m2!3d-38.9444058!4d-68.0452085!16s%2Fg%2F11ywlmst4k!19sChIJxT1KRgAxCpYRfkrZwFXOTU0?authuser=0&hl=en&rclk=1,SANTA GENOVEVA,Residencial VIP / Cerca Centro,False
LA BONNE,Coffee shop,"2,3",59,"Av. Dr. Ramón 339, Q8300 JYG, Neuquén, Argentina",-38.9416378,-68.0637553,https://www.google.com/maps/place/LA+BONNE/data=!4m7!3m6!1s0x960a33001224a929:0x3ca35fed698ff0b8!8m2!3d-38.9416378!4d-68.0637553!16s%2Fg%2F11y61b5t02!19sChIJKakkEgAzCpYRuPCPae1fozw?authuser=0&hl=en&rclk=1,ÁREA CENTRO ESTE,Otras Zonas,False
Olot design and coffee,Coffee shop,"5,0",3,"Antártida Argentina 344, Q8302 Neuquén, Argentina",-38.9475904,-68.0641731,https://www.google.com/maps/place/Olot+design+and+coffee/data=!4m7!3m6!1s0x960a330066ae0267:0x93451cf9f425441!8m2!3d-38.9475904!4d-68.0641731!16s%2Fg%2F11yrnlcyvw!19sChIJZwKuZgAzCpYRQVRCn89RNAk?authuser=0&hl=en&rclk=1,ÁREA CENTRO ESTE,Otras Zonas,False
Café Limay (Cafetería La Barra),Cafe,"2,0",41,"Unnamed Road, Q8300 Neuquén, Argentina",-38.9577014,-68.1056619,https://www.google.com/maps/place/Caf%C3%A9+Limay+%28Cafeter%C3%ADa+La+Barra%29/data=!4m7!3m6!1s0x960a336b7d08a379:0x95b5887912ffbe1e!8m2!3d-38.9577014!4d-68.1056619!16s%2Fg%2F11fmfywwlv!19sChIJeaMIfWszCpYRHr7_EnmItZU?authuser=0&hl=en&rclk=1,CANAL V,Otras Zonas,False
Café Art Galery,Coffee shop,"3,8",32,"Teniente Candelaria, 12 de Septiembre &, Neuquén, Argentina",-38.9556466,-68.0772453,https://www.google.com/maps/place/Caf%C3%A9+Art+Galery/data=!4m7!3m6!1s0x960a33e392c22fbb:0xb7464fafc91ea1e!8m2!3d-38.9556466!4d-68.0772453!16s%2Fg%2F11rcky_0_n!19sChIJuy_CkuMzCpYRHuqR_PpkdAs?authuser=0&hl=en&rclk=1,ÁREA CENTRO OESTE,Otras Zonas,False
Cafe Martinez,Coffee shop,"4,7",3,"San Martín 1284, Q8300 Neuquén, Argentina",-38.9552105,-68.0771557,https://www.google.com/maps/place/Cafe+Martinez/data=!4m7!3m6!1s0x960a33004f8ff19b:0x62f454141e22109c!8m2!3d-38.9552105!4d-68.0771557!16s%2Fg%2F11zhwp3pk3!19sChIJm_GPTwAzCpYRnBAiHhRU9GI?authuser=0&hl=en&rclk=1,ÁREA CENTRO OESTE,Otras Zonas,False
LuckBeer,Brewpub,"4,7",18,"José Fava 681, Q8300APG Q8300APG, Neuquén, Argentina",-38.9687186,-68.0688257,https://www.google.com/maps/place/LuckBeer/data=!4m7!3m6!1s0x960a33cfba86f129:0x968a1b329db1b972!8m2!3d-38.9687186!4d-68.0688257!16s%2Fg%2F11fpqhvnj8!19sChIJKfGGus8zCpYRcrmxnTIbipY?authuser=0&hl=en&rclk=1,LIMAY,Ribereño / Balnearios,True
Growler's Fulano Birras,Bar,"4,3",38,"Bahía Blanca 975, Q8300BVU Neuquén, Argentina",-38.9655024,-68.0507625,https://www.google.com/maps/place/Growler%27s+Fulano+Birras/data=!4m7!3m6!1s0x960a3228f66a9533:0xf7939955aedada1!8m2!3d-38.9655024!4d-68.0507625!16s%2Fg%2F11f1667hw7!19sChIJM5Vq9igyCpYRoa3tWpU5eQ8?authuser=0&hl=en&rclk=1,BELGRANO,Otras Zonas,False
Morrison Beer Shop,Brewpub,"4,4",16,"Gral. Manuel Belgrano 1818, Q8302 Neuquén, Argentina",-38.9506835,-68.0845018,https://www.google.com/maps/place/Morrison+Beer+Shop/data=!4m7!3m6!1s0x960a33a4c4cb842b:0xbebfb88e7f02aca4!8m2!3d-38.9506835!4d-68.0845018!16s%2Fg%2F11dxbhprtt!19sChIJK4TLxKQzCpYRpKwCf464v74?authuser=0&hl=en&rclk=1,CUMELÉN,Otras Zonas,False
Franz y Peppone,Bar,"4,4",8,"San Martín 1600, Q8300 Neuquén, Argentina",-38.9548199,-68.0816923,https://www.google.com/maps/place/Franz+y+Peppone/data=!4m7!3m6!1s0x960a3300066fd21f:0x25c632901f24fa20!8m2!3d-38.9548199!4d-68.0816923!16s%2Fg%2F11x_1z6bbz!19sChIJH9JvBgAzCpYRIPokH5AyxiU?authuser=0&hl=en&rclk=1,CUMELÉN,Otras Zonas,False
Despensa Cervecera Yumbel,Beer hall,"5,0",45,"Ariel Espinelli, Q8302 Neuquén, Argentina",-38.9407943,-68.0771449,https://www.google.com/maps/place/Despensa+Cervecera+Yumbel/data=!4m7!3m6!1s0x960a337efefa63db:0x34884e6d0c2164ec!8m2!3d-38.9407943!4d-68.0771449!16s%2Fg%2F11mw0rn2bp!19sChIJ22P6_n4zCpYR7GQhDG1OiDQ?authuser=0&hl=en&rclk=1,ISLAS MALVINAS,Oeste / Alta Densidad,False
Percusion Gratis,Piano bar,"4,1",7,"Q8302MFL, Correntoso 899-1025, Q8302MFL Neuquén, Argentina",-38.9659637,-68.0383497,https://www.google.com/maps/place/Percusion+Gratis/data=!4m7!3m6!1s0x960a318fa2242f67:0x2d011a0fcd10d764!8m2!3d-38.9659637!4d-68.0383497!16s%2Fg%2F11c1m_9tql!19sChIJZy8koo8xCpYRZNcQzQ8aAS0?authuser=0&hl=en&rclk=1,CONFLUENCIA URBANO,Otras Zonas,False
La Croûte,Brewpub,"3,8",26,"José Fava, Misiones &, Neuquén, Argentina",-38.968778,-68.064203,https://www.google.com/maps/place/La+Cro%C3%BBte/data=!4m7!3m6!1s0x960a3230bde409db:0xbb3cec7b634ab9c6!8m2!3d-38.968778!4d-68.064203!16s%2Fg%2F11g6qvvpbk!19sChIJ2wnkvTAyCpYRxrlKY3vsPLs?authuser=0&hl=en&rclk=1,VILLA MARÍA,Otras Zonas,False
Jiro Sushi - Plottier,Sushi restaurant,"4,9",18,"Av. San Martín 50, Q8316DIN Plottier, Neuquén, Argentina",-38.953513,-68.226509,https://www.google.com/maps/place/Jiro+Sushi+-+Plottier/data=!4m7!3m6!1s0x960bcd15a8d47911:0x8317d68477d22bcb!8m2!3d-38.953513!4d-68.226509!16s%2Fg%2F11mlsn_87z!19sChIJEXnUqBXNC5YRyyvSd4TWF4M?authuser=0&hl=en&rclk=1,,Otras Zonas,False
IKAI Sushi & Cuisine,Sushi takeaway,"4,5",53,"El Chocón 873, Q8316 Plottier, Neuquén, Argentina",-38.9447821,-68.2199541,https://www.google.com/maps/place/IKAI+Sushi+%26+Cuisine/data=!4m7!3m6!1s0x960bcbfe19e15179:0x1926f99240058021!8m2!3d-38.9447821!4d-68.2199541!16s%2Fg%2F11pz2hwpng!19sChIJeVHhGf7LC5YRIYAFQJL5Jhk?authuser=0&hl=en&rclk=1,,Otras Zonas,False
Maguro Sushi,Sushi restaurant,"2,2",5,"APV, José Fava 1100, Q8300 Neuquén, Argentina",-38.9688346,-68.0748484,https://www.google.com/maps/place/Maguro+Sushi/data=!4m7!3m6!1s0x960a3249065fa151:0x42f69cade1061a43!8m2!3d-38.9688346!4d-68.0748484!16s%2Fg%2F11ph7rk1xd!19sChIJUaFfBkkyCpYRQxoG4a2c9kI?authuser=0&hl=en&rclk=1,DON BOSCO III,Otras Zonas,False
Manjar Sushi,Sushi restaurant,"4,8",171,"Belgrano 29, R8324 Cipolletti, Río Negro, Argentina",-38.9403371,-67.9994326,https://www.google.com/maps/place/Manjar+Sushi/data=!4m7!3m6!1s0x960a31f03b563483:0xd3fb2a2308a5a97c!8m2!3d-38.9403371!4d-67.9994326!16s%2Fg%2F11s9b7srmh!19sChIJgzRWO_AxCpYRfKmlCCMq-9M?authuser=0&hl=en&rclk=1,,Otras Zonas,False
Sushi Shaka,Restaurant,"1,0",1,"Av. Dr. Ramón 372, Q8300 Neuquén, Argentina",-38.9422833,-68.064472,https://www.google.com/maps/place/Sushi+Shaka/data=!4m7!3m6!1s0x960a33c2348fffff:0x989f2128c7744521!8m2!3d-38.9422833!4d-68.064472!16s%2Fg%2F11krvjsvvm!19sChIJ__-PNMIzCpYRIUV0xyghn5g?authuser=0&hl=en&rclk=1,ÁREA CENTRO ESTE,Otras Zonas,False
Gaman sushi,Sushi takeaway,"4,6",11,"Lorenzo urra, Q8300 Neuquén, Argentina",-38.9870803,-68.1320706,https://www.google.com/maps/place/Gaman+sushi/data=!4m7!3m6!1s0x960a33816f0e47b5:0x8af8162bf6aac455!8m2!3d-38.9870803!4d-68.1320706!16s%2Fg%2F11qrypg76h!19sChIJtUcOb4EzCpYRVcSq9isW-Io?authuser=0&hl=en&rclk=1,,Otras Zonas,False
Lupulus Alquiler de Barra Cervecera,Brewpub,"3,5",2,"Av. Coronel Olascoaga 1163, Q8300 Neuquén, Argentina",-38.9673699,-68.0596209,https://www.google.com/maps/place/Lupulus+Alquiler+de+Barra+Cervecera/data=!4m7!3m6!1s0x960a322fdf70edc5:0x8674f5cc45209bc2!8m2!3d-38.9673699!4d-68.0596209!16s%2Fg%2F11hd6nywpv!19sChIJxe1w3y8yCpYRwpsgRcz1dIY?authuser=0&hl=en&rclk=1,VILLA MARÍA,Otras Zonas,False
The Choquin,Bar,"3,5",2,"Stefenelli 1, Q8304FGN 99 Q8304FGL, Neuquén, Argentina",-38.9542619,-68.0758408,https://www.google.com/maps/place/The+Choquin/data=!4m7!3m6!1s0x960a3328709af787:0xc448102421c8f0d8!8m2!3d-38.9542619!4d-68.0758408!16s%2Fg%2F11g03ygvl8!19sChIJh_eacCgzCpYR2PDIISQQSMQ?authuser=0&hl=en&rclk=1,ÁREA CENTRO OESTE,Otras Zonas,False
CHOCOLETADA,Bakery,"4,0",20,"Tupungato, Q8300 Neuquén, Argentina",-38.969555,-68.0766249,https://www.google.com/maps/place/CHOCOLETADA/data=!4m7!3m6!1s0x960a32492709e905:0x455de69b7e9ba379!8m2!3d-38.969555!4d-68.0766249!16s%2Fg%2F11b75d78w8!19sChIJBekJJ0kyCpYReaObfpvmXUU?authuser=0&hl=en&rclk=1,DON BOSCO III,Otras Zonas,False
Cassette Pastelería,Pastry shop,"5,0",3,"Baldomero, Fernandez Moreno 1004, Q8300 Neuquén, Argentina",-38.935405,-68.0722134,https://www.google.com/maps/place/Cassette+Pasteler%C3%ADa/data=!4m7!3m6!1s0x960a33785c9ff7db:0x6b6b98a0f0b09748!8m2!3d-38.935405!4d-68.0722134!16s%2Fg%2F11xnr2z36l!19sChIJ2_efXHgzCpYRSJew8KCYa2s?authuser=0&hl=en&rclk=1,ALTA BARDA,Norte / Residencial,False
Maypi pasteleria artesanal,Cake shop,"4,3",4,"Lago Rucachoroy N°1580, Q8300 Neuquén, Argentina",-38.9407074,-68.0795238,https://www.google.com/maps/place/Maypi+pasteleria+artesanal/data=!4m7!3m6!1s0x960a338bee9eda37:0xef3c08e32cfdcd50!8m2!3d-38.9407074!4d-68.0795238!16s%2Fg%2F11k5lbj2x7!19sChIJN9qe7oszCpYRUM39LOMIPO8?authuser=0&hl=en&rclk=1,ISLAS MALVINAS,Oeste / Alta Densidad,False
Almacén de Pasteles NQN,Pastry shop,"4,3",3,"Gatica 34, Q8300 Neuquén, Argentina",-38.9554175,-68.0730655,https://www.google.com/maps/place/Almac%C3%A9n+de+Pasteles+NQN/data=!4m7!3m6!1s0x960a33fbfb9531fd:0x4b184d5569c73893!8m2!3d-38.9554175!4d-68.0730655!16s%2Fg%2F11y5gtj642!19sChIJ_TGV-_szCpYRkzjHaVVNGEs?authuser=0&hl=en&rclk=1,ÁREA CENTRO OESTE,Otras Zonas,False
Semilla del cielo,Pastry shop,"4,0",8,"Gral. Manuel Belgrano 1414, Q8300 Neuquén, Argentina",-38.950783,-68.0789719,https://www.google.com/maps/place/Semilla+del+cielo/data=!4m7!3m6!1s0x960a33830cfe3c21:0x41323a8f512d5885!8m2!3d-38.950783!4d-68.0789719!16s%2Fg%2F11v3xg0m5v!19sChIJITz-DIMzCpYRhVgtUY86MkE?authuser=0&hl=en&rclk=1,CUMELÉN,Otras Zonas,False
Panadería: Río,Bakery,"4,0",8,"Figueroa Urmenio del Carmen 2030, Q8300 Neuquén, Argentina",-38.9593643,-68.0310748,https://www.google.com/maps/place/Panader%C3%ADa:+R%C3%ADo/data=!4m7!3m6!1s0x960a310013623b37:0xed3d9c817f0e6f18!8m2!3d-38.9593643!4d-68.0310748!16s%2Fg%2F11w4nkp9m2!19sChIJNztiEwAxCpYRGG8Of4GcPe0?authuser=0&hl=en&rclk=1,CONFLUENCIA URBANO,Otras Zonas,False
Panadería LR,Bakery,"4,0",1,"San Martín 1865, Q8300 Neuquén, Argentina",-38.9548231,-68.0851373,https://www.google.com/maps/place/Panader%C3%ADa+LR/data=!4m7!3m6!1s0x960a3380bfa5939f:0xb34fa77adee6001c!8m2!3d-38.9548231!4d-68.0851373!16s%2Fg%2F11kr7qm5k5!19sChIJn5Olv4AzCpYRHADm3nqnT7M?authuser=0&hl=en&rclk=1,CUMELÉN,Otras Zonas,False
Fran & Feli,Bakery,"3,5",4,"Buenos Aires 323, Q8300BCG Neuquén, Argentina",-38.951549,-68.0575243,https://www.google.com/maps/place/Fran+%26+Feli/data=!4m7!3m6!1s0x960a33d1b013109b:0x9697fd73d009b656!8m2!3d-38.951549!4d-68.0575243!16s%2Fg%2F11lv9c1p1z!19sChIJmxATsNEzCpYRVrYJ0HP9l5Y?authuser=0&hl=en&rclk=1,ÁREA CENTRO ESTE,Otras Zonas,False
Helados Postres,Dessert shop,"4,7",6,"Hipólito Yrigoyen 470, R8324 Cipolletti, Río Negro, Argentina",-38.9382022,-67.9950428,https://www.google.com/maps/place/Helados+Postres/data=!4m7!3m6!1s0x960a30fc8efc9c23:0xc60c493337a237eb!8m2!3d-38.9382022!4d-67.9950428!16s%2Fg%2F11c6050y2j!19sChIJI5z8jvwwCpYR6zeiNzNJDMY?authuser=0&hl=en&rclk=1,,Otras Zonas,False
Ratas Veganas,Vegan restaurant,"4,2",15,"Jorge Newbery 1198, R8324 Cipolletti, Río Negro, Argentina",-38.9279731,-67.9865214,https://www.google.com/maps/place/Ratas+Veganas/data=!4m7!3m6!1s0x960a310127693649:0x2a202d5dfd497aea!8m2!3d-38.9279731!4d-67.9865214!16s%2Fg%2F11v59_mm0r!19sChIJSTZpJwExCpYR6npJ_V0tICo?authuser=0&hl=en&rclk=1,,Otras Zonas,False
PAUSA GOURMET,Takeout Restaurant,"4,7",39,"Gral. Roca 135, R8324 Cipolletti, Río Negro, Argentina",-38.938492,-68.0000135,https://www.google.com/maps/place/PAUSA+GOURMET/data=!4m7!3m6!1s0x960a30fd602487b1:0x80c387e774187520!8m2!3d-38.938492!4d-68.0000135!16s%2Fg%2F11b73mqjrc!19sChIJsYckYP0wCpYRIHUYdOeHw4A?authuser=0&hl=en&rclk=1,,Otras Zonas,False
《 MERO - fish market - 》Cocina de Mar,Restaurant,"4,4",87,"Alderete n°1471, Q8300 Neuquén, Argentina",-38.951026,-68.0386608,https://www.google.com/maps/place/%E3%80%8A+MERO+-+fish+market+-+%E3%80%8BCocina+de+Mar/data=!4m7!3m6!1s0x960a31077288c17f:0x3bb8fc1fe7cb72bb!8m2!3d-38.951026!4d-68.0386608!16s%2Fg%2F11sk8kj_rh!19sChIJf8GIcgcxCpYRu3LL5x_8uDs?authuser=0&hl=en&rclk=1,VILLA FARRELL,Otras Zonas,False
ROTISERIA Moltó Rico,Delivery Restaurant,"4,3",467,"Manuel Láinez 598, Q8302 Neuquén, Argentina",-38.9613248,-68.0662482,https://www.google.com/maps/place/ROTISERIA+Molt%C3%B3+Rico/data=!4m7!3m6!1s0x960a3234998369cd:0xf95c0305b51d0f1f!8m2!3d-38.9613248!4d-68.0662482!16s%2Fg%2F11b70g66_t!19sChIJzWmDmTQyCpYRHw8dtQUDXPk?authuser=0&hl=en&rclk=1,NUEVO,Otras Zonas,False
Rotiseria la sazon,Delivery Restaurant,"4,6",100,"San Martín 2772 8300, Q8300 Neuquén, Argentina",-38.9549349,-68.0977925,https://www.google.com/maps/place/Rotiseria+la+sazon/data=!4m7!3m6!1s0x960a33b2c6f63ad1:0x783be7fbf65350db!8m2!3d-38.9549349!4d-68.0977925!16s%2Fg%2F11b70hkhd8!19sChIJ0Tr2xrIzCpYR21BT9vvnO3g?authuser=0&hl=en&rclk=1,EL PROGRESO,Otras Zonas,False
Perniles Buenos Momentos,Delivery Restaurant,"4,4",34,"Q8302 Neuquén, Argentina",-38.9516784,-68.0591888,https://www.google.com/maps/place/Perniles+Buenos+Momentos/data=!4m7!3m6!1s0x960a332afdc3b209:0x7c3a6f227b1951f8!8m2!3d-38.9516784!4d-68.0591888!16s%2Fg%2F11j8y5j8q2!19sChIJCbLD_SozCpYR-FEZeyJvOnw?authuser=0&hl=en&rclk=1,ÁREA CENTRO ESTE,Otras Zonas,False
Rotiseria Llego El Sabor,Delivery Restaurant,"4,1",34,"Julio Argentino Roca 2280, Q8300MSD Neuquén, Argentina",-38.9517363,-68.0908761,https://www.google.com/maps/place/Rotiseria+Llego+El+Sabor/data=!4m7!3m6!1s0x960a332c380760c7:0x1f68c12f9ff12b24!8m2!3d-38.9517363!4d-68.0908761!16s%2Fg%2F11gk07_c9l!19sChIJx2AHOCwzCpYRJCvxny_BaB8?authuser=0&hl=en&rclk=1,EL PROGRESO,Otras Zonas,False
Leticio Cocina Reconfortante,Delivery Restaurant,"4,5",10,"Sarmiento 983, Q8300 Neuquén, Argentina",-38.9569616,-68.0729766,https://www.google.com/maps/place/Leticio+Cocina+Reconfortante/data=!4m7!3m6!1s0x960a336743fc295f:0xde3161ce2aa761bb!8m2!3d-38.9569616!4d-68.0729766!16s%2Fg%2F11t4k09bwg!19sChIJXyn8Q2czCpYRu2GnKs5hMd4?authuser=0&hl=en&rclk=1,ÁREA CENTRO SUR,Otras Zonas,False
Doña Salta Comidas,Delivery Restaurant,"3,4",5,"San Martín 1472, Q8302 Neuquén, Argentina",-38.9550658,-68.0797322,https://www.google.com/maps/place/Do%C3%B1a+Salta+Comidas/data=!4m7!3m6!1s0x960a33bb25e5f8fd:0xe3d0c6aee712b9ed!8m2!3d-38.9550658!4d-68.0797322!16s%2Fg%2F11j6kk1x6m!19sChIJ_fjlJbszCpYR7bkS567G0OM?authuser=0&hl=en&rclk=1,CUMELÉN,Otras Zonas,False
Rotiseria Gavilan,Restaurant,"4,4",43,"San Ignacio, Q8300 Neuquén, Argentina",-38.9674549,-68.1178514,https://www.google.com/maps/place/Rotiseria+Gavilan/data=!4m7!3m6!1s0x960a33d10da17465:0x1a62de32b4f85bf0!8m2!3d-38.9674549!4d-68.1178514!16s%2Fg%2F11nzll6sd7!19sChIJZXShDdEzCpYR8Fv4tDLeYho?authuser=0&hl=en&rclk=1,VALENTINA SUR URBANO,Otras Zonas,False
Parripollo El Rey,Delivery Restaurant,"4,6",14,"Antártida Argentina 1641, Q8300 Neuquén, Argentina",-38.9475398,-68.0819283,https://www.google.com/maps/place/Parripollo+El+Rey/data=!4m7!3m6!1s0x960a336f0616c7a5:0xfdce3142352f9574!8m2!3d-38.9475398!4d-68.0819283!16s%2Fg%2F11vz0x_cys!19sChIJpccWBm8zCpYRdJUvNUIxzv0?authuser=0&hl=en&rclk=1,ISLAS MALVINAS,Oeste / Alta Densidad,False
Mamma Miga,Takeout Restaurant,"4,2",19,"Gral. Manuel Belgrano 1190, Q8302 Neuquén, Argentina",-38.9507702,-68.0757338,https://www.google.com/maps/place/Mamma+Miga/data=!4m7!3m6!1s0x960a33364c16a3c9:0x4f244ad801b5018d!8m2!3d-38.9507702!4d-68.0757338!16s%2Fg%2F11tg7297g1!19sChIJyaMWTDYzCpYRjQG1AdhKJE8?authuser=0&hl=en&rclk=1,ÁREA CENTRO OESTE,Otras Zonas,False
La Avenida del Sabor - Casa de Comidas,Takeout Restaurant,"3,7",69,"Av. del Trabajador 3350, Q8304CGQ Neuquén, Argentina",-38.943798,-68.1055374,https://www.google.com/maps/place/La+Avenida+del+Sabor+-+Casa+de+Comidas/data=!4m7!3m6!1s0x960a33723d6cda2b:0x8fc7e92ae8b32239!8m2!3d-38.943798!4d-68.1055374!16s%2Fg%2F11bbrlp6s1!19sChIJK9psPXIzCpYROSKz6Crpx48?authuser=0&hl=en&rclk=1,UNIÓN DE MAYO,Otras Zonas,False
Comidas,Restaurant,"4,3",26,"Q8304 Neuquén, Argentina",-38.9343462,-68.0799948,https://www.google.com/maps/place/Comidas/data=!4m7!3m6!1s0x960a33ebcd6b3485:0xb25caa9923ce04d9!8m2!3d-38.9343462!4d-68.0799948!16s%2Fg%2F11sxwqrlvr!19sChIJhTRrzeszCpYR2QTOI5mqXLI?authuser=0&hl=en&rclk=1,ISLAS MALVINAS,Oeste / Alta Densidad,False
El Viandero - Comidas Para Llevar - Delivery,Restaurant,"3,3",3,"Manuel Ruival 1693, Q8302 Neuquén, Argentina",-38.9730203,-68.0700386,https://www.google.com/maps/place/El+Viandero+-+Comidas+Para+Llevar+-+Delivery/data=!4m7!3m6!1s0x960a32385f0a1e6b:0xc980bf3b29d10804!8m2!3d-38.9730203!4d-68.0700386!16s%2Fg%2F11bbrgtjbc!19sChIJax4KXzgyCpYRBAjRKTu_gMk?authuser=0&hl=en&rclk=1,LIMAY,Ribereño / Balnearios,True
Tequebordon,Delivery Restaurant,"5,0",2,"Independencia 674, Q8300 Neuquén, Argentina",-38.9548982,-68.049801,https://www.google.com/maps/place/Tequebordon/data=!4m7!3m6!1s0x960a335738d263f3:0xeba8331c7aa0aaac!8m2!3d-38.9548982!4d-68.049801!16s%2Fg%2F11vs94670z!19sChIJ82PSOFczCpYRrKqgehwzqOs?authuser=0&hl=en&rclk=1,ÁREA CENTRO ESTE,Otras Zonas,False
Puesto de comidas del Papá de Solange Musse,Restaurant,"4,7",37,"Neuquén, Argentina",-38.8986757,-68.0886661,https://www.google.com/maps/place/Puesto+de+comidas+del+Pap%C3%A1+de+Solange+Musse/data=!4m7!3m6!1s0x960a3569dbcd0119:0x538317537e9bf073!8m2!3d-38.8986757!4d-68.0886661!16s%2Fg%2F11sdy_vhk5!19sChIJGQHN22k1CpYRc_CbflMXg1M?authuser=0&hl=en&rclk=1,CIUDAD INDUSTRIAL OBISPO DON JAIME DE NEVARES,Otras Zonas,False
El Rey Del Choripan,Hamburger restaurant,"5,0",1,"Casimiro Gómez, Av. Conquistadores del Desierto &, Neuquén, Argentina",-38.9113808,-68.1287286,https://www.google.com/maps/place/El+Rey+Del+Choripan/data=!4m7!3m6!1s0x960a35633eca498b:0x27f9a48a657229ab!8m2!3d-38.9113808!4d-68.1287286!16s%2Fg%2F11nlczf0x9!19sChIJi0nKPmM1CpYRqylyZYqk-Sc?authuser=0&hl=en&rclk=1,COLONIA NUEVA ESPERANZA,Otras Zonas,False
Milas y algo mas,Restaurant,"2,4",31,"Av. Dr. Ramón, Q8302 Neuquén, Argentina",-38.9416365,-68.0654117,https://www.google.com/maps/place/Milas+y+algo+mas/data=!4m7!3m6!1s0x960a33007049b623:0x2ee4c6241bb0ef86!8m2!3d-38.9416365!4d-68.0654117!16s%2Fg%2F11vq2hsn14!19sChIJI7ZJcAAzCpYRhu-wGyTG5C4?authuser=0&hl=en&rclk=1,ÁREA CENTRO ESTE,Otras Zonas,False
Polleria Siga la flecha,Poultry store,"4,8",60,"Av. del Trabajador 789, Q8300 Neuquén, Argentina",-38.9465253,-68.0704171,https://www.google.com/maps/place/Polleria+Siga+la+flecha/data=!4m7!3m6!1s0x960a33c927c62319:0x353b8ac2e1bfbd!8m2!3d-38.9465253!4d-68.0704171!16s%2Fg%2F11jp_x6kj1!19sChIJGSPGJ8kzCpYRvb_hwoo7NQA?authuser=0&hl=en&rclk=1,ÁREA CENTRO OESTE,Otras Zonas,False
El Bodegón,Restaurant,"4,9",17,"Sta Fe Sur 333, 8316 Plottier, Neuquén, Argentina",-38.9562758,-68.2215801,https://www.google.com/maps/place/El+Bodeg%C3%B3n/data=!4m7!3m6!1s0x960bcd0045b19655:0xbba0767568fe0a6c!8m2!3d-38.9562758!4d-68.2215801!16s%2Fg%2F11wwsctkc3!19sChIJVZaxRQDNC5YRbAr-aHV2oLs?authuser=0&hl=en&rclk=1,,Otras Zonas,False
Granja del Rey,Poultry store,"4,7",22,"El Chocón 1075, Q8300 Neuquén, Argentina",-38.9691088,-68.044191,https://www.google.com/maps/place/Granja+del+Rey/data=!4m7!3m6!1s0x960a3226727badc7:0xd5668173a7707a78!8m2!3d-38.9691088!4d-68.044191!16s%2Fg%2F11b723hxk0!19sChIJx617ciYyCpYReHpwp3OBZtU?authuser=0&hl=en&rclk=1,BELGRANO,Otras Zonas,False
Ommi,Steak house,"4,5",106,"Gral. San Martín 466, R8324 Cipolletti, Río Negro, Argentina",-38.9403102,-67.9957058,https://www.google.com/maps/place/Ommi/data=!4m7!3m6!1s0x960a30fdb36c7451:0x7b7e5fcb4ca39fa0!8m2!3d-38.9403102!4d-67.9957058!16s%2Fg%2F11b73kx8jw!19sChIJUXRss_0wCpYRoJ-jTMtffns?authuser=0&hl=en&rclk=1,,Otras Zonas,False
Doña Flor,Poultry store,"4,9",29,"Bahía Blanca 307, Q8300BVG Neuquén, Argentina",-38.9583253,-68.0510475,https://www.google.com/maps/place/Do%C3%B1a+Flor/data=!4m7!3m6!1s0x960a33d74e7656d7:0x2452736096979f26!8m2!3d-38.9583253!4d-68.0510475!16s%2Fg%2F11j00b84wb!19sChIJ11Z2TtczCpYRJp-XlmBzUiQ?authuser=0&hl=en&rclk=1,ÁREA CENTRO SUR,Otras Zonas,False
Brika,Restaurant,"5,0",8,"C. el Maiz 13, Neuquén, Argentina",-38.9082131,-68.1022397,https://www.google.com/maps/place/Brika/data=!4m7!3m6!1s0x960a35004ac48339:0x7430bf4cdf44d1db!8m2!3d-38.9082131!4d-68.1022397!16s%2Fg%2F11x7tx_vy3!19sChIJOYPESgA1CpYR29FE30y_MHQ?authuser=0&hl=en&rclk=1,CIUDAD INDUSTRIAL OBISPO DON JAIME DE NEVARES,Otras Zonas,False
Rotiseria Los Nonos/Despensa La Chela,Takeout Restaurant,"4,4",19,"Humahuaca 120, Q8300 Neuquén, Argentina",-38.9780254,-68.0575898,https://www.google.com/maps/place/Rotiseria+Los+Nonos%2FDespensa+La+Chela/data=!4m7!3m6!1s0x960a321877c0348f:0x485b78e846a21040!8m2!3d-38.9780254!4d-68.0575898!16s%2Fg%2F11bbrs0b03!19sChIJjzTAdxgyCpYRQBCiRuh4W0g?authuser=0&hl=en&rclk=1,RÍO GRANDE,Otras Zonas,False
Polleria Ebenezer,Chicken restaurant,"5,0",13,"Dr. Luis Pasteur 1198, Q8302GYS Neuquén, Argentina",-38.9666523,-68.0759941,https://www.google.com/maps/place/Polleria+Ebenezer/data=!4m7!3m6!1s0x960a324bdd7d067b:0xecbcfe0def0d7dca!8m2!3d-38.9666523!4d-68.0759941!16s%2Fg%2F11fpfw1wp1!19sChIJewZ93UsyCpYRyn0N7w3-vOw?authuser=0&hl=en&rclk=1,DON BOSCO III,Otras Zonas,False
Lo De Tito,Restaurant,"3,9",119,"Chubut, Q8302 Neuquén, Argentina",-38.957747,-68.0551761,https://www.google.com/maps/place/Lo+De+Tito/data=!4m7!3m6!1s0x960a33df8f7d17c3:0x710a552ac87bb088!8m2!3d-38.957747!4d-68.0551761!16s%2Fg%2F11f6y74jj_!19sChIJwxd9j98zCpYRiLB7yCpVCnE?authuser=0&hl=en&rclk=1,ÁREA CENTRO SUR,Otras Zonas,False
Nativo Empanadas Plottier,Restaurant,"4,5",122,"Perito Moreno 145, Q8316 Plottier, Neuquén, Argentina",-38.9539895,-68.2285636,https://www.google.com/maps/place/Nativo+Empanadas+Plottier/data=!4m7!3m6!1s0x960a31150eac0ddd:0x5676ad5cc9e772e4!8m2!3d-38.9539895!4d-68.2285636!16s%2Fg%2F11lm34f60r!19sChIJ3Q2sDhUxCpYR5HLnyVytdlY?authuser=0&hl=en&rclk=1,,Otras Zonas,False
LA ESQUINA - Casa de comidas.,Takeout Restaurant,"3,7",305,"Av. San Martín, Primeros Pobladores y, Q8316 Plottier, Neuquén, Argentina",-38.9543492,-68.2249938,https://www.google.com/maps/place/LA+ESQUINA+-+Casa+de+comidas./data=!4m7!3m6!1s0x960bcd1c29a5bbc1:0xc150b8c69a6befba!8m2!3d-38.9543492!4d-68.2249938!16s%2Fg%2F11gvy11q7x!19sChIJwbulKRzNC5YRuu9rmsa4UME?authuser=0&hl=en&rclk=1,,Otras Zonas,False
FOOD NAYA,Fast food restaurant,"5,0",9,"C. 1, Q8300 Neuquén, Argentina",-38.910271,-68.1245734,https://www.google.com/maps/place/FOOD+NAYA/data=!4m7!3m6!1s0x960a35982f8362c7:0x7c05a2aeb9e7957d!8m2!3d-38.910271!4d-68.1245734!16s%2Fg%2F11yhtmbgfh!19sChIJx2KDL5g1CpYRfZXnua6iBXw?authuser=0&hl=en&rclk=1,COLONIA NUEVA ESPERANZA,Otras Zonas,False
Polleria Valsur,Chicken restaurant,"5,0",3,"San Ignacio, Q8300BQE Neuquén, Argentina",-38.9670925,-68.1163864,https://www.google.com/maps/place/Polleria+Valsur/data=!4m7!3m6!1s0x960a331f028262a9:0x9e283bb8e62bf9cd!8m2!3d-38.9670925!4d-68.1163864!16s%2Fg%2F11j0q8mp3s!19sChIJqWKCAh8zCpYRzfkr5rg7KJ4?authuser=0&hl=en&rclk=1,VALENTINA SUR URBANO,Otras Zonas,False
Lotito's para Llevar,Restaurant,"4,1",1101,"Buenos Aires Nte. 295, Plottier, Neuquén, Argentina",-38.9567753,-68.2308944,https://www.google.com/maps/place/Lotito%27s+para+Llevar/data=!4m7!3m6!1s0x960bcc0696f8a8d1:0x9a6f08a2d6ee7204!8m2!3d-38.9567753!4d-68.2308944!16s%2Fg%2F11dfk1rczy!19sChIJ0aj4lgbMC5YRBHLu1qIIb5o?authuser=0&hl=en&rclk=1,,Otras Zonas,False
MEDIA NARANJA Rotiseria,Store,"4,7",31,"Juan Bautista Alberdi 787, Q8300 Neuquén, Argentina",-38.9530683,-68.0481492,https://www.google.com/maps/place/MEDIA+NARANJA+Rotiseria/data=!4m7!3m6!1s0x960a33d58b9101bf:0xe7c0176affc875b2!8m2!3d-38.9530683!4d-68.0481492!16s%2Fg%2F11clyt51v3!19sChIJvwGRi9UzCpYRsnXI_2oXwOc?authuser=0&hl=en&rclk=1,ÁREA CENTRO ESTE,Otras Zonas,False
Rotiseria La Chacha,Takeout Restaurant,"4,4",367,"Sarmiento 502, R8324 Cipolletti, Río Negro, Argentina",-38.9362688,-67.9925729,https://www.google.com/maps/place/Rotiseria+La+Chacha/data=!4m7!3m6!1s0x960a30fb38fe9ac9:0xc53d585743a584d5!8m2!3d-38.9362688!4d-67.9925729!16s%2Fg%2F11g7z0hp2v!19sChIJyZr-OPswCpYR1YSlQ1dYPcU?authuser=0&hl=en&rclk=1,,Otras Zonas,False
Caloma Resto-Café,Restaurant,"4,6",270,"Urquiza 402, R8324 Cipolletti, Río Negro, Argentina",-38.9338068,-67.9942587,https://www.google.com/maps/place/Caloma+Resto-Caf%C3%A9/data=!4m7!3m6!1s0x960a30e37e8c2565:0x43e08fa55dbee38b!8m2!3d-38.9338068!4d-67.9942587!16s%2Fg%2F11fy4s7r2f!19sChIJZSWMfuMwCpYRi-O-XaWP4EM?authuser=0&hl=en&rclk=1,,Otras Zonas,False
Pollolin,Chicken shop,"4,3",288,"San Luis 3002, Cipolletti, Río Negro, Argentina",-38.9087203,-68.0077295,https://www.google.com/maps/place/Pollolin/data=!4m7!3m6!1s0x960a3102a0c3da79:0x664e7e5b8490df90!8m2!3d-38.9087203!4d-68.0077295!16s%2Fg%2F1thksx4m!19sChIJedrDoAIxCpYRkN-QhFt-TmY?authuser=0&hl=en&rclk=1,,Otras Zonas,False
Rotisería Nova,Delivery Restaurant,"4,4",51,"Rodolfo Fogwill 1958, Neuquén, Argentina",-38.9338042,-68.149732,https://www.google.com/maps/place/Rotiser%C3%ADa+Nova/data=!4m7!3m6!1s0x960bcbaee5367b41:0xe05119f0d7145cf6!8m2!3d-38.9338042!4d-68.149732!16s%2Fg%2F11ghfx12dj!19sChIJQXs25a7LC5YR9lwU1_AZUeA?authuser=0&hl=en&rclk=1,VALENTINA NORTE RURAL,Otras Zonas,False
Lo de Rafa,Delivery Restaurant,"4,1",532,"Figueroa Urmenio del Carmen 2006, Q8300 Neuquén, Argentina",-38.959348,-68.0311424,https://www.google.com/maps/place/Lo+de+Rafa/data=!4m7!3m6!1s0x960a319bea453c53:0xceb96568f0e866ef!8m2!3d-38.959348!4d-68.0311424!16s%2Fg%2F11b75jyqgf!19sChIJUzxF6psxCpYR72bo8Ghluc4?authuser=0&hl=en&rclk=1,CONFLUENCIA URBANO,Otras Zonas,False
"Rotiseria ""El Permitido""",Restaurant,"4,7",3,"Rayén, Michacheo y, 8300 Neuquén, Argentina",-38.9371271,-68.1110859,https://www.google.com/maps/place/Rotiseria+%22El+Permitido%22/data=!4m7!3m6!1s0x960a33de5c00b6fb:0xd1226c21fd8317b!8m2!3d-38.9371271!4d-68.1110859!16s%2Fg%2F11qp5ht479!19sChIJ-7YAXN4zCpYRezHYH8ImEg0?authuser=0&hl=en&rclk=1,MELIPAL,Oeste / Residencial,False
Rotiseria kiby,Hamburger restaurant,"5,0",2,"Naranjo en Flor, Q8300 Neuquén, Argentina",-38.9471276,-68.1291493,https://www.google.com/maps/place/Rotiseria+kiby/data=!4m7!3m6!1s0x960a338bbfe10cdb:0x4f8c2b8499c0faf0!8m2!3d-38.9471276!4d-68.1291493!16s%2Fg%2F11tsjjvtq9!19sChIJ2wzhv4szCpYR8PrAmYQrjE8?authuser=0&hl=en&rclk=1,SAN LORENZO SUR,Oeste Profundo,False
Rotiseria,Restaurant,"5,0",2,"Gral. Manuel Belgrano 2350, Q8300 Neuquén, Argentina",-38.9507223,-68.0920866,https://www.google.com/maps/place/Rotiseria/data=!4m7!3m6!1s0x960a33a6d4031829:0xbca4552a7e556c68!8m2!3d-38.9507223!4d-68.0920866!16s%2Fg%2F11h8l06nzb!19sChIJKRgD1KYzCpYRaGxVfipVpLw?authuser=0&hl=en&rclk=1,EL PROGRESO,Otras Zonas,False
Roti La Mari,Delivery Restaurant,"5,0",2,"Barrio z1, Mz 92 casa 16, Q8300 Neuquén, Argentina",-38.9193774,-68.1411326,https://www.google.com/maps/place/Roti+La+Mari/data=!4m7!3m6!1s0x960a35246cfeb3ed:0x1c7f7b4f2cf4363!8m2!3d-38.9193774!4d-68.1411326!16s%2Fg%2F11w2_w5vhs!19sChIJ7bP-bCQ1CpYRY0PP8rT3xwE?authuser=0&hl=en&rclk=1,RESTO EJIDO MUNICIPAL,Otras Zonas,False
Rotisería Las recetas de la abuela,Pizza restaurant,"3,8",9,"Int. Mango 1338, Q8302 Neuquén, Argentina",-38.9692876,-68.0717876,https://www.google.com/maps/place/Rotiser%C3%ADa+Las+recetas+de+la+abuela/data=!4m7!3m6!1s0x960a33e92a8543a5:0x9698c5057c0883af!8m2!3d-38.9692876!4d-68.0717876!16s%2Fg%2F11tbzg2fvk!19sChIJpUOFKukzCpYRr4MIfAXFmJY?authuser=0&hl=en&rclk=1,LIMAY,Ribereño / Balnearios,True
Casa De Comidas Saluzzo,Restaurant,"3,5",8,"Rivadavia 339, Q8300 Neuquén, Argentina",-38.9542208,-68.0542162,https://www.google.com/maps/place/Casa+De+Comidas+Saluzzo/data=!4m7!3m6!1s0x960a33d38cec2a91:0x5962c195f3127dcd!8m2!3d-38.9542208!4d-68.0542162!16s%2Fg%2F11h0y_zlg0!19sChIJkSrsjNMzCpYRzX0S85XBYlk?authuser=0&hl=en&rclk=1,ÁREA CENTRO ESTE,Otras Zonas,False
ROTISERIA MAMA ROSA,Delivery Restaurant,"3,3",3,"Chile 260, Q3800 Neuquén, Argentina",-38.9604873,-68.0628961,https://www.google.com/maps/place/ROTISERIA+MAMA+ROSA/data=!4m7!3m6!1s0x960a3233213aec8d:0x667656685d9ef023!8m2!3d-38.9604873!4d-68.0628961!16s%2Fg%2F11b70kmmhj!19sChIJjew6ITMyCpYRI_CeXWhWdmY?authuser=0&hl=en&rclk=1,NUEVO,Otras Zonas,False
Rotiseria Lo Artesanal,Takeout Restaurant,"3,6",11,"Lago, Lago Carilafquen 3785, Q8300 Neuquén, Argentina",-38.9380043,-68.1109446,https://www.google.com/maps/place/Rotiseria+Lo+Artesanal/data=!4m7!3m6!1s0x960a3388a9f83bc3:0x37361bc05c61d3f1!8m2!3d-38.9380043!4d-68.1109446!16s%2Fg%2F11vb8c20gg!19sChIJwzv4qYgzCpYR8dNhXMAbNjc?authuser=0&hl=en&rclk=1,MELIPAL,Oeste / Residencial,False
Los Carré de Tino,Cold cut store,"4,7",7,"Río Trocoman 1253, Q8300 Neuquén, Argentina",-38.9481518,-68.0417187,https://www.google.com/maps/place/Los+Carr%C3%A9+de+Tino/data=!4m7!3m6!1s0x960a3103888e1985:0x215458cd4d5b910e!8m2!3d-38.9481518!4d-68.0417187!16s%2Fg%2F11smwjt5zy!19sChIJhRmOiAMxCpYRDpFbTc1YVCE?authuser=0&hl=en&rclk=1,SANTA GENOVEVA,Residencial VIP / Cerca Centro,False
Alto Parrilla Center,Grill,"3,8",6,"Ruta 7 Kilometro 1337, Q8300 Neuquén, Argentina",-38.8472622,-68.1203701,https://www.google.com/maps/place/Alto+Parrilla+Center/data=!4m7!3m6!1s0x960a4b6dc6179c49:0x24c841716c432ce6!8m2!3d-38.8472622!4d-68.1203701!16s%2Fg%2F11vf9z7tz3!19sChIJSZwXxm1LCpYR5ixDbHFByCQ?authuser=0&hl=en&rclk=1,,Otras Zonas,False
Season's,Restaurant,"3,2",17,"Q8300 Neuquén, Argentina",-38.9584178,-68.1148461,https://www.google.com/maps/place/Season%27s/data=!4m7!3m6!1s0x960a338d2b1133c3:0x5f003ba00055104f!8m2!3d-38.9584178!4d-68.1148461!16s%2Fg%2F11h1l9r3x6!19sChIJwzMRK40zCpYRTxBVAKA7AF8?authuser=0&hl=en&rclk=1,CANAL V,Otras Zonas,False
El rey del Pollo,Chicken shop,"4,1",25,"Gral. Manuel Belgrano 1798, Q8302 Neuquén, Argentina",-38.950832,-68.084068,https://www.google.com/maps/place/El+rey+del+Pollo/data=!4m7!3m6!1s0x960a33a4cfd9e5cb:0x2103859439132227!8m2!3d-38.950832!4d-68.084068!16s%2Fg%2F11hbbtdlgf!19sChIJy-XZz6QzCpYRJyITOZSFAyE?authuser=0&hl=en&rclk=1,CUMELÉN,Otras Zonas,False
"Carnicería ""Lo de Carol""",Butcher shop,"4,4",447,"Q8300AMQ, José Fava 454, Neuquén, Argentina",-38.9689482,-68.0656775,https://www.google.com/maps/place/Carnicer%C3%ADa+%22Lo+de+Carol%22/data=!4m7!3m6!1s0x960a3230b52989a1:0xfbf2231c7122feaf!8m2!3d-38.9689482!4d-68.0656775!16s%2Fg%2F11bw2fv691!19sChIJoYkptTAyCpYRr_4icRwj8vs?authuser=0&hl=en&rclk=1,VILLA MARÍA,Otras Zonas,False
Club Confluencia,Restaurant,"4,5",121,"Raúl Labraña, R8324 Cipolletti, Río Negro, Argentina",-38.9544258,-67.9988689,https://www.google.com/maps/place/Club+Confluencia/data=!4m7!3m6!1s0x960a3052df428cb5:0x42ca12efaa5dc48f!8m2!3d-38.9544258!4d-67.9988689!16s%2Fg%2F11c4b6lwbh!19sChIJtYxC31IwCpYRj8Rdqu8SykI?authuser=0&hl=en&rclk=1,,Otras Zonas,False
El fondo parrilla y ahumados NQN,Sin categoría,"4,6",289,"12 de Septiembre Sur 840, Q8302 Neuquén, Argentina",-38.9562322,-68.0711096,https://www.google.com/maps/place/El+fondo+parrilla+y+ahumados+NQN/data=!4m7!3m6!1s0x960a33dc933ae5fd:0xa0699ce99ce097d0!8m2!3d-38.9562322!4d-68.0711096!16s%2Fg%2F11st7xczq7!19sChIJ_eU6k9wzCpYR0JfgnOmcaaA?authuser=0&hl=en&rclk=1,ÁREA CENTRO SUR,Otras Zonas,False
