restaurante,categoria,rating_gral,total_reviews_google,direccion,latitud,longitud,autor,rating_user,texto,fecha_aproximada,fecha_original,url,fecha_scraping,review_id
JK Burger Store - Hamburguesas Neuquén Capital,Hamburger restaurant,"4,4",289,"Juan Bautista Alberdi 53, Q8300 Neuquén, Argentina",-38.9530913,-68.0582151,2F Aguero,5.0,Todo muy bueno 👌…,2026-01-04,hace 4 días,https://www.google.com/maps/place/JK+Burger+Store+-+Hamburguesas+Neuqu%C3%A9n+Capital/data=!4m7!3m6!1s0x960a337a1f0f0aaf:0x462fcc63c1563fca!8m2!3d-38.9530913!4d-68.0582151!16s%2Fg%2F11sn_7b3wp!19sChIJrwoPH3ozCpYRyj9WwWPML0Y?authuser=0&hl=en&rclk=1,2026-01-08T04:29:35.980580,28e4735ef081acff
JK Burger Store - Hamburguesas Neuquén Capital,Hamburger restaurant,"4,4",289,"Juan Bautista Alberdi 53, Q8300 Neuquén, Argentina",-38.9530913,-68.0582151,alicia castillo,5.0,,2026-01-02,hace 6 días,https://www.google.com/maps/place/JK+Burger+Store+-+Hamburguesas+Neuqu%C3%A9n+Capital/data=!4m7!3m6!1s0x960a337a1f0f0aaf:0x462fcc63c1563fca!8m2!3d-38.9530913!4d-68.0582151!16s%2Fg%2F11sn_7b3wp!19sChIJrwoPH3ozCpYRyj9WwWPML0Y?authuser=0&hl=en&rclk=1,2026-01-08T04:29:35.980580,69a042b831915420
JK Burger Store - Hamburguesas Neuquén Capital,Hamburger restaurant,"4,4",289,"Juan Bautista Alberdi 53, Q8300 Neuquén, Argentina",-38.9530913,-68.0582151,luis palmar,5.0,Hamburguesa y papas ricas. Pero lo mejor es que sean Pet Friendly 🐶🤎🍔…,2026-01-01,Hace una semana,https://www.google.com/maps/place/JK+Burger+Store+-+Hamburguesas+Neuqu%C3%A9n+Capital/data=!4m7!3m6!1s0x960a337a1f0f0aaf:0x462fcc63c1563fca!8m2!3d-38.9530913!4d-68.0582151!16s%2Fg%2F11sn_7b3wp!19sChIJrwoPH3ozCpYRyj9WwWPML0Y?authuser=0&hl=en&rclk=1,2026-01-08T04:29:35.980580,8fde0cccceeb1140
JK Burger Store - Hamburguesas Neuquén Capital,Hamburger restaurant,"4,4",289,"Juan Bautista Alberdi 53, Q8300 Neuquén, Argentina",-38.9530913,-68.0582151,Rocio Galvan,5.0,,2025-12-25,Hace 2 semanas,https://www.google.com/maps/place/JK+Burger+Store+-+Hamburguesas+Neuqu%C3%A9n+Capital/data=!4m7!3m6!1s0x960a337a1f0f0aaf:0x462fcc63c1563fca!8m2!3d-38.9530913!4d-68.0582151!16s%2Fg%2F11sn_7b3wp!19sChIJrwoPH3ozCpYRyj9WwWPML0Y?authuser=0&hl=en&rclk=1,2026-01-08T04:29:35.980580,9061e55b76c40cc9
JK Burger Store - Hamburguesas Neuquén Capital,Hamburger restaurant,"4,4",289,"Juan Bautista Alberdi 53, Q8300 Neuquén, Argentina",-38.9530913,-68.0582151,Gisela Gomez Vega,4.0,,2025-12-18,Hace 3 semanas,https://www.google.com/maps/place/JK+Burger+Store+-+Hamburguesas+Neuqu%C3%A9n+Capital/data=!4m7!3m6!1s0x960a337a1f0f0aaf:0x462fcc63c1563fca!8m2!3d-38.9530913!4d-68.0582151!16s%2Fg%2F11sn_7b3wp!19sChIJrwoPH3ozCpYRyj9WwWPML0Y?authuser=0&hl=en&rclk=1,2026-01-08T04:29:35.980580,84a7e992cbbfd9a2
JK Burger Store - Hamburguesas Neuquén Capital,Hamburger restaurant,"4,4",289,"Juan Bautista Alberdi 53, Q8300 Neuquén, Argentina",-38.9530913,-68.0582151,Marcela Sanz,5.0,,2025-12-18,Hace 3 semanas,https://www.google.com/maps/place/JK+Burger+Store+-+Hamburguesas+Neuqu%C3%A9n+Capital/data=!4m7!3m6!1s0x960a337a1f0f0aaf:0x462fcc63c1563fca!8m2!3d-38.9530913!4d-68.0582151!16s%2Fg%2F11sn_7b3wp!19sChIJrwoPH3ozCpYRyj9WwWPML0Y?authuser=0&hl=en&rclk=1,2026-01-08T04:29:35.980580,3662bb384e7c4222
JK Burger Store - Hamburguesas Neuquén Capital,Hamburger restaurant,"4,4",289,"Juan Bautista Alberdi 53, Q8300 Neuquén, Argentina",-38.9530913,-68.0582151,Federico Alvarez Raso,5.0,"La mejor hamburguesa del momento en Neuquen. Rica, abundante, buen precio.",2025-12-18,Hace 3 semanas,https://www.google.com/maps/place/JK+Burger+Store+-+Hamburguesas+Neuqu%C3%A9n+Capital/data=!4m7!3m6!1s0x960a337a1f0f0aaf:0x462fcc63c1563fca!8m2!3d-38.9530913!4d-68.0582151!16s%2Fg%2F11sn_7b3wp!19sChIJrwoPH3ozCpYRyj9WwWPML0Y?authuser=0&hl=en&rclk=1,2026-01-08T04:29:35.980580,f6bdb09afa266903
JK Burger Store - Hamburguesas Neuquén Capital,Hamburger restaurant,"4,4",289,"Juan Bautista Alberdi 53, Q8300 Neuquén, Argentina",-38.9530913,-68.0582151,10 !,5.0,"Fui una vez de noche y la verdad la pase bien. La hamburguesa muy rica, es mas me la lleve pq no la pude terminar. Exelente atención y bastante rapido. Lo recomiendo",2025-12-18,Hace 3 semanas,https://www.google.com/maps/place/JK+Burger+Store+-+Hamburguesas+Neuqu%C3%A9n+Capital/data=!4m7!3m6!1s0x960a337a1f0f0aaf:0x462fcc63c1563fca!8m2!3d-38.9530913!4d-68.0582151!16s%2Fg%2F11sn_7b3wp!19sChIJrwoPH3ozCpYRyj9WwWPML0Y?authuser=0&hl=en&rclk=1,2026-01-08T04:29:35.980580,36e4d05ba19bc282
JK Burger Store - Hamburguesas Neuquén Capital,Hamburger restaurant,"4,4",289,"Juan Bautista Alberdi 53, Q8300 Neuquén, Argentina",-38.9530913,-68.0582151,Milena Alejandra Meza,5.0,Desde el año pasado con mi papa inciamos la tradicion de que despues de las clases venir a comer hamburguesas aca lo encontramos por casualidad y lo volvimos a elegir,2025-12-11,Hace 4 semanas,https://www.google.com/maps/place/JK+Burger+Store+-+Hamburguesas+Neuqu%C3%A9n+Capital/data=!4m7!3m6!1s0x960a337a1f0f0aaf:0x462fcc63c1563fca!8m2!3d-38.9530913!4d-68.0582151!16s%2Fg%2F11sn_7b3wp!19sChIJrwoPH3ozCpYRyj9WwWPML0Y?authuser=0&hl=en&rclk=1,2026-01-08T04:29:35.980580,9127d0490c7d2163
JK Burger Store - Hamburguesas Neuquén Capital,Hamburger restaurant,"4,4",289,"Juan Bautista Alberdi 53, Q8300 Neuquén, Argentina",-38.9530913,-68.0582151,Pauli Leal,5.0,"La hamburguesas muy ricas, las papas un espectáculo y la atención siempre genial! Pero quiero destacar especialmente la atención de Guiliana, siempre tan amable y simpática❤️…",2025-12-11,Hace 4 semanas,https://www.google.com/maps/place/JK+Burger+Store+-+Hamburguesas+Neuqu%C3%A9n+Capital/data=!4m7!3m6!1s0x960a337a1f0f0aaf:0x462fcc63c1563fca!8m2!3d-38.9530913!4d-68.0582151!16s%2Fg%2F11sn_7b3wp!19sChIJrwoPH3ozCpYRyj9WwWPML0Y?authuser=0&hl=en&rclk=1,2026-01-08T04:29:35.980580,bd41e3004128affb
JK Burger Store - Hamburguesas Neuquén Capital,Hamburger restaurant,"4,4",289,"Juan Bautista Alberdi 53, Q8300 Neuquén, Argentina",-38.9530913,-68.0582151,Osvaldo Pereyra,5.0,"La atención de todos en general es excelente, buena musica y lindo el lugar. Las papas sin dudas son de las mas ricas en la región. Las hamburguesas estan bien, pero por favor envuelvan las hamburguesas en papel aluminio. Siempre que como…",2025-12-11,Hace 4 semanas,https://www.google.com/maps/place/JK+Burger+Store+-+Hamburguesas+Neuqu%C3%A9n+Capital/data=!4m7!3m6!1s0x960a337a1f0f0aaf:0x462fcc63c1563fca!8m2!3d-38.9530913!4d-68.0582151!16s%2Fg%2F11sn_7b3wp!19sChIJrwoPH3ozCpYRyj9WwWPML0Y?authuser=0&hl=en&rclk=1,2026-01-08T04:29:35.980580,841d50db6ae9d683
JK Burger Store - Hamburguesas Neuquén Capital,Hamburger restaurant,"4,4",289,"Juan Bautista Alberdi 53, Q8300 Neuquén, Argentina",-38.9530913,-68.0582151,Silvana Cirer,5.0,,2025-12-11,Hace 4 semanas,https://www.google.com/maps/place/JK+Burger+Store+-+Hamburguesas+Neuqu%C3%A9n+Capital/data=!4m7!3m6!1s0x960a337a1f0f0aaf:0x462fcc63c1563fca!8m2!3d-38.9530913!4d-68.0582151!16s%2Fg%2F11sn_7b3wp!19sChIJrwoPH3ozCpYRyj9WwWPML0Y?authuser=0&hl=en&rclk=1,2026-01-08T04:29:35.980580,0531564bcb5318d8
JK Burger Store - Hamburguesas Neuquén Capital,Hamburger restaurant,"4,4",289,"Juan Bautista Alberdi 53, Q8300 Neuquén, Argentina",-38.9530913,-68.0582151,Raul Amondarain,5.0,Muy buenas hamburguesas...,2025-12-09,Fecha de edición: Hace un mes,https://www.google.com/maps/place/JK+Burger+Store+-+Hamburguesas+Neuqu%C3%A9n+Capital/data=!4m7!3m6!1s0x960a337a1f0f0aaf:0x462fcc63c1563fca!8m2!3d-38.9530913!4d-68.0582151!16s%2Fg%2F11sn_7b3wp!19sChIJrwoPH3ozCpYRyj9WwWPML0Y?authuser=0&hl=en&rclk=1,2026-01-08T04:29:35.980580,30495961e748a6e2
JK Burger Store - Hamburguesas Neuquén Capital,Hamburger restaurant,"4,4",289,"Juan Bautista Alberdi 53, Q8300 Neuquén, Argentina",-38.9530913,-68.0582151,Jeremias Hierrezuelo,5.0,Muy bueno,2025-12-09,Hace un mes,https://www.google.com/maps/place/JK+Burger+Store+-+Hamburguesas+Neuqu%C3%A9n+Capital/data=!4m7!3m6!1s0x960a337a1f0f0aaf:0x462fcc63c1563fca!8m2!3d-38.9530913!4d-68.0582151!16s%2Fg%2F11sn_7b3wp!19sChIJrwoPH3ozCpYRyj9WwWPML0Y?authuser=0&hl=en&rclk=1,2026-01-08T04:29:35.980580,a6ee963a7ea5d8da
JK Burger Store - Hamburguesas Neuquén Capital,Hamburger restaurant,"4,4",289,"Juan Bautista Alberdi 53, Q8300 Neuquén, Argentina",-38.9530913,-68.0582151,Maira Rivas,1.0,"No se opina de cuerpos ajenos, mucho menos se le pregunta o cuestiona a un niño su altura por la edad que tiene. Deberían tener mas tacto con la gente que va a pasar un buen momento y le hacen preguntas incómodas. Totalmente fuera de lugar 👎🏻…",2025-12-09,Hace un mes,https://www.google.com/maps/place/JK+Burger+Store+-+Hamburguesas+Neuqu%C3%A9n+Capital/data=!4m7!3m6!1s0x960a337a1f0f0aaf:0x462fcc63c1563fca!8m2!3d-38.9530913!4d-68.0582151!16s%2Fg%2F11sn_7b3wp!19sChIJrwoPH3ozCpYRyj9WwWPML0Y?authuser=0&hl=en&rclk=1,2026-01-08T04:29:35.980580,eb4a5f3cea5d0a51
JK Burger Store - Hamburguesas Neuquén Capital,Hamburger restaurant,"4,4",289,"Juan Bautista Alberdi 53, Q8300 Neuquén, Argentina",-38.9530913,-68.0582151,Camila Rebolledo,4.0,Hamburguesitas riki. Precios ok 👍…,2025-12-09,Hace un mes,https://www.google.com/maps/place/JK+Burger+Store+-+Hamburguesas+Neuqu%C3%A9n+Capital/data=!4m7!3m6!1s0x960a337a1f0f0aaf:0x462fcc63c1563fca!8m2!3d-38.9530913!4d-68.0582151!16s%2Fg%2F11sn_7b3wp!19sChIJrwoPH3ozCpYRyj9WwWPML0Y?authuser=0&hl=en&rclk=1,2026-01-08T04:29:35.980580,712579dbb4607229
JK Burger Store - Hamburguesas Neuquén Capital,Hamburger restaurant,"4,4",289,"Juan Bautista Alberdi 53, Q8300 Neuquén, Argentina",-38.9530913,-68.0582151,Luciano Centurion,5.0,"Bien decorado al estilo hamburgueseria americana. Muy buena atención y muy bien logrado los sabores de cada tipo de hamburguesa, no como otras hamburguesas de otros lugares locales que todas tienen el mismo sabor a pesar de que se supone vienen con diferentes condimentos. Valen lo mismo que un combo grande de una cadena de hamburguesas multinacional famosa sin embargo son mucho más abundantes. Las papas 10 puntos, frescas y crocantes. El pan súper esponjoso. Es para volver a ir",2025-12-09,Hace un mes,https://www.google.com/maps/place/JK+Burger+Store+-+Hamburguesas+Neuqu%C3%A9n+Capital/data=!4m7!3m6!1s0x960a337a1f0f0aaf:0x462fcc63c1563fca!8m2!3d-38.9530913!4d-68.0582151!16s%2Fg%2F11sn_7b3wp!19sChIJrwoPH3ozCpYRyj9WwWPML0Y?authuser=0&hl=en&rclk=1,2026-01-08T04:29:35.980580,b0ef1f9306293c88
JK Burger Store - Hamburguesas Neuquén Capital,Hamburger restaurant,"4,4",289,"Juan Bautista Alberdi 53, Q8300 Neuquén, Argentina",-38.9530913,-68.0582151,SrMocos,5.0,Rico todo. Godeto,2025-12-09,Hace un mes,https://www.google.com/maps/place/JK+Burger+Store+-+Hamburguesas+Neuqu%C3%A9n+Capital/data=!4m7!3m6!1s0x960a337a1f0f0aaf:0x462fcc63c1563fca!8m2!3d-38.9530913!4d-68.0582151!16s%2Fg%2F11sn_7b3wp!19sChIJrwoPH3ozCpYRyj9WwWPML0Y?authuser=0&hl=en&rclk=1,2026-01-08T04:29:35.980580,0f2d8f55de735785
JK Burger Store - Hamburguesas Neuquén Capital,Hamburger restaurant,"4,4",289,"Juan Bautista Alberdi 53, Q8300 Neuquén, Argentina",-38.9530913,-68.0582151,Mayren Caldera,5.0,,2025-12-09,Hace un mes,https://www.google.com/maps/place/JK+Burger+Store+-+Hamburguesas+Neuqu%C3%A9n+Capital/data=!4m7!3m6!1s0x960a337a1f0f0aaf:0x462fcc63c1563fca!8m2!3d-38.9530913!4d-68.0582151!16s%2Fg%2F11sn_7b3wp!19sChIJrwoPH3ozCpYRyj9WwWPML0Y?authuser=0&hl=en&rclk=1,2026-01-08T04:29:35.980580,c1851964436a18b1
JK Burger Store - Hamburguesas Neuquén Capital,Hamburger restaurant,"4,4",289,"Juan Bautista Alberdi 53, Q8300 Neuquén, Argentina",-38.9530913,-68.0582151,Malvina Gomez,5.0,,2025-12-09,Hace un mes,https://www.google.com/maps/place/JK+Burger+Store+-+Hamburguesas+Neuqu%C3%A9n+Capital/data=!4m7!3m6!1s0x960a337a1f0f0aaf:0x462fcc63c1563fca!8m2!3d-38.9530913!4d-68.0582151!16s%2Fg%2F11sn_7b3wp!19sChIJrwoPH3ozCpYRyj9WwWPML0Y?authuser=0&hl=en&rclk=1,2026-01-08T04:29:35.980580,7af018005e6b64bf
JK Burger Store - Hamburguesas Neuquén Capital,Hamburger restaurant,"4,4",289,"Juan Bautista Alberdi 53, Q8300 Neuquén, Argentina",-38.9530913,-68.0582151,Meli Muñoz,5.0,,2025-12-09,Hace un mes,https://www.google.com/maps/place/JK+Burger+Store+-+Hamburguesas+Neuqu%C3%A9n+Capital/data=!4m7!3m6!1s0x960a337a1f0f0aaf:0x462fcc63c1563fca!8m2!3d-38.9530913!4d-68.0582151!16s%2Fg%2F11sn_7b3wp!19sChIJrwoPH3ozCpYRyj9WwWPML0Y?authuser=0&hl=en&rclk=1,2026-01-08T04:29:35.980580,83615b181714d53f
JK Burger Store - Hamburguesas Neuquén Capital,Hamburger restaurant,"4,4",289,"Juan Bautista Alberdi 53, Q8300 Neuquén, Argentina",-38.9530913,-68.0582151,Hermes Rojas,5.0,"Excelente como siempre voy desde que estaban la calle La Pampa y la verdad muy bueno, la calidad nunca bajo",2025-12-09,Hace un mes,https://www.google.com/maps/place/JK+Burger+Store+-+Hamburguesas+Neuqu%C3%A9n+Capital/data=!4m7!3m6!1s0x960a337a1f0f0aaf:0x462fcc63c1563fca!8m2!3d-38.9530913!4d-68.0582151!16s%2Fg%2F11sn_7b3wp!19sChIJrwoPH3ozCpYRyj9WwWPML0Y?authuser=0&hl=en&rclk=1,2026-01-08T04:29:35.980580,489fc0281e485343
JK Burger Store - Hamburguesas Neuquén Capital,Hamburger restaurant,"4,4",289,"Juan Bautista Alberdi 53, Q8300 Neuquén, Argentina",-38.9530913,-68.0582151,Iván Pombo,5.0,Épico,2025-12-09,Hace un mes,https://www.google.com/maps/place/JK+Burger+Store+-+Hamburguesas+Neuqu%C3%A9n+Capital/data=!4m7!3m6!1s0x960a337a1f0f0aaf:0x462fcc63c1563fca!8m2!3d-38.9530913!4d-68.0582151!16s%2Fg%2F11sn_7b3wp!19sChIJrwoPH3ozCpYRyj9WwWPML0Y?authuser=0&hl=en&rclk=1,2026-01-08T04:29:35.980580,7fb0d3ac88d22e7e
JK Burger Store - Hamburguesas Neuquén Capital,Hamburger restaurant,"4,4",289,"Juan Bautista Alberdi 53, Q8300 Neuquén, Argentina",-38.9530913,-68.0582151,Leonel juarez,5.0,"Muy buenas hamburguesas, cervezas muy frías, las chicas muy buena atención",2025-12-09,Hace un mes,https://www.google.com/maps/place/JK+Burger+Store+-+Hamburguesas+Neuqu%C3%A9n+Capital/data=!4m7!3m6!1s0x960a337a1f0f0aaf:0x462fcc63c1563fca!8m2!3d-38.9530913!4d-68.0582151!16s%2Fg%2F11sn_7b3wp!19sChIJrwoPH3ozCpYRyj9WwWPML0Y?authuser=0&hl=en&rclk=1,2026-01-08T04:29:35.980580,4a89ca9e658f396b
JK Burger Store - Hamburguesas Neuquén Capital,Hamburger restaurant,"4,4",289,"Juan Bautista Alberdi 53, Q8300 Neuquén, Argentina",-38.9530913,-68.0582151,Ivana Perilli,5.0,"Excelente todooo!! Fui viernes 7/11 a la noche. Desde la atención de la chica en la caja, el muchacho que entrega los pedidos y hasta la comida espectacular todooo!! 🫶❤️ volveré obviamentee 🤣😍",2025-12-09,Hace un mes,https://www.google.com/maps/place/JK+Burger+Store+-+Hamburguesas+Neuqu%C3%A9n+Capital/data=!4m7!3m6!1s0x960a337a1f0f0aaf:0x462fcc63c1563fca!8m2!3d-38.9530913!4d-68.0582151!16s%2Fg%2F11sn_7b3wp!19sChIJrwoPH3ozCpYRyj9WwWPML0Y?authuser=0&hl=en&rclk=1,2026-01-08T04:29:35.980580,4c076152298c774d
JK Burger Store - Hamburguesas Neuquén Capital,Hamburger restaurant,"4,4",289,"Juan Bautista Alberdi 53, Q8300 Neuquén, Argentina",-38.9530913,-68.0582151,Lucas Viera,5.0,,2025-12-09,Hace un mes,https://www.google.com/maps/place/JK+Burger+Store+-+Hamburguesas+Neuqu%C3%A9n+Capital/data=!4m7!3m6!1s0x960a337a1f0f0aaf:0x462fcc63c1563fca!8m2!3d-38.9530913!4d-68.0582151!16s%2Fg%2F11sn_7b3wp!19sChIJrwoPH3ozCpYRyj9WwWPML0Y?authuser=0&hl=en&rclk=1,2026-01-08T04:29:35.980580,05ade9f112eab3c3
JK Burger Store - Hamburguesas Neuquén Capital,Hamburger restaurant,"4,4",289,"Juan Bautista Alberdi 53, Q8300 Neuquén, Argentina",-38.9530913,-68.0582151,Marcos Soto,5.0,,2025-11-09,Hace 2 meses,https://www.google.com/maps/place/JK+Burger+Store+-+Hamburguesas+Neuqu%C3%A9n+Capital/data=!4m7!3m6!1s0x960a337a1f0f0aaf:0x462fcc63c1563fca!8m2!3d-38.9530913!4d-68.0582151!16s%2Fg%2F11sn_7b3wp!19sChIJrwoPH3ozCpYRyj9WwWPML0Y?authuser=0&hl=en&rclk=1,2026-01-08T04:29:35.980580,391a81fe2a9ea8fc
JK Burger Store - Hamburguesas Neuquén Capital,Hamburger restaurant,"4,4",289,"Juan Bautista Alberdi 53, Q8300 Neuquén, Argentina",-38.9530913,-68.0582151,Santiago Castañeda,5.0,,2025-11-09,Hace 2 meses,https://www.google.com/maps/place/JK+Burger+Store+-+Hamburguesas+Neuqu%C3%A9n+Capital/data=!4m7!3m6!1s0x960a337a1f0f0aaf:0x462fcc63c1563fca!8m2!3d-38.9530913!4d-68.0582151!16s%2Fg%2F11sn_7b3wp!19sChIJrwoPH3ozCpYRyj9WwWPML0Y?authuser=0&hl=en&rclk=1,2026-01-08T04:29:35.980580,6161771a7ba1b5a4
JK Burger Store - Hamburguesas Neuquén Capital,Hamburger restaurant,"4,4",289,"Juan Bautista Alberdi 53, Q8300 Neuquén, Argentina",-38.9530913,-68.0582151,mica mardona,5.0,super ricas la hamburguesas y la chica que te entrega la comida divina!,2025-11-09,Hace 2 meses,https://www.google.com/maps/place/JK+Burger+Store+-+Hamburguesas+Neuqu%C3%A9n+Capital/data=!4m7!3m6!1s0x960a337a1f0f0aaf:0x462fcc63c1563fca!8m2!3d-38.9530913!4d-68.0582151!16s%2Fg%2F11sn_7b3wp!19sChIJrwoPH3ozCpYRyj9WwWPML0Y?authuser=0&hl=en&rclk=1,2026-01-08T04:29:35.980580,d304ee2090b9f3d8
JK Burger Store - Hamburguesas Neuquén Capital,Hamburger restaurant,"4,4",289,"Juan Bautista Alberdi 53, Q8300 Neuquén, Argentina",-38.9530913,-68.0582151,Tomas Monsalvez,5.0,,2025-11-09,Hace 2 meses,https://www.google.com/maps/place/JK+Burger+Store+-+Hamburguesas+Neuqu%C3%A9n+Capital/data=!4m7!3m6!1s0x960a337a1f0f0aaf:0x462fcc63c1563fca!8m2!3d-38.9530913!4d-68.0582151!16s%2Fg%2F11sn_7b3wp!19sChIJrwoPH3ozCpYRyj9WwWPML0Y?authuser=0&hl=en&rclk=1,2026-01-08T04:29:35.980580,3b2b1ee216552e8b
JK Burger Store - Hamburguesas Neuquén Capital,Hamburger restaurant,"4,4",289,"Juan Bautista Alberdi 53, Q8300 Neuquén, Argentina",-38.9530913,-68.0582151,Silvina Muñoz,5.0,"Desde la atención, la comida, las limonadas y hasta la disposición y comodidad de los lugares para consumir son 10 puntos.
Excelente servicio y experiencia.",2025-11-09,Hace 2 meses,https://www.google.com/maps/place/JK+Burger+Store+-+Hamburguesas+Neuqu%C3%A9n+Capital/data=!4m7!3m6!1s0x960a337a1f0f0aaf:0x462fcc63c1563fca!8m2!3d-38.9530913!4d-68.0582151!16s%2Fg%2F11sn_7b3wp!19sChIJrwoPH3ozCpYRyj9WwWPML0Y?authuser=0&hl=en&rclk=1,2026-01-08T04:29:35.980580,ff482ad36ce3fb0c
JK Burger Store - Hamburguesas Neuquén Capital,Hamburger restaurant,"4,4",289,"Juan Bautista Alberdi 53, Q8300 Neuquén, Argentina",-38.9530913,-68.0582151,Julieta Baltuzzi,5.0,Lejos las hamburguesas y papas más ricas de Neuquén!! La atención de los chicos espectacular ❣️,2025-11-09,Hace 2 meses,https://www.google.com/maps/place/JK+Burger+Store+-+Hamburguesas+Neuqu%C3%A9n+Capital/data=!4m7!3m6!1s0x960a337a1f0f0aaf:0x462fcc63c1563fca!8m2!3d-38.9530913!4d-68.0582151!16s%2Fg%2F11sn_7b3wp!19sChIJrwoPH3ozCpYRyj9WwWPML0Y?authuser=0&hl=en&rclk=1,2026-01-08T04:29:35.980580,614b9048383b9bce
JK Burger Store - Hamburguesas Neuquén Capital,Hamburger restaurant,"4,4",289,"Juan Bautista Alberdi 53, Q8300 Neuquén, Argentina",-38.9530913,-68.0582151,abigail cicchinelli,5.0,"Ricas burguer y super copada la chica de la caja, le pedi que me agregara un cartel por el aniversario con mi pareja y ni lo dudo, super recomendado 🍔💖…",2025-11-09,Hace 2 meses,https://www.google.com/maps/place/JK+Burger+Store+-+Hamburguesas+Neuqu%C3%A9n+Capital/data=!4m7!3m6!1s0x960a337a1f0f0aaf:0x462fcc63c1563fca!8m2!3d-38.9530913!4d-68.0582151!16s%2Fg%2F11sn_7b3wp!19sChIJrwoPH3ozCpYRyj9WwWPML0Y?authuser=0&hl=en&rclk=1,2026-01-08T04:29:35.980580,d3b50ea7b29bb851
JK Burger Store - Hamburguesas Neuquén Capital,Hamburger restaurant,"4,4",289,"Juan Bautista Alberdi 53, Q8300 Neuquén, Argentina",-38.9530913,-68.0582151,katiuska mendoza,5.0,La atención y la comida espectacular,2025-11-09,Hace 2 meses,https://www.google.com/maps/place/JK+Burger+Store+-+Hamburguesas+Neuqu%C3%A9n+Capital/data=!4m7!3m6!1s0x960a337a1f0f0aaf:0x462fcc63c1563fca!8m2!3d-38.9530913!4d-68.0582151!16s%2Fg%2F11sn_7b3wp!19sChIJrwoPH3ozCpYRyj9WwWPML0Y?authuser=0&hl=en&rclk=1,2026-01-08T04:29:35.980580,7385aa5880fe9f1b
JK Burger Store - Hamburguesas Neuquén Capital,Hamburger restaurant,"4,4",289,"Juan Bautista Alberdi 53, Q8300 Neuquén, Argentina",-38.9530913,-68.0582151,Maria Carlota,5.0,"Todo excelente!! Ambiente, musica, la comida, los tragos y la atención.",2025-11-09,Fecha de edición: Hace 2 meses,https://www.google.com/maps/place/JK+Burger+Store+-+Hamburguesas+Neuqu%C3%A9n+Capital/data=!4m7!3m6!1s0x960a337a1f0f0aaf:0x462fcc63c1563fca!8m2!3d-38.9530913!4d-68.0582151!16s%2Fg%2F11sn_7b3wp!19sChIJrwoPH3ozCpYRyj9WwWPML0Y?authuser=0&hl=en&rclk=1,2026-01-08T04:29:35.980580,3fb6a612ff64d72a
JK Burger Store - Hamburguesas Neuquén Capital,Hamburger restaurant,"4,4",289,"Juan Bautista Alberdi 53, Q8300 Neuquén, Argentina",-38.9530913,-68.0582151,Ezequiel,4.0,,2025-11-09,Hace 2 meses,https://www.google.com/maps/place/JK+Burger+Store+-+Hamburguesas+Neuqu%C3%A9n+Capital/data=!4m7!3m6!1s0x960a337a1f0f0aaf:0x462fcc63c1563fca!8m2!3d-38.9530913!4d-68.0582151!16s%2Fg%2F11sn_7b3wp!19sChIJrwoPH3ozCpYRyj9WwWPML0Y?authuser=0&hl=en&rclk=1,2026-01-08T04:29:35.980580,f84ffd1685d9ada6
JK Burger Store - Hamburguesas Neuquén Capital,Hamburger restaurant,"4,4",289,"Juan Bautista Alberdi 53, Q8300 Neuquén, Argentina",-38.9530913,-68.0582151,Jorge Cifuentes,5.0,"Hermoso hambiente, buenos tragos y las hamburguesas son muy ricas.
¡Felicitaciones!",2025-11-09,Hace 2 meses,https://www.google.com/maps/place/JK+Burger+Store+-+Hamburguesas+Neuqu%C3%A9n+Capital/data=!4m7!3m6!1s0x960a337a1f0f0aaf:0x462fcc63c1563fca!8m2!3d-38.9530913!4d-68.0582151!16s%2Fg%2F11sn_7b3wp!19sChIJrwoPH3ozCpYRyj9WwWPML0Y?authuser=0&hl=en&rclk=1,2026-01-08T04:29:35.980580,732602fcd55b52eb
JK Burger Store - Hamburguesas Neuquén Capital,Hamburger restaurant,"4,4",289,"Juan Bautista Alberdi 53, Q8300 Neuquén, Argentina",-38.9530913,-68.0582151,Ivy Ruiz,5.0,"La verdad que son excelente en todo calidad atencion por parte de los chicos todos muy amables  , me encanto todoo. Me pedi para llevar u super rapido ..",2025-11-09,Hace 2 meses,https://www.google.com/maps/place/JK+Burger+Store+-+Hamburguesas+Neuqu%C3%A9n+Capital/data=!4m7!3m6!1s0x960a337a1f0f0aaf:0x462fcc63c1563fca!8m2!3d-38.9530913!4d-68.0582151!16s%2Fg%2F11sn_7b3wp!19sChIJrwoPH3ozCpYRyj9WwWPML0Y?authuser=0&hl=en&rclk=1,2026-01-08T04:29:35.980580,64f629c9b7f66bd3
JK Burger Store - Hamburguesas Neuquén Capital,Hamburger restaurant,"4,4",289,"Juan Bautista Alberdi 53, Q8300 Neuquén, Argentina",-38.9530913,-68.0582151,Adrian Alberto Delgado,5.0,Exelente! Lo mejor de Neuquén ! Hamburguesas de otro planeta ! Precio - Calidad - Atención . 10 puntos !,2025-11-09,Hace 2 meses,https://www.google.com/maps/place/JK+Burger+Store+-+Hamburguesas+Neuqu%C3%A9n+Capital/data=!4m7!3m6!1s0x960a337a1f0f0aaf:0x462fcc63c1563fca!8m2!3d-38.9530913!4d-68.0582151!16s%2Fg%2F11sn_7b3wp!19sChIJrwoPH3ozCpYRyj9WwWPML0Y?authuser=0&hl=en&rclk=1,2026-01-08T04:29:35.980580,d447ee4aff28d1f3
JK Burger Store - Hamburguesas Neuquén Capital,Hamburger restaurant,"4,4",289,"Juan Bautista Alberdi 53, Q8300 Neuquén, Argentina",-38.9530913,-68.0582151,Cristian Nicolas Medina,5.0,"Fui con un grupo de amigos y nos encantó muy rico todo!
Mención honorífica al cajero Gerónimo que es un copado y nos asesoró muy bien",2025-11-09,Hace 2 meses,https://www.google.com/maps/place/JK+Burger+Store+-+Hamburguesas+Neuqu%C3%A9n+Capital/data=!4m7!3m6!1s0x960a337a1f0f0aaf:0x462fcc63c1563fca!8m2!3d-38.9530913!4d-68.0582151!16s%2Fg%2F11sn_7b3wp!19sChIJrwoPH3ozCpYRyj9WwWPML0Y?authuser=0&hl=en&rclk=1,2026-01-08T04:29:35.980580,19978fb6ff18825c
JK Burger Store - Hamburguesas Neuquén Capital,Hamburger restaurant,"4,4",289,"Juan Bautista Alberdi 53, Q8300 Neuquén, Argentina",-38.9530913,-68.0582151,Antonella Pincheira,1.0,,2025-11-09,Hace 2 meses,https://www.google.com/maps/place/JK+Burger+Store+-+Hamburguesas+Neuqu%C3%A9n+Capital/data=!4m7!3m6!1s0x960a337a1f0f0aaf:0x462fcc63c1563fca!8m2!3d-38.9530913!4d-68.0582151!16s%2Fg%2F11sn_7b3wp!19sChIJrwoPH3ozCpYRyj9WwWPML0Y?authuser=0&hl=en&rclk=1,2026-01-08T04:29:35.980580,9e1c83459e392187
JK Burger Store - Hamburguesas Neuquén Capital,Hamburger restaurant,"4,4",289,"Juan Bautista Alberdi 53, Q8300 Neuquén, Argentina",-38.9530913,-68.0582151,Cinthia Garrido,4.0,"El ambiente muy agradable, la música está a un nivel de sonido que te permite hablar, sin quedar afónico. También muy limpio en general. Baños limpios, al igual que las mesas.
La atención excelente. Tuvimos un mal entendido con las hamburguesas y pedimos que nos cancelen la carne doble que habíamos pedido y sin problema lo hicieron, devolviendo el valor de la misma. En cuanto a la comida muy rica, tengo que destacar que las cebollas realmente son caramelizadas, muy rico ♥️ siempre me pasa en otros lugares que las hacen mal y quedan crudas. El pan es de papa, muy rico, no sé deshace, mantiene su forma mientras comes. Y las 4 estrellas en comida es porque hay cosas a mejorar: El ancho de la hamburguesa, podría ser un poco más grande y en lugar de salsa de queso azul, podría ser queso azul derretido, quedaría perfecto! Sin más que agregar, sigan así!! 🙂 RECOMIENDO 100 % 😃",2025-11-09,Hace 2 meses,https://www.google.com/maps/place/JK+Burger+Store+-+Hamburguesas+Neuqu%C3%A9n+Capital/data=!4m7!3m6!1s0x960a337a1f0f0aaf:0x462fcc63c1563fca!8m2!3d-38.9530913!4d-68.0582151!16s%2Fg%2F11sn_7b3wp!19sChIJrwoPH3ozCpYRyj9WwWPML0Y?authuser=0&hl=en&rclk=1,2026-01-08T04:29:35.980580,1b81fdae1d10ac49
JK Burger Store - Hamburguesas Neuquén Capital,Hamburger restaurant,"4,4",289,"Juan Bautista Alberdi 53, Q8300 Neuquén, Argentina",-38.9530913,-68.0582151,Mario Rivero,5.0,Excelente atención abundante las hamburguesas. Recomiendo,2025-11-09,Hace 2 meses,https://www.google.com/maps/place/JK+Burger+Store+-+Hamburguesas+Neuqu%C3%A9n+Capital/data=!4m7!3m6!1s0x960a337a1f0f0aaf:0x462fcc63c1563fca!8m2!3d-38.9530913!4d-68.0582151!16s%2Fg%2F11sn_7b3wp!19sChIJrwoPH3ozCpYRyj9WwWPML0Y?authuser=0&hl=en&rclk=1,2026-01-08T04:29:35.980580,ac8d8e1d6f4f8eae
JK Burger Store - Hamburguesas Neuquén Capital,Hamburger restaurant,"4,4",289,"Juan Bautista Alberdi 53, Q8300 Neuquén, Argentina",-38.9530913,-68.0582151,Carla Billasboa,5.0,,2025-11-09,Hace 2 meses,https://www.google.com/maps/place/JK+Burger+Store+-+Hamburguesas+Neuqu%C3%A9n+Capital/data=!4m7!3m6!1s0x960a337a1f0f0aaf:0x462fcc63c1563fca!8m2!3d-38.9530913!4d-68.0582151!16s%2Fg%2F11sn_7b3wp!19sChIJrwoPH3ozCpYRyj9WwWPML0Y?authuser=0&hl=en&rclk=1,2026-01-08T04:29:35.980580,677251dad0b96fc8
JK Burger Store - Hamburguesas Neuquén Capital,Hamburger restaurant,"4,4",289,"Juan Bautista Alberdi 53, Q8300 Neuquén, Argentina",-38.9530913,-68.0582151,noelia belen castro,5.0,Muy ricas las hamburguesas,2025-11-09,Hace 2 meses,https://www.google.com/maps/place/JK+Burger+Store+-+Hamburguesas+Neuqu%C3%A9n+Capital/data=!4m7!3m6!1s0x960a337a1f0f0aaf:0x462fcc63c1563fca!8m2!3d-38.9530913!4d-68.0582151!16s%2Fg%2F11sn_7b3wp!19sChIJrwoPH3ozCpYRyj9WwWPML0Y?authuser=0&hl=en&rclk=1,2026-01-08T04:29:35.980580,b354eee1e779c5ce
JK Burger Store - Hamburguesas Neuquén Capital,Hamburger restaurant,"4,4",289,"Juan Bautista Alberdi 53, Q8300 Neuquén, Argentina",-38.9530913,-68.0582151,Thiara Benavidez,5.0,,2025-10-10,Hace 3 meses,https://www.google.com/maps/place/JK+Burger+Store+-+Hamburguesas+Neuqu%C3%A9n+Capital/data=!4m7!3m6!1s0x960a337a1f0f0aaf:0x462fcc63c1563fca!8m2!3d-38.9530913!4d-68.0582151!16s%2Fg%2F11sn_7b3wp!19sChIJrwoPH3ozCpYRyj9WwWPML0Y?authuser=0&hl=en&rclk=1,2026-01-08T04:29:35.980580,c2137958125b78fe
JK Burger Store - Hamburguesas Neuquén Capital,Hamburger restaurant,"4,4",289,"Juan Bautista Alberdi 53, Q8300 Neuquén, Argentina",-38.9530913,-68.0582151,Cinthia Paola,1.0,"Cada vez que vengo es un problema distinto. Hoy pagué y el precio que me cobraron era mucho más alto que el de la cartelera y cuando me di vuelta a reclamar, la chica dijo: ""a no estaba mal el cartel"" y frente mío lo cambiaron, en lugar de hacerse cargo del error, no se hace eso",2025-10-10,Hace 3 meses,https://www.google.com/maps/place/JK+Burger+Store+-+Hamburguesas+Neuqu%C3%A9n+Capital/data=!4m7!3m6!1s0x960a337a1f0f0aaf:0x462fcc63c1563fca!8m2!3d-38.9530913!4d-68.0582151!16s%2Fg%2F11sn_7b3wp!19sChIJrwoPH3ozCpYRyj9WwWPML0Y?authuser=0&hl=en&rclk=1,2026-01-08T04:29:35.980580,9ad193269e0e2666
JK Burger Store - Hamburguesas Neuquén Capital,Hamburger restaurant,"4,4",289,"Juan Bautista Alberdi 53, Q8300 Neuquén, Argentina",-38.9530913,-68.0582151,Gonzalo Huerta,5.0,,2025-10-10,Hace 3 meses,https://www.google.com/maps/place/JK+Burger+Store+-+Hamburguesas+Neuqu%C3%A9n+Capital/data=!4m7!3m6!1s0x960a337a1f0f0aaf:0x462fcc63c1563fca!8m2!3d-38.9530913!4d-68.0582151!16s%2Fg%2F11sn_7b3wp!19sChIJrwoPH3ozCpYRyj9WwWPML0Y?authuser=0&hl=en&rclk=1,2026-01-08T04:29:35.980580,6edbb3d9efd67123
JK Burger Store - Hamburguesas Neuquén Capital,Hamburger restaurant,"4,4",289,"Juan Bautista Alberdi 53, Q8300 Neuquén, Argentina",-38.9530913,-68.0582151,ulises Arena,5.0,"Fui con mi novia, pedímos hamburguesas, la mía vegetariana, muy ricas y las papas también estaban buenas.",2025-10-10,Hace 3 meses,https://www.google.com/maps/place/JK+Burger+Store+-+Hamburguesas+Neuqu%C3%A9n+Capital/data=!4m7!3m6!1s0x960a337a1f0f0aaf:0x462fcc63c1563fca!8m2!3d-38.9530913!4d-68.0582151!16s%2Fg%2F11sn_7b3wp!19sChIJrwoPH3ozCpYRyj9WwWPML0Y?authuser=0&hl=en&rclk=1,2026-01-08T04:29:35.980580,41fff13b5162b814
JK Burger Store - Hamburguesas Neuquén Capital,Hamburger restaurant,"4,4",289,"Juan Bautista Alberdi 53, Q8300 Neuquén, Argentina",-38.9530913,-68.0582151,Graciela Berra,1.0,"Muy buena la atención,  con respecto a la comida muy deficiente caro y no es de buena calidad, pedimos lomo al champignon y nos trajeron un lomo echo en la plancha con unos champignones aguados sin gusto...muy feo todo...",2025-10-10,Hace 3 meses,https://www.google.com/maps/place/JK+Burger+Store+-+Hamburguesas+Neuqu%C3%A9n+Capital/data=!4m7!3m6!1s0x960a337a1f0f0aaf:0x462fcc63c1563fca!8m2!3d-38.9530913!4d-68.0582151!16s%2Fg%2F11sn_7b3wp!19sChIJrwoPH3ozCpYRyj9WwWPML0Y?authuser=0&hl=en&rclk=1,2026-01-08T04:29:35.980580,840fd8453be4a094
JK Burger Store - Hamburguesas Neuquén Capital,Hamburger restaurant,"4,4",289,"Juan Bautista Alberdi 53, Q8300 Neuquén, Argentina",-38.9530913,-68.0582151,celestia purple,4.0,Las limonadas son un 10,2025-10-10,Hace 3 meses,https://www.google.com/maps/place/JK+Burger+Store+-+Hamburguesas+Neuqu%C3%A9n+Capital/data=!4m7!3m6!1s0x960a337a1f0f0aaf:0x462fcc63c1563fca!8m2!3d-38.9530913!4d-68.0582151!16s%2Fg%2F11sn_7b3wp!19sChIJrwoPH3ozCpYRyj9WwWPML0Y?authuser=0&hl=en&rclk=1,2026-01-08T04:29:35.980580,8241830762396352
JK Burger Store - Hamburguesas Neuquén Capital,Hamburger restaurant,"4,4",289,"Juan Bautista Alberdi 53, Q8300 Neuquén, Argentina",-38.9530913,-68.0582151,valeria lopez,5.0,"Lindo ambiente, muy organizado, limpio, prolijo y muy amables",2025-10-10,Hace 3 meses,https://www.google.com/maps/place/JK+Burger+Store+-+Hamburguesas+Neuqu%C3%A9n+Capital/data=!4m7!3m6!1s0x960a337a1f0f0aaf:0x462fcc63c1563fca!8m2!3d-38.9530913!4d-68.0582151!16s%2Fg%2F11sn_7b3wp!19sChIJrwoPH3ozCpYRyj9WwWPML0Y?authuser=0&hl=en&rclk=1,2026-01-08T04:29:35.980580,fdfd94728d75bd8f
JK Burger Store - Hamburguesas Neuquén Capital,Hamburger restaurant,"4,4",289,"Juan Bautista Alberdi 53, Q8300 Neuquén, Argentina",-38.9530913,-68.0582151,Kevin Aedo,5.0,"Mi sugerencia es que, el emboltorio de las hamburguesas vaya del lado correcto. La parte del aluminio tiene que ir en contacto con la hamburguesa ya que el mismo actua como aislante del termico. Actualmente lo estan poniendo al reves y llegan frias",2025-10-10,Hace 3 meses,https://www.google.com/maps/place/JK+Burger+Store+-+Hamburguesas+Neuqu%C3%A9n+Capital/data=!4m7!3m6!1s0x960a337a1f0f0aaf:0x462fcc63c1563fca!8m2!3d-38.9530913!4d-68.0582151!16s%2Fg%2F11sn_7b3wp!19sChIJrwoPH3ozCpYRyj9WwWPML0Y?authuser=0&hl=en&rclk=1,2026-01-08T04:29:35.980580,a39658904dc9da5c
JK Burger Store - Hamburguesas Neuquén Capital,Hamburger restaurant,"4,4",289,"Juan Bautista Alberdi 53, Q8300 Neuquén, Argentina",-38.9530913,-68.0582151,Damian Castro,5.0,La verdad riquísima muy buena atención de los chicos muy amable para atender...la verdad lo recomiendo,2025-10-10,Hace 3 meses,https://www.google.com/maps/place/JK+Burger+Store+-+Hamburguesas+Neuqu%C3%A9n+Capital/data=!4m7!3m6!1s0x960a337a1f0f0aaf:0x462fcc63c1563fca!8m2!3d-38.9530913!4d-68.0582151!16s%2Fg%2F11sn_7b3wp!19sChIJrwoPH3ozCpYRyj9WwWPML0Y?authuser=0&hl=en&rclk=1,2026-01-08T04:29:35.980580,8585a724f2194578
JK Burger Store - Hamburguesas Neuquén Capital,Hamburger restaurant,"4,4",289,"Juan Bautista Alberdi 53, Q8300 Neuquén, Argentina",-38.9530913,-68.0582151,Yaneet Gonzalez,5.0,Sin dudas los mejores,2025-10-10,Hace 3 meses,https://www.google.com/maps/place/JK+Burger+Store+-+Hamburguesas+Neuqu%C3%A9n+Capital/data=!4m7!3m6!1s0x960a337a1f0f0aaf:0x462fcc63c1563fca!8m2!3d-38.9530913!4d-68.0582151!16s%2Fg%2F11sn_7b3wp!19sChIJrwoPH3ozCpYRyj9WwWPML0Y?authuser=0&hl=en&rclk=1,2026-01-08T04:29:35.980580,eb0d763f9df31e81
JK Burger Store - Hamburguesas Neuquén Capital,Hamburger restaurant,"4,4",289,"Juan Bautista Alberdi 53, Q8300 Neuquén, Argentina",-38.9530913,-68.0582151,Matias Fuentes,2.0,"El precio resulta exagerado para la calidad del producto, las papas tenían sabor a pescado y restos de fritura (deja en evidencia que no cambian en aceite con regularidad y que fríen las papas, rabas y palitos de muzarela en el mismo aceite). Por otro lado la hamburguesa no ayudaba, la carne estaba exageradamente salada y seca además que el pan resultaba sin sabor.
Ya habíamos comido ahí antes y la experiencia había sido buena, pero se nota mucho que a decrecido en cuanto a calidad.",2025-10-10,Hace 3 meses,https://www.google.com/maps/place/JK+Burger+Store+-+Hamburguesas+Neuqu%C3%A9n+Capital/data=!4m7!3m6!1s0x960a337a1f0f0aaf:0x462fcc63c1563fca!8m2!3d-38.9530913!4d-68.0582151!16s%2Fg%2F11sn_7b3wp!19sChIJrwoPH3ozCpYRyj9WwWPML0Y?authuser=0&hl=en&rclk=1,2026-01-08T04:29:35.980580,5324fca14905119c
JK Burger Store - Hamburguesas Neuquén Capital,Hamburger restaurant,"4,4",289,"Juan Bautista Alberdi 53, Q8300 Neuquén, Argentina",-38.9530913,-68.0582151,Lucas Hernandez,5.0,"Amo JK!
Los conocí en pandemia, las papas eran otras (más grandes y ricas)
Back to the way it was!",2025-10-10,Hace 3 meses,https://www.google.com/maps/place/JK+Burger+Store+-+Hamburguesas+Neuqu%C3%A9n+Capital/data=!4m7!3m6!1s0x960a337a1f0f0aaf:0x462fcc63c1563fca!8m2!3d-38.9530913!4d-68.0582151!16s%2Fg%2F11sn_7b3wp!19sChIJrwoPH3ozCpYRyj9WwWPML0Y?authuser=0&hl=en&rclk=1,2026-01-08T04:29:35.980580,87c9ad29b6660d54
JK Burger Store - Hamburguesas Neuquén Capital,Hamburger restaurant,"4,4",289,"Juan Bautista Alberdi 53, Q8300 Neuquén, Argentina",-38.9530913,-68.0582151,Luca Galli,1.0,Las hamburguesa de provolone es puro pan y mayonesa.,2025-10-10,Hace 3 meses,https://www.google.com/maps/place/JK+Burger+Store+-+Hamburguesas+Neuqu%C3%A9n+Capital/data=!4m7!3m6!1s0x960a337a1f0f0aaf:0x462fcc63c1563fca!8m2!3d-38.9530913!4d-68.0582151!16s%2Fg%2F11sn_7b3wp!19sChIJrwoPH3ozCpYRyj9WwWPML0Y?authuser=0&hl=en&rclk=1,2026-01-08T04:29:35.980580,f2494172e6487d87
JK Burger Store - Hamburguesas Neuquén Capital,Hamburger restaurant,"4,4",289,"Juan Bautista Alberdi 53, Q8300 Neuquén, Argentina",-38.9530913,-68.0582151,Mariana Fila,5.0,"La atención es excelente, las chicas son súper atentas
Las burgués son muy buenas y la limonada riquísima",2025-10-10,Hace 3 meses,https://www.google.com/maps/place/JK+Burger+Store+-+Hamburguesas+Neuqu%C3%A9n+Capital/data=!4m7!3m6!1s0x960a337a1f0f0aaf:0x462fcc63c1563fca!8m2!3d-38.9530913!4d-68.0582151!16s%2Fg%2F11sn_7b3wp!19sChIJrwoPH3ozCpYRyj9WwWPML0Y?authuser=0&hl=en&rclk=1,2026-01-08T04:29:35.980580,9d7c51cbbb218748
JK Burger Store - Hamburguesas Neuquén Capital,Hamburger restaurant,"4,4",289,"Juan Bautista Alberdi 53, Q8300 Neuquén, Argentina",-38.9530913,-68.0582151,VeraĐtd,2.0,"La hamburguesa muy rica, el problema? Pedi SIN QUESO, lo aclaré 10 veces, persona alergica, de por si tardaron 20min en preparar y cuando nos llaman chorreaba en cheddar. Otros 15min para la nueva, comi mi hamburguesa mas que fria esperando la de mi pareja.
Las papas SALADISIMAS, un hipertenso muere, pero el condimento zarpado en rico.",2025-10-10,Hace 3 meses,https://www.google.com/maps/place/JK+Burger+Store+-+Hamburguesas+Neuqu%C3%A9n+Capital/data=!4m7!3m6!1s0x960a337a1f0f0aaf:0x462fcc63c1563fca!8m2!3d-38.9530913!4d-68.0582151!16s%2Fg%2F11sn_7b3wp!19sChIJrwoPH3ozCpYRyj9WwWPML0Y?authuser=0&hl=en&rclk=1,2026-01-08T04:29:35.980580,daae26725209b1c3
JK Burger Store - Hamburguesas Neuquén Capital,Hamburger restaurant,"4,4",289,"Juan Bautista Alberdi 53, Q8300 Neuquén, Argentina",-38.9530913,-68.0582151,Ailin Argüello,3.0,"Ponen en instagram que tienen happy hour todos los días de 19:30 a 21 pero vas a las 20:30 al local y está cerrado y las chicas adentro hablando entre ellas. Muchas veces tuve que quedarme fuera esperando y cuando abrian me recibian con mala cara. Al principio la atención de las chicas era excelente pero ahora cada vez que voy me llevo una mala experiencia. Cabe aclarar que una va con buena onda, con educación y tratando de hacerles mas facil el trabajo pero ni así te devuelven un buen trato. La comida y los precios son buenísimos pero ojalá cambie la pésima atención y que cumplan con los horarios establecidos. Una lástima para un lugar tan lindo.",2025-10-10,Hace 3 meses,https://www.google.com/maps/place/JK+Burger+Store+-+Hamburguesas+Neuqu%C3%A9n+Capital/data=!4m7!3m6!1s0x960a337a1f0f0aaf:0x462fcc63c1563fca!8m2!3d-38.9530913!4d-68.0582151!16s%2Fg%2F11sn_7b3wp!19sChIJrwoPH3ozCpYRyj9WwWPML0Y?authuser=0&hl=en&rclk=1,2026-01-08T04:29:35.980580,fe60cbe0fdc42be9
JK Burger Store - Hamburguesas Neuquén Capital,Hamburger restaurant,"4,4",289,"Juan Bautista Alberdi 53, Q8300 Neuquén, Argentina",-38.9530913,-68.0582151,Lauty mellado,3.0,"El lugar, la ambientacion y la comida son un 10, todo es buenisimo, lo unico malo y que te saca las ganas de volver es la mala onda con la que te atienden en caja y la barra, te pone de mal humor un lugar tan bueno con una atencion tan pesima, de entrada ya recibimos un trato pesimo y altanero de parte de las mencionadas, y les molesta si les preguntas algo que les corresponde responder ya que es su trabajo y trabajan en atencion al publico!!
mas pilas la proxima porque vimos como perdieron un par de clientes por la mala onda que tenian..",2025-10-10,Hace 3 meses,https://www.google.com/maps/place/JK+Burger+Store+-+Hamburguesas+Neuqu%C3%A9n+Capital/data=!4m7!3m6!1s0x960a337a1f0f0aaf:0x462fcc63c1563fca!8m2!3d-38.9530913!4d-68.0582151!16s%2Fg%2F11sn_7b3wp!19sChIJrwoPH3ozCpYRyj9WwWPML0Y?authuser=0&hl=en&rclk=1,2026-01-08T04:29:35.980580,bf190ce4b8ed7300
JK Burger Store - Hamburguesas Neuquén Capital,Hamburger restaurant,"4,4",289,"Juan Bautista Alberdi 53, Q8300 Neuquén, Argentina",-38.9530913,-68.0582151,German Martinez,5.0,La mejor Hamburguesa de Nqn. Gracias Jeremías,2025-10-10,Fecha de edición: Hace 3 meses,https://www.google.com/maps/place/JK+Burger+Store+-+Hamburguesas+Neuqu%C3%A9n+Capital/data=!4m7!3m6!1s0x960a337a1f0f0aaf:0x462fcc63c1563fca!8m2!3d-38.9530913!4d-68.0582151!16s%2Fg%2F11sn_7b3wp!19sChIJrwoPH3ozCpYRyj9WwWPML0Y?authuser=0&hl=en&rclk=1,2026-01-08T04:29:35.980580,526709b3a0d4f014
JK Burger Store - Hamburguesas Neuquén Capital,Hamburger restaurant,"4,4",289,"Juan Bautista Alberdi 53, Q8300 Neuquén, Argentina",-38.9530913,-68.0582151,Romina Nicola,5.0,Muy buena atención y excelente calidad/precio,2025-09-10,Hace 4 meses,https://www.google.com/maps/place/JK+Burger+Store+-+Hamburguesas+Neuqu%C3%A9n+Capital/data=!4m7!3m6!1s0x960a337a1f0f0aaf:0x462fcc63c1563fca!8m2!3d-38.9530913!4d-68.0582151!16s%2Fg%2F11sn_7b3wp!19sChIJrwoPH3ozCpYRyj9WwWPML0Y?authuser=0&hl=en&rclk=1,2026-01-08T04:29:35.980580,30276eda4120cb81
JK Burger Store - Hamburguesas Neuquén Capital,Hamburger restaurant,"4,4",289,"Juan Bautista Alberdi 53, Q8300 Neuquén, Argentina",-38.9530913,-68.0582151,Julio Castillo,5.0,,2025-09-10,Hace 4 meses,https://www.google.com/maps/place/JK+Burger+Store+-+Hamburguesas+Neuqu%C3%A9n+Capital/data=!4m7!3m6!1s0x960a337a1f0f0aaf:0x462fcc63c1563fca!8m2!3d-38.9530913!4d-68.0582151!16s%2Fg%2F11sn_7b3wp!19sChIJrwoPH3ozCpYRyj9WwWPML0Y?authuser=0&hl=en&rclk=1,2026-01-08T04:29:35.980580,bf1fd7cf7e9bc655
JK Burger Store - Hamburguesas Neuquén Capital,Hamburger restaurant,"4,4",289,"Juan Bautista Alberdi 53, Q8300 Neuquén, Argentina",-38.9530913,-68.0582151,SN,1.0,"0 recomendado si quieren comer el día de las hamburguesas, asistimos temprano con mi amiga, nos dieron las 2 hamburguesas correspondientes a c/u, y vinieron crudas. Nos levantamos 3 veces para cambiar las que nos cambiaban pq seguían viniendo rosadas por dentro, un asco.
Deberían regular el tiempo que les lleva cocinar BIEN una hamburguesa y no quede rosada por dentro.",2025-09-10,Hace 4 meses,https://www.google.com/maps/place/JK+Burger+Store+-+Hamburguesas+Neuqu%C3%A9n+Capital/data=!4m7!3m6!1s0x960a337a1f0f0aaf:0x462fcc63c1563fca!8m2!3d-38.9530913!4d-68.0582151!16s%2Fg%2F11sn_7b3wp!19sChIJrwoPH3ozCpYRyj9WwWPML0Y?authuser=0&hl=en&rclk=1,2026-01-08T04:29:35.980580,e6ff580488aab26d
JK Burger Store - Hamburguesas Neuquén Capital,Hamburger restaurant,"4,4",289,"Juan Bautista Alberdi 53, Q8300 Neuquén, Argentina",-38.9530913,-68.0582151,Valentina Numa,5.0,,2025-09-10,Hace 4 meses,https://www.google.com/maps/place/JK+Burger+Store+-+Hamburguesas+Neuqu%C3%A9n+Capital/data=!4m7!3m6!1s0x960a337a1f0f0aaf:0x462fcc63c1563fca!8m2!3d-38.9530913!4d-68.0582151!16s%2Fg%2F11sn_7b3wp!19sChIJrwoPH3ozCpYRyj9WwWPML0Y?authuser=0&hl=en&rclk=1,2026-01-08T04:29:35.980580,190af5c389d96cb2
JK Burger Store - Hamburguesas Neuquén Capital,Hamburger restaurant,"4,4",289,"Juan Bautista Alberdi 53, Q8300 Neuquén, Argentina",-38.9530913,-68.0582151,Gastón Aquino,5.0,"Todo hermoso, las hamburguesas EXQUISITAS y la ración de papas espectacular. El interior y exterior calefaccionados perfectamente.",2025-09-10,Hace 4 meses,https://www.google.com/maps/place/JK+Burger+Store+-+Hamburguesas+Neuqu%C3%A9n+Capital/data=!4m7!3m6!1s0x960a337a1f0f0aaf:0x462fcc63c1563fca!8m2!3d-38.9530913!4d-68.0582151!16s%2Fg%2F11sn_7b3wp!19sChIJrwoPH3ozCpYRyj9WwWPML0Y?authuser=0&hl=en&rclk=1,2026-01-08T04:29:35.980580,45bcfe98f11fe6c5
JK Burger Store - Hamburguesas Neuquén Capital,Hamburger restaurant,"4,4",289,"Juan Bautista Alberdi 53, Q8300 Neuquén, Argentina",-38.9530913,-68.0582151,Marti Lopez Moroni,1.0,,2025-08-11,Hace 5 meses,https://www.google.com/maps/place/JK+Burger+Store+-+Hamburguesas+Neuqu%C3%A9n+Capital/data=!4m7!3m6!1s0x960a337a1f0f0aaf:0x462fcc63c1563fca!8m2!3d-38.9530913!4d-68.0582151!16s%2Fg%2F11sn_7b3wp!19sChIJrwoPH3ozCpYRyj9WwWPML0Y?authuser=0&hl=en&rclk=1,2026-01-08T04:29:35.980580,3e000f296457d61e
JK Burger Store - Hamburguesas Neuquén Capital,Hamburger restaurant,"4,4",289,"Juan Bautista Alberdi 53, Q8300 Neuquén, Argentina",-38.9530913,-68.0582151,Belén Contreras,5.0,El lugar está bien ambientado y tanto la atención como el servicio fueron rápidos. Ideal si buscás algo rico y ágil.,2025-08-11,Hace 5 meses,https://www.google.com/maps/place/JK+Burger+Store+-+Hamburguesas+Neuqu%C3%A9n+Capital/data=!4m7!3m6!1s0x960a337a1f0f0aaf:0x462fcc63c1563fca!8m2!3d-38.9530913!4d-68.0582151!16s%2Fg%2F11sn_7b3wp!19sChIJrwoPH3ozCpYRyj9WwWPML0Y?authuser=0&hl=en&rclk=1,2026-01-08T04:29:35.980580,89b6225f982b1ea7
JK Burger Store - Hamburguesas Neuquén Capital,Hamburger restaurant,"4,4",289,"Juan Bautista Alberdi 53, Q8300 Neuquén, Argentina",-38.9530913,-68.0582151,Luana Martinez,5.0,,2025-08-11,Hace 5 meses,https://www.google.com/maps/place/JK+Burger+Store+-+Hamburguesas+Neuqu%C3%A9n+Capital/data=!4m7!3m6!1s0x960a337a1f0f0aaf:0x462fcc63c1563fca!8m2!3d-38.9530913!4d-68.0582151!16s%2Fg%2F11sn_7b3wp!19sChIJrwoPH3ozCpYRyj9WwWPML0Y?authuser=0&hl=en&rclk=1,2026-01-08T04:29:35.980580,17cab544d63c6b6b
JK Burger Store - Hamburguesas Neuquén Capital,Hamburger restaurant,"4,4",289,"Juan Bautista Alberdi 53, Q8300 Neuquén, Argentina",-38.9530913,-68.0582151,Morena Segatti,5.0,Buena atención,2025-08-11,Hace 5 meses,https://www.google.com/maps/place/JK+Burger+Store+-+Hamburguesas+Neuqu%C3%A9n+Capital/data=!4m7!3m6!1s0x960a337a1f0f0aaf:0x462fcc63c1563fca!8m2!3d-38.9530913!4d-68.0582151!16s%2Fg%2F11sn_7b3wp!19sChIJrwoPH3ozCpYRyj9WwWPML0Y?authuser=0&hl=en&rclk=1,2026-01-08T04:29:35.980580,80d3abf57e1698bc
JK Burger Store - Hamburguesas Neuquén Capital,Hamburger restaurant,"4,4",289,"Juan Bautista Alberdi 53, Q8300 Neuquén, Argentina",-38.9530913,-68.0582151,Lourdes vidaurreta,5.0,"Hermosoooo lugarr, muy rico todo!!",2025-08-11,Hace 5 meses,https://www.google.com/maps/place/JK+Burger+Store+-+Hamburguesas+Neuqu%C3%A9n+Capital/data=!4m7!3m6!1s0x960a337a1f0f0aaf:0x462fcc63c1563fca!8m2!3d-38.9530913!4d-68.0582151!16s%2Fg%2F11sn_7b3wp!19sChIJrwoPH3ozCpYRyj9WwWPML0Y?authuser=0&hl=en&rclk=1,2026-01-08T04:29:35.980580,59d441adf75b9005
JK Burger Store - Hamburguesas Neuquén Capital,Hamburger restaurant,"4,4",289,"Juan Bautista Alberdi 53, Q8300 Neuquén, Argentina",-38.9530913,-68.0582151,Leandro Tadey,5.0,,2025-08-11,Hace 5 meses,https://www.google.com/maps/place/JK+Burger+Store+-+Hamburguesas+Neuqu%C3%A9n+Capital/data=!4m7!3m6!1s0x960a337a1f0f0aaf:0x462fcc63c1563fca!8m2!3d-38.9530913!4d-68.0582151!16s%2Fg%2F11sn_7b3wp!19sChIJrwoPH3ozCpYRyj9WwWPML0Y?authuser=0&hl=en&rclk=1,2026-01-08T04:29:35.980580,93fccff710d5128e
JK Burger Store - Hamburguesas Neuquén Capital,Hamburger restaurant,"4,4",289,"Juan Bautista Alberdi 53, Q8300 Neuquén, Argentina",-38.9530913,-68.0582151,Valentina Yazmin Aguilar,5.0,Excelente servicio 🔝,2025-08-11,Hace 5 meses,https://www.google.com/maps/place/JK+Burger+Store+-+Hamburguesas+Neuqu%C3%A9n+Capital/data=!4m7!3m6!1s0x960a337a1f0f0aaf:0x462fcc63c1563fca!8m2!3d-38.9530913!4d-68.0582151!16s%2Fg%2F11sn_7b3wp!19sChIJrwoPH3ozCpYRyj9WwWPML0Y?authuser=0&hl=en&rclk=1,2026-01-08T04:29:35.980580,542cfb36bc0714c2
JK Burger Store - Hamburguesas Neuquén Capital,Hamburger restaurant,"4,4",289,"Juan Bautista Alberdi 53, Q8300 Neuquén, Argentina",-38.9530913,-68.0582151,Bruno Romero,5.0,"Muy buena la atención por ser la primera vez, muy buena onda la chica que nos atendió. Al entrar al local fue bueno el ambiente porque se puede hablar tranqui y la música no está tan fuerte. Las hamburguesas muy buenas 👌",2025-08-11,Hace 5 meses,https://www.google.com/maps/place/JK+Burger+Store+-+Hamburguesas+Neuqu%C3%A9n+Capital/data=!4m7!3m6!1s0x960a337a1f0f0aaf:0x462fcc63c1563fca!8m2!3d-38.9530913!4d-68.0582151!16s%2Fg%2F11sn_7b3wp!19sChIJrwoPH3ozCpYRyj9WwWPML0Y?authuser=0&hl=en&rclk=1,2026-01-08T04:29:35.980580,41d385ab2469efba
JK Burger Store - Hamburguesas Neuquén Capital,Hamburger restaurant,"4,4",289,"Juan Bautista Alberdi 53, Q8300 Neuquén, Argentina",-38.9530913,-68.0582151,claudia rojas,5.0,Muy buena la atención de las chicas,2025-08-11,Hace 5 meses,https://www.google.com/maps/place/JK+Burger+Store+-+Hamburguesas+Neuqu%C3%A9n+Capital/data=!4m7!3m6!1s0x960a337a1f0f0aaf:0x462fcc63c1563fca!8m2!3d-38.9530913!4d-68.0582151!16s%2Fg%2F11sn_7b3wp!19sChIJrwoPH3ozCpYRyj9WwWPML0Y?authuser=0&hl=en&rclk=1,2026-01-08T04:29:35.980580,f0a273a3d52d1bf6
JK Burger Store - Hamburguesas Neuquén Capital,Hamburger restaurant,"4,4",289,"Juan Bautista Alberdi 53, Q8300 Neuquén, Argentina",-38.9530913,-68.0582151,Facundo Arana González,5.0,la chica que nos atendió fue muy amable y nos resolvió todas las dudas incluso antes de tenerlas,2025-08-11,Hace 5 meses,https://www.google.com/maps/place/JK+Burger+Store+-+Hamburguesas+Neuqu%C3%A9n+Capital/data=!4m7!3m6!1s0x960a337a1f0f0aaf:0x462fcc63c1563fca!8m2!3d-38.9530913!4d-68.0582151!16s%2Fg%2F11sn_7b3wp!19sChIJrwoPH3ozCpYRyj9WwWPML0Y?authuser=0&hl=en&rclk=1,2026-01-08T04:29:35.980580,cbc92827708b9f3f
JK Burger Store - Hamburguesas Neuquén Capital,Hamburger restaurant,"4,4",289,"Juan Bautista Alberdi 53, Q8300 Neuquén, Argentina",-38.9530913,-68.0582151,Feli Laurin,5.0,Muy buena atención al público y excelentes hamburguesas. Recomendisimo.,2025-08-11,Hace 5 meses,https://www.google.com/maps/place/JK+Burger+Store+-+Hamburguesas+Neuqu%C3%A9n+Capital/data=!4m7!3m6!1s0x960a337a1f0f0aaf:0x462fcc63c1563fca!8m2!3d-38.9530913!4d-68.0582151!16s%2Fg%2F11sn_7b3wp!19sChIJrwoPH3ozCpYRyj9WwWPML0Y?authuser=0&hl=en&rclk=1,2026-01-08T04:29:35.980580,7e23b88ac98f4570
JK Burger Store - Hamburguesas Neuquén Capital,Hamburger restaurant,"4,4",289,"Juan Bautista Alberdi 53, Q8300 Neuquén, Argentina",-38.9530913,-68.0582151,Juan Martin Cruz,5.0,Muy buena atención 🙌🏼,2025-08-11,Hace 5 meses,https://www.google.com/maps/place/JK+Burger+Store+-+Hamburguesas+Neuqu%C3%A9n+Capital/data=!4m7!3m6!1s0x960a337a1f0f0aaf:0x462fcc63c1563fca!8m2!3d-38.9530913!4d-68.0582151!16s%2Fg%2F11sn_7b3wp!19sChIJrwoPH3ozCpYRyj9WwWPML0Y?authuser=0&hl=en&rclk=1,2026-01-08T04:29:35.980580,977786106073140c
JK Burger Store - Hamburguesas Neuquén Capital,Hamburger restaurant,"4,4",289,"Juan Bautista Alberdi 53, Q8300 Neuquén, Argentina",-38.9530913,-68.0582151,Roxana Guiñez,5.0,,2025-08-11,Hace 5 meses,https://www.google.com/maps/place/JK+Burger+Store+-+Hamburguesas+Neuqu%C3%A9n+Capital/data=!4m7!3m6!1s0x960a337a1f0f0aaf:0x462fcc63c1563fca!8m2!3d-38.9530913!4d-68.0582151!16s%2Fg%2F11sn_7b3wp!19sChIJrwoPH3ozCpYRyj9WwWPML0Y?authuser=0&hl=en&rclk=1,2026-01-08T04:29:35.980580,94bacdfd4d03f177
JK Burger Store - Hamburguesas Neuquén Capital,Hamburger restaurant,"4,4",289,"Juan Bautista Alberdi 53, Q8300 Neuquén, Argentina",-38.9530913,-68.0582151,Diego Nogales,5.0,,2025-08-11,Hace 5 meses,https://www.google.com/maps/place/JK+Burger+Store+-+Hamburguesas+Neuqu%C3%A9n+Capital/data=!4m7!3m6!1s0x960a337a1f0f0aaf:0x462fcc63c1563fca!8m2!3d-38.9530913!4d-68.0582151!16s%2Fg%2F11sn_7b3wp!19sChIJrwoPH3ozCpYRyj9WwWPML0Y?authuser=0&hl=en&rclk=1,2026-01-08T04:29:35.980580,7829041c7a2c9e4e
JK Burger Store - Hamburguesas Neuquén Capital,Hamburger restaurant,"4,4",289,"Juan Bautista Alberdi 53, Q8300 Neuquén, Argentina",-38.9530913,-68.0582151,Samuel Arenas,5.0,Excelente lugar.. muy confortable.,2025-08-11,Hace 5 meses,https://www.google.com/maps/place/JK+Burger+Store+-+Hamburguesas+Neuqu%C3%A9n+Capital/data=!4m7!3m6!1s0x960a337a1f0f0aaf:0x462fcc63c1563fca!8m2!3d-38.9530913!4d-68.0582151!16s%2Fg%2F11sn_7b3wp!19sChIJrwoPH3ozCpYRyj9WwWPML0Y?authuser=0&hl=en&rclk=1,2026-01-08T04:29:35.980580,63d34db5c1923b75
JK Burger Store - Hamburguesas Neuquén Capital,Hamburger restaurant,"4,4",289,"Juan Bautista Alberdi 53, Q8300 Neuquén, Argentina",-38.9530913,-68.0582151,Santiago González,5.0,Son las mejores hamburguesas de la historia y no tan caro la casa de las hamburguesas,2025-08-11,Hace 5 meses,https://www.google.com/maps/place/JK+Burger+Store+-+Hamburguesas+Neuqu%C3%A9n+Capital/data=!4m7!3m6!1s0x960a337a1f0f0aaf:0x462fcc63c1563fca!8m2!3d-38.9530913!4d-68.0582151!16s%2Fg%2F11sn_7b3wp!19sChIJrwoPH3ozCpYRyj9WwWPML0Y?authuser=0&hl=en&rclk=1,2026-01-08T04:29:35.980580,3d8adc490b5067db
JK Burger Store - Hamburguesas Neuquén Capital,Hamburger restaurant,"4,4",289,"Juan Bautista Alberdi 53, Q8300 Neuquén, Argentina",-38.9530913,-68.0582151,Benjamin Alvarez,5.0,10/10 atencion y comidano como la casa de la hamburguesa,2025-08-11,Hace 5 meses,https://www.google.com/maps/place/JK+Burger+Store+-+Hamburguesas+Neuqu%C3%A9n+Capital/data=!4m7!3m6!1s0x960a337a1f0f0aaf:0x462fcc63c1563fca!8m2!3d-38.9530913!4d-68.0582151!16s%2Fg%2F11sn_7b3wp!19sChIJrwoPH3ozCpYRyj9WwWPML0Y?authuser=0&hl=en&rclk=1,2026-01-08T04:29:35.980580,5faf02adeb728b59
JK Burger Store - Hamburguesas Neuquén Capital,Hamburger restaurant,"4,4",289,"Juan Bautista Alberdi 53, Q8300 Neuquén, Argentina",-38.9530913,-68.0582151,Faby,5.0,"Muy lindo el lugar, la atención al cliente es muy buena y la comida es riquísima",2025-08-11,Hace 5 meses,https://www.google.com/maps/place/JK+Burger+Store+-+Hamburguesas+Neuqu%C3%A9n+Capital/data=!4m7!3m6!1s0x960a337a1f0f0aaf:0x462fcc63c1563fca!8m2!3d-38.9530913!4d-68.0582151!16s%2Fg%2F11sn_7b3wp!19sChIJrwoPH3ozCpYRyj9WwWPML0Y?authuser=0&hl=en&rclk=1,2026-01-08T04:29:35.980580,9e52a9d6903507a1
JK Burger Store - Hamburguesas Neuquén Capital,Hamburger restaurant,"4,4",289,"Juan Bautista Alberdi 53, Q8300 Neuquén, Argentina",-38.9530913,-68.0582151,tobias carballal,5.0,Las mejores hamburguesas y el mejor servicio,2025-08-11,Hace 5 meses,https://www.google.com/maps/place/JK+Burger+Store+-+Hamburguesas+Neuqu%C3%A9n+Capital/data=!4m7!3m6!1s0x960a337a1f0f0aaf:0x462fcc63c1563fca!8m2!3d-38.9530913!4d-68.0582151!16s%2Fg%2F11sn_7b3wp!19sChIJrwoPH3ozCpYRyj9WwWPML0Y?authuser=0&hl=en&rclk=1,2026-01-08T04:29:35.980580,84f12fd2845d1941
JK Burger Store - Hamburguesas Neuquén Capital,Hamburger restaurant,"4,4",289,"Juan Bautista Alberdi 53, Q8300 Neuquén, Argentina",-38.9530913,-68.0582151,Joako Lopez,5.0,Máquinas de resistencia jk,2025-08-11,Hace 5 meses,https://www.google.com/maps/place/JK+Burger+Store+-+Hamburguesas+Neuqu%C3%A9n+Capital/data=!4m7!3m6!1s0x960a337a1f0f0aaf:0x462fcc63c1563fca!8m2!3d-38.9530913!4d-68.0582151!16s%2Fg%2F11sn_7b3wp!19sChIJrwoPH3ozCpYRyj9WwWPML0Y?authuser=0&hl=en&rclk=1,2026-01-08T04:29:35.980580,608dc79ff9cd8545
JK Burger Store - Hamburguesas Neuquén Capital,Hamburger restaurant,"4,4",289,"Juan Bautista Alberdi 53, Q8300 Neuquén, Argentina",-38.9530913,-68.0582151,Donatto Diez,5.0,JK principal,2025-08-11,Hace 5 meses,https://www.google.com/maps/place/JK+Burger+Store+-+Hamburguesas+Neuqu%C3%A9n+Capital/data=!4m7!3m6!1s0x960a337a1f0f0aaf:0x462fcc63c1563fca!8m2!3d-38.9530913!4d-68.0582151!16s%2Fg%2F11sn_7b3wp!19sChIJrwoPH3ozCpYRyj9WwWPML0Y?authuser=0&hl=en&rclk=1,2026-01-08T04:29:35.980580,2868c3ab177d4fab
JK Burger Store - Hamburguesas Neuquén Capital,Hamburger restaurant,"4,4",289,"Juan Bautista Alberdi 53, Q8300 Neuquén, Argentina",-38.9530913,-68.0582151,Facundo Puchy,5.0,aguante JK perricop,2025-08-11,Hace 5 meses,https://www.google.com/maps/place/JK+Burger+Store+-+Hamburguesas+Neuqu%C3%A9n+Capital/data=!4m7!3m6!1s0x960a337a1f0f0aaf:0x462fcc63c1563fca!8m2!3d-38.9530913!4d-68.0582151!16s%2Fg%2F11sn_7b3wp!19sChIJrwoPH3ozCpYRyj9WwWPML0Y?authuser=0&hl=en&rclk=1,2026-01-08T04:29:35.980580,f6b3077a2366263c
JK Burger Store - Hamburguesas Neuquén Capital,Hamburger restaurant,"4,4",289,"Juan Bautista Alberdi 53, Q8300 Neuquén, Argentina",-38.9530913,-68.0582151,Luana Opertti,5.0,,2025-08-11,Hace 5 meses,https://www.google.com/maps/place/JK+Burger+Store+-+Hamburguesas+Neuqu%C3%A9n+Capital/data=!4m7!3m6!1s0x960a337a1f0f0aaf:0x462fcc63c1563fca!8m2!3d-38.9530913!4d-68.0582151!16s%2Fg%2F11sn_7b3wp!19sChIJrwoPH3ozCpYRyj9WwWPML0Y?authuser=0&hl=en&rclk=1,2026-01-08T04:29:35.980580,34827873297b59dc
JK Burger Store - Hamburguesas Neuquén Capital,Hamburger restaurant,"4,4",289,"Juan Bautista Alberdi 53, Q8300 Neuquén, Argentina",-38.9530913,-68.0582151,Emanuel Gonzalez,5.0,,2025-08-11,Hace 5 meses,https://www.google.com/maps/place/JK+Burger+Store+-+Hamburguesas+Neuqu%C3%A9n+Capital/data=!4m7!3m6!1s0x960a337a1f0f0aaf:0x462fcc63c1563fca!8m2!3d-38.9530913!4d-68.0582151!16s%2Fg%2F11sn_7b3wp!19sChIJrwoPH3ozCpYRyj9WwWPML0Y?authuser=0&hl=en&rclk=1,2026-01-08T04:29:35.980580,ce5b2a4cdc08d98a
JK Burger Store - Hamburguesas Neuquén Capital,Hamburger restaurant,"4,4",289,"Juan Bautista Alberdi 53, Q8300 Neuquén, Argentina",-38.9530913,-68.0582151,Solange Concepcion,5.0,,2025-08-11,Hace 5 meses,https://www.google.com/maps/place/JK+Burger+Store+-+Hamburguesas+Neuqu%C3%A9n+Capital/data=!4m7!3m6!1s0x960a337a1f0f0aaf:0x462fcc63c1563fca!8m2!3d-38.9530913!4d-68.0582151!16s%2Fg%2F11sn_7b3wp!19sChIJrwoPH3ozCpYRyj9WwWPML0Y?authuser=0&hl=en&rclk=1,2026-01-08T04:29:35.980580,7d372d16385d7fca
JK Burger Store - Hamburguesas Neuquén Capital,Hamburger restaurant,"4,4",289,"Juan Bautista Alberdi 53, Q8300 Neuquén, Argentina",-38.9530913,-68.0582151,Antonella Guerrero,5.0,Muy buena atención,2025-08-11,Hace 5 meses,https://www.google.com/maps/place/JK+Burger+Store+-+Hamburguesas+Neuqu%C3%A9n+Capital/data=!4m7!3m6!1s0x960a337a1f0f0aaf:0x462fcc63c1563fca!8m2!3d-38.9530913!4d-68.0582151!16s%2Fg%2F11sn_7b3wp!19sChIJrwoPH3ozCpYRyj9WwWPML0Y?authuser=0&hl=en&rclk=1,2026-01-08T04:29:35.980580,7ca869b88ffe5fc0
JK Burger Store - Hamburguesas Neuquén Capital,Hamburger restaurant,"4,4",289,"Juan Bautista Alberdi 53, Q8300 Neuquén, Argentina",-38.9530913,-68.0582151,tobias oyarzun,5.0,,2025-08-11,Hace 5 meses,https://www.google.com/maps/place/JK+Burger+Store+-+Hamburguesas+Neuqu%C3%A9n+Capital/data=!4m7!3m6!1s0x960a337a1f0f0aaf:0x462fcc63c1563fca!8m2!3d-38.9530913!4d-68.0582151!16s%2Fg%2F11sn_7b3wp!19sChIJrwoPH3ozCpYRyj9WwWPML0Y?authuser=0&hl=en&rclk=1,2026-01-08T04:29:35.980580,d6a058e0a451f037
JK Burger Store - Hamburguesas Neuquén Capital,Hamburger restaurant,"4,4",289,"Juan Bautista Alberdi 53, Q8300 Neuquén, Argentina",-38.9530913,-68.0582151,Erica Diaz,5.0,Riquísimo,2025-08-11,Hace 5 meses,https://www.google.com/maps/place/JK+Burger+Store+-+Hamburguesas+Neuqu%C3%A9n+Capital/data=!4m7!3m6!1s0x960a337a1f0f0aaf:0x462fcc63c1563fca!8m2!3d-38.9530913!4d-68.0582151!16s%2Fg%2F11sn_7b3wp!19sChIJrwoPH3ozCpYRyj9WwWPML0Y?authuser=0&hl=en&rclk=1,2026-01-08T04:29:35.980580,0f0fc5f128099875
JK Burger Store - Hamburguesas Neuquén Capital,Hamburger restaurant,"4,4",289,"Juan Bautista Alberdi 53, Q8300 Neuquén, Argentina",-38.9530913,-68.0582151,Johana Toledo,5.0,,2025-08-11,Hace 5 meses,https://www.google.com/maps/place/JK+Burger+Store+-+Hamburguesas+Neuqu%C3%A9n+Capital/data=!4m7!3m6!1s0x960a337a1f0f0aaf:0x462fcc63c1563fca!8m2!3d-38.9530913!4d-68.0582151!16s%2Fg%2F11sn_7b3wp!19sChIJrwoPH3ozCpYRyj9WwWPML0Y?authuser=0&hl=en&rclk=1,2026-01-08T04:29:35.980580,5c2e1f7ad43e62f9
JK Burger Store - Hamburguesas Neuquén Capital,Hamburger restaurant,"4,4",289,"Juan Bautista Alberdi 53, Q8300 Neuquén, Argentina",-38.9530913,-68.0582151,Ana Nova,5.0,Muy rico todo,2025-08-11,Hace 5 meses,https://www.google.com/maps/place/JK+Burger+Store+-+Hamburguesas+Neuqu%C3%A9n+Capital/data=!4m7!3m6!1s0x960a337a1f0f0aaf:0x462fcc63c1563fca!8m2!3d-38.9530913!4d-68.0582151!16s%2Fg%2F11sn_7b3wp!19sChIJrwoPH3ozCpYRyj9WwWPML0Y?authuser=0&hl=en&rclk=1,2026-01-08T04:29:35.980580,4f9af8a20d6ddf7c
JK Burger Store - Hamburguesas Neuquén Capital,Hamburger restaurant,"4,4",289,"Juan Bautista Alberdi 53, Q8300 Neuquén, Argentina",-38.9530913,-68.0582151,Eloy Jadull,4.0,"Bueno ! La bebida debería estar incluida, el resto bien !",2025-07-12,Hace 6 meses,https://www.google.com/maps/place/JK+Burger+Store+-+Hamburguesas+Neuqu%C3%A9n+Capital/data=!4m7!3m6!1s0x960a337a1f0f0aaf:0x462fcc63c1563fca!8m2!3d-38.9530913!4d-68.0582151!16s%2Fg%2F11sn_7b3wp!19sChIJrwoPH3ozCpYRyj9WwWPML0Y?authuser=0&hl=en&rclk=1,2026-01-08T04:29:35.980580,6d70f067a2406e9e
JK Burger Store - Hamburguesas Neuquén Capital,Hamburger restaurant,"4,4",289,"Juan Bautista Alberdi 53, Q8300 Neuquén, Argentina",-38.9530913,-68.0582151,Felipe Najul,5.0,,2025-07-12,Hace 6 meses,https://www.google.com/maps/place/JK+Burger+Store+-+Hamburguesas+Neuqu%C3%A9n+Capital/data=!4m7!3m6!1s0x960a337a1f0f0aaf:0x462fcc63c1563fca!8m2!3d-38.9530913!4d-68.0582151!16s%2Fg%2F11sn_7b3wp!19sChIJrwoPH3ozCpYRyj9WwWPML0Y?authuser=0&hl=en&rclk=1,2026-01-08T04:29:35.980580,fd1feefca65fb457
JK Burger Store - Hamburguesas Neuquén Capital,Hamburger restaurant,"4,4",289,"Juan Bautista Alberdi 53, Q8300 Neuquén, Argentina",-38.9530913,-68.0582151,Fabián Dominguez,5.0,,2025-07-12,Hace 6 meses,https://www.google.com/maps/place/JK+Burger+Store+-+Hamburguesas+Neuqu%C3%A9n+Capital/data=!4m7!3m6!1s0x960a337a1f0f0aaf:0x462fcc63c1563fca!8m2!3d-38.9530913!4d-68.0582151!16s%2Fg%2F11sn_7b3wp!19sChIJrwoPH3ozCpYRyj9WwWPML0Y?authuser=0&hl=en&rclk=1,2026-01-08T04:29:35.980580,57a3467927ec3b24
JK Burger Store - Hamburguesas Neuquén Capital,Hamburger restaurant,"4,4",289,"Juan Bautista Alberdi 53, Q8300 Neuquén, Argentina",-38.9530913,-68.0582151,Andrea Fabiana,5.0,,2025-07-12,Hace 6 meses,https://www.google.com/maps/place/JK+Burger+Store+-+Hamburguesas+Neuqu%C3%A9n+Capital/data=!4m7!3m6!1s0x960a337a1f0f0aaf:0x462fcc63c1563fca!8m2!3d-38.9530913!4d-68.0582151!16s%2Fg%2F11sn_7b3wp!19sChIJrwoPH3ozCpYRyj9WwWPML0Y?authuser=0&hl=en&rclk=1,2026-01-08T04:29:35.980580,44ecce18a8b615b1
JK Burger Store - Hamburguesas Neuquén Capital,Hamburger restaurant,"4,4",289,"Juan Bautista Alberdi 53, Q8300 Neuquén, Argentina",-38.9530913,-68.0582151,Mateo Zalazar,4.0,"Muy buen lugar para comer con amigos y familia, con muy buenos precios",2025-07-12,Hace 6 meses,https://www.google.com/maps/place/JK+Burger+Store+-+Hamburguesas+Neuqu%C3%A9n+Capital/data=!4m7!3m6!1s0x960a337a1f0f0aaf:0x462fcc63c1563fca!8m2!3d-38.9530913!4d-68.0582151!16s%2Fg%2F11sn_7b3wp!19sChIJrwoPH3ozCpYRyj9WwWPML0Y?authuser=0&hl=en&rclk=1,2026-01-08T04:29:35.980580,713877ef28a123d6
JK Burger Store - Hamburguesas Neuquén Capital,Hamburger restaurant,"4,4",289,"Juan Bautista Alberdi 53, Q8300 Neuquén, Argentina",-38.9530913,-68.0582151,Gonzalo Moreno,5.0,,2025-07-12,Hace 6 meses,https://www.google.com/maps/place/JK+Burger+Store+-+Hamburguesas+Neuqu%C3%A9n+Capital/data=!4m7!3m6!1s0x960a337a1f0f0aaf:0x462fcc63c1563fca!8m2!3d-38.9530913!4d-68.0582151!16s%2Fg%2F11sn_7b3wp!19sChIJrwoPH3ozCpYRyj9WwWPML0Y?authuser=0&hl=en&rclk=1,2026-01-08T04:29:35.980580,bf6761500513e9fd
JK Burger Store - Hamburguesas Neuquén Capital,Hamburger restaurant,"4,4",289,"Juan Bautista Alberdi 53, Q8300 Neuquén, Argentina",-38.9530913,-68.0582151,blazzz,5.0,Buen servicio,2025-07-12,Hace 6 meses,https://www.google.com/maps/place/JK+Burger+Store+-+Hamburguesas+Neuqu%C3%A9n+Capital/data=!4m7!3m6!1s0x960a337a1f0f0aaf:0x462fcc63c1563fca!8m2!3d-38.9530913!4d-68.0582151!16s%2Fg%2F11sn_7b3wp!19sChIJrwoPH3ozCpYRyj9WwWPML0Y?authuser=0&hl=en&rclk=1,2026-01-08T04:29:35.980580,052fdab3202bd17a
JK Burger Store - Hamburguesas Neuquén Capital,Hamburger restaurant,"4,4",289,"Juan Bautista Alberdi 53, Q8300 Neuquén, Argentina",-38.9530913,-68.0582151,Andres Salas,5.0,Muy rico todo,2025-07-12,Hace 6 meses,https://www.google.com/maps/place/JK+Burger+Store+-+Hamburguesas+Neuqu%C3%A9n+Capital/data=!4m7!3m6!1s0x960a337a1f0f0aaf:0x462fcc63c1563fca!8m2!3d-38.9530913!4d-68.0582151!16s%2Fg%2F11sn_7b3wp!19sChIJrwoPH3ozCpYRyj9WwWPML0Y?authuser=0&hl=en&rclk=1,2026-01-08T04:29:35.980580,26230ee311b93445
JK Burger Store - Hamburguesas Neuquén Capital,Hamburger restaurant,"4,4",289,"Juan Bautista Alberdi 53, Q8300 Neuquén, Argentina",-38.9530913,-68.0582151,chiara zubiri murer,5.0,muy hermoso el lugar y rica la comida,2025-07-12,Hace 6 meses,https://www.google.com/maps/place/JK+Burger+Store+-+Hamburguesas+Neuqu%C3%A9n+Capital/data=!4m7!3m6!1s0x960a337a1f0f0aaf:0x462fcc63c1563fca!8m2!3d-38.9530913!4d-68.0582151!16s%2Fg%2F11sn_7b3wp!19sChIJrwoPH3ozCpYRyj9WwWPML0Y?authuser=0&hl=en&rclk=1,2026-01-08T04:29:35.980580,bd91af186c3718ea
JK Burger Store - Hamburguesas Neuquén Capital,Hamburger restaurant,"4,4",289,"Juan Bautista Alberdi 53, Q8300 Neuquén, Argentina",-38.9530913,-68.0582151,Maxi Padilla,5.0,"Fui al desembarco,  y me decepcionaron tanto que me fui a la fija,  a la que nunca falla , mas de 10 veces y nunca un problema, son de lo mejor",2025-07-12,Hace 6 meses,https://www.google.com/maps/place/JK+Burger+Store+-+Hamburguesas+Neuqu%C3%A9n+Capital/data=!4m7!3m6!1s0x960a337a1f0f0aaf:0x462fcc63c1563fca!8m2!3d-38.9530913!4d-68.0582151!16s%2Fg%2F11sn_7b3wp!19sChIJrwoPH3ozCpYRyj9WwWPML0Y?authuser=0&hl=en&rclk=1,2026-01-08T04:29:35.980580,8eb5e71bf34275af
JK Burger Store - Hamburguesas Neuquén Capital,Hamburger restaurant,"4,4",289,"Juan Bautista Alberdi 53, Q8300 Neuquén, Argentina",-38.9530913,-68.0582151,Facundo Quijon,5.0,"Riquísimas las hamburguesas, siempre venimos",2025-07-12,Hace 6 meses,https://www.google.com/maps/place/JK+Burger+Store+-+Hamburguesas+Neuqu%C3%A9n+Capital/data=!4m7!3m6!1s0x960a337a1f0f0aaf:0x462fcc63c1563fca!8m2!3d-38.9530913!4d-68.0582151!16s%2Fg%2F11sn_7b3wp!19sChIJrwoPH3ozCpYRyj9WwWPML0Y?authuser=0&hl=en&rclk=1,2026-01-08T04:29:35.980580,f74d93bda4d9a1c8
JK Burger Store - Hamburguesas Neuquén Capital,Hamburger restaurant,"4,4",289,"Juan Bautista Alberdi 53, Q8300 Neuquén, Argentina",-38.9530913,-68.0582151,KAMEL DAYOUB,5.0,,2025-07-12,Hace 6 meses,https://www.google.com/maps/place/JK+Burger+Store+-+Hamburguesas+Neuqu%C3%A9n+Capital/data=!4m7!3m6!1s0x960a337a1f0f0aaf:0x462fcc63c1563fca!8m2!3d-38.9530913!4d-68.0582151!16s%2Fg%2F11sn_7b3wp!19sChIJrwoPH3ozCpYRyj9WwWPML0Y?authuser=0&hl=en&rclk=1,2026-01-08T04:29:35.980580,d26052d1c6e74073
JK Burger Store - Hamburguesas Neuquén Capital,Hamburger restaurant,"4,4",289,"Juan Bautista Alberdi 53, Q8300 Neuquén, Argentina",-38.9530913,-68.0582151,KAMEL DAYOUB,5.0,,2025-07-12,Hace 6 meses,https://www.google.com/maps/place/JK+Burger+Store+-+Hamburguesas+Neuqu%C3%A9n+Capital/data=!4m7!3m6!1s0x960a337a1f0f0aaf:0x462fcc63c1563fca!8m2!3d-38.9530913!4d-68.0582151!16s%2Fg%2F11sn_7b3wp!19sChIJrwoPH3ozCpYRyj9WwWPML0Y?authuser=0&hl=en&rclk=1,2026-01-08T04:29:35.980580,d26052d1c6e74073
JK Burger Store - Hamburguesas Neuquén Capital,Hamburger restaurant,"4,4",289,"Juan Bautista Alberdi 53, Q8300 Neuquén, Argentina",-38.9530913,-68.0582151,Uma Antiñir Burgos,3.0,muy buena atención,2025-07-12,Hace 6 meses,https://www.google.com/maps/place/JK+Burger+Store+-+Hamburguesas+Neuqu%C3%A9n+Capital/data=!4m7!3m6!1s0x960a337a1f0f0aaf:0x462fcc63c1563fca!8m2!3d-38.9530913!4d-68.0582151!16s%2Fg%2F11sn_7b3wp!19sChIJrwoPH3ozCpYRyj9WwWPML0Y?authuser=0&hl=en&rclk=1,2026-01-08T04:29:35.980580,ecc3ea1b05a8923f
JK Burger Store - Hamburguesas Neuquén Capital,Hamburger restaurant,"4,4",289,"Juan Bautista Alberdi 53, Q8300 Neuquén, Argentina",-38.9530913,-68.0582151,Facundo Odello,5.0,"Muy ricas hambuerguesas, buena recepcion",2025-07-12,Hace 6 meses,https://www.google.com/maps/place/JK+Burger+Store+-+Hamburguesas+Neuqu%C3%A9n+Capital/data=!4m7!3m6!1s0x960a337a1f0f0aaf:0x462fcc63c1563fca!8m2!3d-38.9530913!4d-68.0582151!16s%2Fg%2F11sn_7b3wp!19sChIJrwoPH3ozCpYRyj9WwWPML0Y?authuser=0&hl=en&rclk=1,2026-01-08T04:29:35.980580,baede9699dca7d8d
JK Burger Store - Hamburguesas Neuquén Capital,Hamburger restaurant,"4,4",289,"Juan Bautista Alberdi 53, Q8300 Neuquén, Argentina",-38.9530913,-68.0582151,Lucas Wagner,5.0,Riquísimo,2025-07-12,Hace 6 meses,https://www.google.com/maps/place/JK+Burger+Store+-+Hamburguesas+Neuqu%C3%A9n+Capital/data=!4m7!3m6!1s0x960a337a1f0f0aaf:0x462fcc63c1563fca!8m2!3d-38.9530913!4d-68.0582151!16s%2Fg%2F11sn_7b3wp!19sChIJrwoPH3ozCpYRyj9WwWPML0Y?authuser=0&hl=en&rclk=1,2026-01-08T04:29:35.980580,7bea1f8cc9620aa7
JK Burger Store - Hamburguesas Neuquén Capital,Hamburger restaurant,"4,4",289,"Juan Bautista Alberdi 53, Q8300 Neuquén, Argentina",-38.9530913,-68.0582151,Evelyn Giselle Wagner Figueroa,5.0,Las mejores del valle!,2025-07-12,Hace 6 meses,https://www.google.com/maps/place/JK+Burger+Store+-+Hamburguesas+Neuqu%C3%A9n+Capital/data=!4m7!3m6!1s0x960a337a1f0f0aaf:0x462fcc63c1563fca!8m2!3d-38.9530913!4d-68.0582151!16s%2Fg%2F11sn_7b3wp!19sChIJrwoPH3ozCpYRyj9WwWPML0Y?authuser=0&hl=en&rclk=1,2026-01-08T04:29:35.980580,45dc9a75ff0f29da
JK Burger Store - Hamburguesas Neuquén Capital,Hamburger restaurant,"4,4",289,"Juan Bautista Alberdi 53, Q8300 Neuquén, Argentina",-38.9530913,-68.0582151,Franco Martin Silenzi,5.0,Riquísimo lugar,2025-07-12,Hace 6 meses,https://www.google.com/maps/place/JK+Burger+Store+-+Hamburguesas+Neuqu%C3%A9n+Capital/data=!4m7!3m6!1s0x960a337a1f0f0aaf:0x462fcc63c1563fca!8m2!3d-38.9530913!4d-68.0582151!16s%2Fg%2F11sn_7b3wp!19sChIJrwoPH3ozCpYRyj9WwWPML0Y?authuser=0&hl=en&rclk=1,2026-01-08T04:29:35.980580,33f96f5a40ee7286
JK Burger Store - Hamburguesas Neuquén Capital,Hamburger restaurant,"4,4",289,"Juan Bautista Alberdi 53, Q8300 Neuquén, Argentina",-38.9530913,-68.0582151,Franco Silenzi,5.0,Muy rico todo,2025-07-12,Hace 6 meses,https://www.google.com/maps/place/JK+Burger+Store+-+Hamburguesas+Neuqu%C3%A9n+Capital/data=!4m7!3m6!1s0x960a337a1f0f0aaf:0x462fcc63c1563fca!8m2!3d-38.9530913!4d-68.0582151!16s%2Fg%2F11sn_7b3wp!19sChIJrwoPH3ozCpYRyj9WwWPML0Y?authuser=0&hl=en&rclk=1,2026-01-08T04:29:35.980580,b8a6d337c433dd84
JK Burger Store - Hamburguesas Neuquén Capital,Hamburger restaurant,"4,4",289,"Juan Bautista Alberdi 53, Q8300 Neuquén, Argentina",-38.9530913,-68.0582151,Ignacio Yamil Tanuz,5.0,Las hamburguesas son muy buenas y podría decirse que las mejores de Nqn,2025-07-12,Hace 6 meses,https://www.google.com/maps/place/JK+Burger+Store+-+Hamburguesas+Neuqu%C3%A9n+Capital/data=!4m7!3m6!1s0x960a337a1f0f0aaf:0x462fcc63c1563fca!8m2!3d-38.9530913!4d-68.0582151!16s%2Fg%2F11sn_7b3wp!19sChIJrwoPH3ozCpYRyj9WwWPML0Y?authuser=0&hl=en&rclk=1,2026-01-08T04:29:35.980580,83d6b44e8afa4a9d
JK Burger Store - Hamburguesas Neuquén Capital,Hamburger restaurant,"4,4",289,"Juan Bautista Alberdi 53, Q8300 Neuquén, Argentina",-38.9530913,-68.0582151,Alejandro Gabriel Pozo,5.0,"No saque ninguna foto pero resumire mis más de 10 visitas
La atención excelente
Las chicas divinas
La comida 20/10
Los precios 20/10

Claramente volvería y lo seguiré haciendo porque siempre me siento bien atendido y como excelente  a un excelente precio",2025-07-12,Hace 6 meses,https://www.google.com/maps/place/JK+Burger+Store+-+Hamburguesas+Neuqu%C3%A9n+Capital/data=!4m7!3m6!1s0x960a337a1f0f0aaf:0x462fcc63c1563fca!8m2!3d-38.9530913!4d-68.0582151!16s%2Fg%2F11sn_7b3wp!19sChIJrwoPH3ozCpYRyj9WwWPML0Y?authuser=0&hl=en&rclk=1,2026-01-08T04:29:35.980580,ee7ddbcdd3066806
JK Burger Store - Hamburguesas Neuquén Capital,Hamburger restaurant,"4,4",289,"Juan Bautista Alberdi 53, Q8300 Neuquén, Argentina",-38.9530913,-68.0582151,Agustin Diaz,5.0,Excelente atencion y la comida espectacular,2025-07-12,Hace 6 meses,https://www.google.com/maps/place/JK+Burger+Store+-+Hamburguesas+Neuqu%C3%A9n+Capital/data=!4m7!3m6!1s0x960a337a1f0f0aaf:0x462fcc63c1563fca!8m2!3d-38.9530913!4d-68.0582151!16s%2Fg%2F11sn_7b3wp!19sChIJrwoPH3ozCpYRyj9WwWPML0Y?authuser=0&hl=en&rclk=1,2026-01-08T04:29:35.980580,0bec4244471eb508
JK Burger Store - Hamburguesas Neuquén Capital,Hamburger restaurant,"4,4",289,"Juan Bautista Alberdi 53, Q8300 Neuquén, Argentina",-38.9530913,-68.0582151,Santiago San Martin,5.0,,2025-07-12,Hace 6 meses,https://www.google.com/maps/place/JK+Burger+Store+-+Hamburguesas+Neuqu%C3%A9n+Capital/data=!4m7!3m6!1s0x960a337a1f0f0aaf:0x462fcc63c1563fca!8m2!3d-38.9530913!4d-68.0582151!16s%2Fg%2F11sn_7b3wp!19sChIJrwoPH3ozCpYRyj9WwWPML0Y?authuser=0&hl=en&rclk=1,2026-01-08T04:29:35.980580,0896fae14be73348
JK Burger Store - Hamburguesas Neuquén Capital,Hamburger restaurant,"4,4",289,"Juan Bautista Alberdi 53, Q8300 Neuquén, Argentina",-38.9530913,-68.0582151,Jose Quiroga,5.0,"muy simpaticas y atentas las chicas d atención al público, la burger un 10 de 10 re cumplidoras, mi lugar favorito de mis domingos... ❤️",2025-07-12,Hace 6 meses,https://www.google.com/maps/place/JK+Burger+Store+-+Hamburguesas+Neuqu%C3%A9n+Capital/data=!4m7!3m6!1s0x960a337a1f0f0aaf:0x462fcc63c1563fca!8m2!3d-38.9530913!4d-68.0582151!16s%2Fg%2F11sn_7b3wp!19sChIJrwoPH3ozCpYRyj9WwWPML0Y?authuser=0&hl=en&rclk=1,2026-01-08T04:29:35.980580,4c2d0842d766a448
JK Burger Store - Hamburguesas Neuquén Capital,Hamburger restaurant,"4,4",289,"Juan Bautista Alberdi 53, Q8300 Neuquén, Argentina",-38.9530913,-68.0582151,Lucía Muñoz,5.0,Riquísimo todo y Yuliana la mejor atención,2025-07-12,Hace 6 meses,https://www.google.com/maps/place/JK+Burger+Store+-+Hamburguesas+Neuqu%C3%A9n+Capital/data=!4m7!3m6!1s0x960a337a1f0f0aaf:0x462fcc63c1563fca!8m2!3d-38.9530913!4d-68.0582151!16s%2Fg%2F11sn_7b3wp!19sChIJrwoPH3ozCpYRyj9WwWPML0Y?authuser=0&hl=en&rclk=1,2026-01-08T04:29:35.980580,6942601dbd4a4a39
JK Burger Store - Hamburguesas Neuquén Capital,Hamburger restaurant,"4,4",289,"Juan Bautista Alberdi 53, Q8300 Neuquén, Argentina",-38.9530913,-68.0582151,Luz Diaz,5.0,Suerte simpática y paciente la chica que toma el pedido 🤗,2025-07-12,Hace 6 meses,https://www.google.com/maps/place/JK+Burger+Store+-+Hamburguesas+Neuqu%C3%A9n+Capital/data=!4m7!3m6!1s0x960a337a1f0f0aaf:0x462fcc63c1563fca!8m2!3d-38.9530913!4d-68.0582151!16s%2Fg%2F11sn_7b3wp!19sChIJrwoPH3ozCpYRyj9WwWPML0Y?authuser=0&hl=en&rclk=1,2026-01-08T04:29:35.980580,94df41e9c6e022ae
JK Burger Store - Hamburguesas Neuquén Capital,Hamburger restaurant,"4,4",289,"Juan Bautista Alberdi 53, Q8300 Neuquén, Argentina",-38.9530913,-68.0582151,Karina Gallegos,5.0,Excelente atención. Hermoso local❤️❤️❤️enamorada,2025-07-12,Hace 6 meses,https://www.google.com/maps/place/JK+Burger+Store+-+Hamburguesas+Neuqu%C3%A9n+Capital/data=!4m7!3m6!1s0x960a337a1f0f0aaf:0x462fcc63c1563fca!8m2!3d-38.9530913!4d-68.0582151!16s%2Fg%2F11sn_7b3wp!19sChIJrwoPH3ozCpYRyj9WwWPML0Y?authuser=0&hl=en&rclk=1,2026-01-08T04:29:35.980580,d320da91bed5f9ed
JK Burger Store - Hamburguesas Neuquén Capital,Hamburger restaurant,"4,4",289,"Juan Bautista Alberdi 53, Q8300 Neuquén, Argentina",-38.9530913,-68.0582151,Rocío Pacini,5.0,"Hermosa atención de la chica de la caja!! 🥰
Y muy rico también!…",2025-07-12,Hace 6 meses,https://www.google.com/maps/place/JK+Burger+Store+-+Hamburguesas+Neuqu%C3%A9n+Capital/data=!4m7!3m6!1s0x960a337a1f0f0aaf:0x462fcc63c1563fca!8m2!3d-38.9530913!4d-68.0582151!16s%2Fg%2F11sn_7b3wp!19sChIJrwoPH3ozCpYRyj9WwWPML0Y?authuser=0&hl=en&rclk=1,2026-01-08T04:29:35.980580,a04755aa3f723225
JK Burger Store - Hamburguesas Neuquén Capital,Hamburger restaurant,"4,4",289,"Juan Bautista Alberdi 53, Q8300 Neuquén, Argentina",-38.9530913,-68.0582151,Matias B,5.0,,2025-07-12,Hace 6 meses,https://www.google.com/maps/place/JK+Burger+Store+-+Hamburguesas+Neuqu%C3%A9n+Capital/data=!4m7!3m6!1s0x960a337a1f0f0aaf:0x462fcc63c1563fca!8m2!3d-38.9530913!4d-68.0582151!16s%2Fg%2F11sn_7b3wp!19sChIJrwoPH3ozCpYRyj9WwWPML0Y?authuser=0&hl=en&rclk=1,2026-01-08T04:29:35.980580,31e3186a639fad24
JK Burger Store - Hamburguesas Neuquén Capital,Hamburger restaurant,"4,4",289,"Juan Bautista Alberdi 53, Q8300 Neuquén, Argentina",-38.9530913,-68.0582151,Veronica Bedis,5.0,Excelente atención de las chicas!!,2025-07-12,Hace 6 meses,https://www.google.com/maps/place/JK+Burger+Store+-+Hamburguesas+Neuqu%C3%A9n+Capital/data=!4m7!3m6!1s0x960a337a1f0f0aaf:0x462fcc63c1563fca!8m2!3d-38.9530913!4d-68.0582151!16s%2Fg%2F11sn_7b3wp!19sChIJrwoPH3ozCpYRyj9WwWPML0Y?authuser=0&hl=en&rclk=1,2026-01-08T04:29:35.980580,594d841bf9c901db
JK Burger Store - Hamburguesas Neuquén Capital,Hamburger restaurant,"4,4",289,"Juan Bautista Alberdi 53, Q8300 Neuquén, Argentina",-38.9530913,-68.0582151,Mateo Acosta,5.0,,2025-07-12,Hace 6 meses,https://www.google.com/maps/place/JK+Burger+Store+-+Hamburguesas+Neuqu%C3%A9n+Capital/data=!4m7!3m6!1s0x960a337a1f0f0aaf:0x462fcc63c1563fca!8m2!3d-38.9530913!4d-68.0582151!16s%2Fg%2F11sn_7b3wp!19sChIJrwoPH3ozCpYRyj9WwWPML0Y?authuser=0&hl=en&rclk=1,2026-01-08T04:29:35.980580,05506c3dbe4550c7
JK Burger Store - Hamburguesas Neuquén Capital,Hamburger restaurant,"4,4",289,"Juan Bautista Alberdi 53, Q8300 Neuquén, Argentina",-38.9530913,-68.0582151,Taiel Tomasetti,5.0,Muy lindo y cómodo para cenar,2025-07-12,Hace 6 meses,https://www.google.com/maps/place/JK+Burger+Store+-+Hamburguesas+Neuqu%C3%A9n+Capital/data=!4m7!3m6!1s0x960a337a1f0f0aaf:0x462fcc63c1563fca!8m2!3d-38.9530913!4d-68.0582151!16s%2Fg%2F11sn_7b3wp!19sChIJrwoPH3ozCpYRyj9WwWPML0Y?authuser=0&hl=en&rclk=1,2026-01-08T04:29:35.980580,764f4c2bb094f279
JK Burger Store - Hamburguesas Neuquén Capital,Hamburger restaurant,"4,4",289,"Juan Bautista Alberdi 53, Q8300 Neuquén, Argentina",-38.9530913,-68.0582151,Guadalupe Lucero Arienti,5.0,,2025-07-12,Hace 6 meses,https://www.google.com/maps/place/JK+Burger+Store+-+Hamburguesas+Neuqu%C3%A9n+Capital/data=!4m7!3m6!1s0x960a337a1f0f0aaf:0x462fcc63c1563fca!8m2!3d-38.9530913!4d-68.0582151!16s%2Fg%2F11sn_7b3wp!19sChIJrwoPH3ozCpYRyj9WwWPML0Y?authuser=0&hl=en&rclk=1,2026-01-08T04:29:35.980580,4cfba17059618100
JK Burger Store - Hamburguesas Neuquén Capital,Hamburger restaurant,"4,4",289,"Juan Bautista Alberdi 53, Q8300 Neuquén, Argentina",-38.9530913,-68.0582151,Juanma Rider,5.0,Excelente ambiente y mejores las hamburguesas!! Atención muy buena también 10 puntos,2025-07-12,Hace 6 meses,https://www.google.com/maps/place/JK+Burger+Store+-+Hamburguesas+Neuqu%C3%A9n+Capital/data=!4m7!3m6!1s0x960a337a1f0f0aaf:0x462fcc63c1563fca!8m2!3d-38.9530913!4d-68.0582151!16s%2Fg%2F11sn_7b3wp!19sChIJrwoPH3ozCpYRyj9WwWPML0Y?authuser=0&hl=en&rclk=1,2026-01-08T04:29:35.980580,c2f296d123cfff97
JK Burger Store - Hamburguesas Neuquén Capital,Hamburger restaurant,"4,4",289,"Juan Bautista Alberdi 53, Q8300 Neuquén, Argentina",-38.9530913,-68.0582151,shaiel nieves,5.0,,2025-07-12,Hace 6 meses,https://www.google.com/maps/place/JK+Burger+Store+-+Hamburguesas+Neuqu%C3%A9n+Capital/data=!4m7!3m6!1s0x960a337a1f0f0aaf:0x462fcc63c1563fca!8m2!3d-38.9530913!4d-68.0582151!16s%2Fg%2F11sn_7b3wp!19sChIJrwoPH3ozCpYRyj9WwWPML0Y?authuser=0&hl=en&rclk=1,2026-01-08T04:29:35.980580,6aec29d7b1e921d4
JK Burger Store - Hamburguesas Neuquén Capital,Hamburger restaurant,"4,4",289,"Juan Bautista Alberdi 53, Q8300 Neuquén, Argentina",-38.9530913,-68.0582151,Horacio Russo,5.0,Muy buena atención,2025-07-12,Hace 6 meses,https://www.google.com/maps/place/JK+Burger+Store+-+Hamburguesas+Neuqu%C3%A9n+Capital/data=!4m7!3m6!1s0x960a337a1f0f0aaf:0x462fcc63c1563fca!8m2!3d-38.9530913!4d-68.0582151!16s%2Fg%2F11sn_7b3wp!19sChIJrwoPH3ozCpYRyj9WwWPML0Y?authuser=0&hl=en&rclk=1,2026-01-08T04:29:35.980580,c514b3106fedde80
JK Burger Store - Hamburguesas Neuquén Capital,Hamburger restaurant,"4,4",289,"Juan Bautista Alberdi 53, Q8300 Neuquén, Argentina",-38.9530913,-68.0582151,Sergio Gomez,5.0,"Inmejorable atención!!!!!!!!
Un placer venir a JK Siempre te reciben con una sonrisa!!!!",2025-07-12,Hace 6 meses,https://www.google.com/maps/place/JK+Burger+Store+-+Hamburguesas+Neuqu%C3%A9n+Capital/data=!4m7!3m6!1s0x960a337a1f0f0aaf:0x462fcc63c1563fca!8m2!3d-38.9530913!4d-68.0582151!16s%2Fg%2F11sn_7b3wp!19sChIJrwoPH3ozCpYRyj9WwWPML0Y?authuser=0&hl=en&rclk=1,2026-01-08T04:29:35.980580,ee7241b20f773ed3
JK Burger Store - Hamburguesas Neuquén Capital,Hamburger restaurant,"4,4",289,"Juan Bautista Alberdi 53, Q8300 Neuquén, Argentina",-38.9530913,-68.0582151,Franco. Leal,5.0,Muy buen local y comida,2025-07-12,Hace 6 meses,https://www.google.com/maps/place/JK+Burger+Store+-+Hamburguesas+Neuqu%C3%A9n+Capital/data=!4m7!3m6!1s0x960a337a1f0f0aaf:0x462fcc63c1563fca!8m2!3d-38.9530913!4d-68.0582151!16s%2Fg%2F11sn_7b3wp!19sChIJrwoPH3ozCpYRyj9WwWPML0Y?authuser=0&hl=en&rclk=1,2026-01-08T04:29:35.980580,8dafb0bf0be15c9c
JK Burger Store - Hamburguesas Neuquén Capital,Hamburger restaurant,"4,4",289,"Juan Bautista Alberdi 53, Q8300 Neuquén, Argentina",-38.9530913,-68.0582151,Pablo Giuliani,5.0,,2025-07-12,Hace 6 meses,https://www.google.com/maps/place/JK+Burger+Store+-+Hamburguesas+Neuqu%C3%A9n+Capital/data=!4m7!3m6!1s0x960a337a1f0f0aaf:0x462fcc63c1563fca!8m2!3d-38.9530913!4d-68.0582151!16s%2Fg%2F11sn_7b3wp!19sChIJrwoPH3ozCpYRyj9WwWPML0Y?authuser=0&hl=en&rclk=1,2026-01-08T04:29:35.980580,d02fe54a64dfe9f0
JK Burger Store - Hamburguesas Neuquén Capital,Hamburger restaurant,"4,4",289,"Juan Bautista Alberdi 53, Q8300 Neuquén, Argentina",-38.9530913,-68.0582151,Gustavo Ruben Lucero Soria,5.0,La mejor hamburguesa de Neuquen. Caseras y saborsas. Muy recomendables,2025-07-12,Hace 6 meses,https://www.google.com/maps/place/JK+Burger+Store+-+Hamburguesas+Neuqu%C3%A9n+Capital/data=!4m7!3m6!1s0x960a337a1f0f0aaf:0x462fcc63c1563fca!8m2!3d-38.9530913!4d-68.0582151!16s%2Fg%2F11sn_7b3wp!19sChIJrwoPH3ozCpYRyj9WwWPML0Y?authuser=0&hl=en&rclk=1,2026-01-08T04:29:35.980580,adacaf0a211c7b9b
JK Burger Store - Hamburguesas Neuquén Capital,Hamburger restaurant,"4,4",289,"Juan Bautista Alberdi 53, Q8300 Neuquén, Argentina",-38.9530913,-68.0582151,Gabriela Piutrin,5.0,Execelente experiencia! Muy ricas y abundantes las hamburguesas. A mí hijo le encantan 😍,2025-07-12,Hace 6 meses,https://www.google.com/maps/place/JK+Burger+Store+-+Hamburguesas+Neuqu%C3%A9n+Capital/data=!4m7!3m6!1s0x960a337a1f0f0aaf:0x462fcc63c1563fca!8m2!3d-38.9530913!4d-68.0582151!16s%2Fg%2F11sn_7b3wp!19sChIJrwoPH3ozCpYRyj9WwWPML0Y?authuser=0&hl=en&rclk=1,2026-01-08T04:29:35.980580,25c3b38b3ff109c2
JK Burger Store - Hamburguesas Neuquén Capital,Hamburger restaurant,"4,4",289,"Juan Bautista Alberdi 53, Q8300 Neuquén, Argentina",-38.9530913,-68.0582151,Aldana Belén Cifuentes,5.0,Excelente atención y riquísimas las hamburguesas😁😋,2025-07-12,Hace 6 meses,https://www.google.com/maps/place/JK+Burger+Store+-+Hamburguesas+Neuqu%C3%A9n+Capital/data=!4m7!3m6!1s0x960a337a1f0f0aaf:0x462fcc63c1563fca!8m2!3d-38.9530913!4d-68.0582151!16s%2Fg%2F11sn_7b3wp!19sChIJrwoPH3ozCpYRyj9WwWPML0Y?authuser=0&hl=en&rclk=1,2026-01-08T04:29:35.980580,80b98a36c35563bf
JK Burger Store - Hamburguesas Neuquén Capital,Hamburger restaurant,"4,4",289,"Juan Bautista Alberdi 53, Q8300 Neuquén, Argentina",-38.9530913,-68.0582151,Jazmín Andres,5.0,Son muy ricas y llenadoras! Mi favorita es la de provo 😋,2025-07-12,Hace 6 meses,https://www.google.com/maps/place/JK+Burger+Store+-+Hamburguesas+Neuqu%C3%A9n+Capital/data=!4m7!3m6!1s0x960a337a1f0f0aaf:0x462fcc63c1563fca!8m2!3d-38.9530913!4d-68.0582151!16s%2Fg%2F11sn_7b3wp!19sChIJrwoPH3ozCpYRyj9WwWPML0Y?authuser=0&hl=en&rclk=1,2026-01-08T04:29:35.980580,0791f1d973132128
JK Burger Store - Hamburguesas Neuquén Capital,Hamburger restaurant,"4,4",289,"Juan Bautista Alberdi 53, Q8300 Neuquén, Argentina",-38.9530913,-68.0582151,Sebastian Caserta,5.0,Atención y comida perfecta,2025-07-12,Hace 6 meses,https://www.google.com/maps/place/JK+Burger+Store+-+Hamburguesas+Neuqu%C3%A9n+Capital/data=!4m7!3m6!1s0x960a337a1f0f0aaf:0x462fcc63c1563fca!8m2!3d-38.9530913!4d-68.0582151!16s%2Fg%2F11sn_7b3wp!19sChIJrwoPH3ozCpYRyj9WwWPML0Y?authuser=0&hl=en&rclk=1,2026-01-08T04:29:35.980580,024b64e146d4cd77
JK Burger Store - Hamburguesas Neuquén Capital,Hamburger restaurant,"4,4",289,"Juan Bautista Alberdi 53, Q8300 Neuquén, Argentina",-38.9530913,-68.0582151,Lautaro Muñoz,5.0,"Muy ricas hamburguesas, precios accesibles  y hay tragos  :D.   Y muchas promociones piolas",2025-07-12,Hace 6 meses,https://www.google.com/maps/place/JK+Burger+Store+-+Hamburguesas+Neuqu%C3%A9n+Capital/data=!4m7!3m6!1s0x960a337a1f0f0aaf:0x462fcc63c1563fca!8m2!3d-38.9530913!4d-68.0582151!16s%2Fg%2F11sn_7b3wp!19sChIJrwoPH3ozCpYRyj9WwWPML0Y?authuser=0&hl=en&rclk=1,2026-01-08T04:29:35.980580,3cb4645965fbde85
JK Burger Store - Hamburguesas Neuquén Capital,Hamburger restaurant,"4,4",289,"Juan Bautista Alberdi 53, Q8300 Neuquén, Argentina",-38.9530913,-68.0582151,Lautaro Toro,5.0,Ricardas,2025-07-12,Hace 6 meses,https://www.google.com/maps/place/JK+Burger+Store+-+Hamburguesas+Neuqu%C3%A9n+Capital/data=!4m7!3m6!1s0x960a337a1f0f0aaf:0x462fcc63c1563fca!8m2!3d-38.9530913!4d-68.0582151!16s%2Fg%2F11sn_7b3wp!19sChIJrwoPH3ozCpYRyj9WwWPML0Y?authuser=0&hl=en&rclk=1,2026-01-08T04:29:35.980580,e3091dd43a18158d
JK Burger Store - Hamburguesas Neuquén Capital,Hamburger restaurant,"4,4",289,"Juan Bautista Alberdi 53, Q8300 Neuquén, Argentina",-38.9530913,-68.0582151,Constanza Vasquez,5.0,Buena atencion,2025-07-12,Hace 6 meses,https://www.google.com/maps/place/JK+Burger+Store+-+Hamburguesas+Neuqu%C3%A9n+Capital/data=!4m7!3m6!1s0x960a337a1f0f0aaf:0x462fcc63c1563fca!8m2!3d-38.9530913!4d-68.0582151!16s%2Fg%2F11sn_7b3wp!19sChIJrwoPH3ozCpYRyj9WwWPML0Y?authuser=0&hl=en&rclk=1,2026-01-08T04:29:35.980580,b41f1e0df8bc09ee
JK Burger Store - Hamburguesas Neuquén Capital,Hamburger restaurant,"4,4",289,"Juan Bautista Alberdi 53, Q8300 Neuquén, Argentina",-38.9530913,-68.0582151,Laila Janet Romero litoux,5.0,"Hermoso lugar, buen ambiente y las Hamburguesas EXQUISITAS 10/10 🤩…",2025-07-12,Hace 6 meses,https://www.google.com/maps/place/JK+Burger+Store+-+Hamburguesas+Neuqu%C3%A9n+Capital/data=!4m7!3m6!1s0x960a337a1f0f0aaf:0x462fcc63c1563fca!8m2!3d-38.9530913!4d-68.0582151!16s%2Fg%2F11sn_7b3wp!19sChIJrwoPH3ozCpYRyj9WwWPML0Y?authuser=0&hl=en&rclk=1,2026-01-08T04:29:35.980580,d7836bb11612e330
JK Burger Store - Hamburguesas Neuquén Capital,Hamburger restaurant,"4,4",289,"Juan Bautista Alberdi 53, Q8300 Neuquén, Argentina",-38.9530913,-68.0582151,Angelica De Nava,5.0,Excelente comida excelente servicio,2025-07-12,Hace 6 meses,https://www.google.com/maps/place/JK+Burger+Store+-+Hamburguesas+Neuqu%C3%A9n+Capital/data=!4m7!3m6!1s0x960a337a1f0f0aaf:0x462fcc63c1563fca!8m2!3d-38.9530913!4d-68.0582151!16s%2Fg%2F11sn_7b3wp!19sChIJrwoPH3ozCpYRyj9WwWPML0Y?authuser=0&hl=en&rclk=1,2026-01-08T04:29:35.980580,16c04ac9bbe66574
JK Burger Store - Hamburguesas Neuquén Capital,Hamburger restaurant,"4,4",289,"Juan Bautista Alberdi 53, Q8300 Neuquén, Argentina",-38.9530913,-68.0582151,Yuli Rivas,5.0,,2025-07-12,Hace 6 meses,https://www.google.com/maps/place/JK+Burger+Store+-+Hamburguesas+Neuqu%C3%A9n+Capital/data=!4m7!3m6!1s0x960a337a1f0f0aaf:0x462fcc63c1563fca!8m2!3d-38.9530913!4d-68.0582151!16s%2Fg%2F11sn_7b3wp!19sChIJrwoPH3ozCpYRyj9WwWPML0Y?authuser=0&hl=en&rclk=1,2026-01-08T04:29:35.980580,0e456a893a969bb7
JK Burger Store - Hamburguesas Neuquén Capital,Hamburger restaurant,"4,4",289,"Juan Bautista Alberdi 53, Q8300 Neuquén, Argentina",-38.9530913,-68.0582151,Agostina Preboste,5.0,,2025-07-12,Hace 6 meses,https://www.google.com/maps/place/JK+Burger+Store+-+Hamburguesas+Neuqu%C3%A9n+Capital/data=!4m7!3m6!1s0x960a337a1f0f0aaf:0x462fcc63c1563fca!8m2!3d-38.9530913!4d-68.0582151!16s%2Fg%2F11sn_7b3wp!19sChIJrwoPH3ozCpYRyj9WwWPML0Y?authuser=0&hl=en&rclk=1,2026-01-08T04:29:35.980580,8dc9079013a1edbf
JK Burger Store - Hamburguesas Neuquén Capital,Hamburger restaurant,"4,4",289,"Juan Bautista Alberdi 53, Q8300 Neuquén, Argentina",-38.9530913,-68.0582151,Niobe Reyna,5.0,"Muy ricas las hamburguesas, deliciosas",2025-07-12,Hace 6 meses,https://www.google.com/maps/place/JK+Burger+Store+-+Hamburguesas+Neuqu%C3%A9n+Capital/data=!4m7!3m6!1s0x960a337a1f0f0aaf:0x462fcc63c1563fca!8m2!3d-38.9530913!4d-68.0582151!16s%2Fg%2F11sn_7b3wp!19sChIJrwoPH3ozCpYRyj9WwWPML0Y?authuser=0&hl=en&rclk=1,2026-01-08T04:29:35.980580,ec8d990a67831d6f
JK Burger Store - Hamburguesas Neuquén Capital,Hamburger restaurant,"4,4",289,"Juan Bautista Alberdi 53, Q8300 Neuquén, Argentina",-38.9530913,-68.0582151,pilar,4.0,"la comida estaba muy buena, las papas tremendas, incluso nos dieron papas gratis pero fue raro que nos enfocaran con dos cámaras sin preguntar al hacerlo. No hay drama pero la proxima mejor preguntar antes!",2025-06-12,Hace 7 meses,https://www.google.com/maps/place/JK+Burger+Store+-+Hamburguesas+Neuqu%C3%A9n+Capital/data=!4m7!3m6!1s0x960a337a1f0f0aaf:0x462fcc63c1563fca!8m2!3d-38.9530913!4d-68.0582151!16s%2Fg%2F11sn_7b3wp!19sChIJrwoPH3ozCpYRyj9WwWPML0Y?authuser=0&hl=en&rclk=1,2026-01-08T04:29:35.980580,6050f244724e1b07
JK Burger Store - Hamburguesas Neuquén Capital,Hamburger restaurant,"4,4",289,"Juan Bautista Alberdi 53, Q8300 Neuquén, Argentina",-38.9530913,-68.0582151,sofa,4.0,,2025-06-12,Hace 7 meses,https://www.google.com/maps/place/JK+Burger+Store+-+Hamburguesas+Neuqu%C3%A9n+Capital/data=!4m7!3m6!1s0x960a337a1f0f0aaf:0x462fcc63c1563fca!8m2!3d-38.9530913!4d-68.0582151!16s%2Fg%2F11sn_7b3wp!19sChIJrwoPH3ozCpYRyj9WwWPML0Y?authuser=0&hl=en&rclk=1,2026-01-08T04:29:35.980580,e7020a9adbea24b1
JK Burger Store - Hamburguesas Neuquén Capital,Hamburger restaurant,"4,4",289,"Juan Bautista Alberdi 53, Q8300 Neuquén, Argentina",-38.9530913,-68.0582151,Gabriela,4.0,,2025-06-12,Hace 7 meses,https://www.google.com/maps/place/JK+Burger+Store+-+Hamburguesas+Neuqu%C3%A9n+Capital/data=!4m7!3m6!1s0x960a337a1f0f0aaf:0x462fcc63c1563fca!8m2!3d-38.9530913!4d-68.0582151!16s%2Fg%2F11sn_7b3wp!19sChIJrwoPH3ozCpYRyj9WwWPML0Y?authuser=0&hl=en&rclk=1,2026-01-08T04:29:35.980580,f7e47f298b065ff6
JK Burger Store - Hamburguesas Neuquén Capital,Hamburger restaurant,"4,4",289,"Juan Bautista Alberdi 53, Q8300 Neuquén, Argentina",-38.9530913,-68.0582151,Matias Lizazzu,5.0,"Muy ricas hamburguesas, de las mejores de neuquen. Te atienden y te lo entregan rapido. Buena variedad de opciones y de tamaño. Precios mas que accesibles. Me hice fan de este lugar",2025-06-12,Hace 7 meses,https://www.google.com/maps/place/JK+Burger+Store+-+Hamburguesas+Neuqu%C3%A9n+Capital/data=!4m7!3m6!1s0x960a337a1f0f0aaf:0x462fcc63c1563fca!8m2!3d-38.9530913!4d-68.0582151!16s%2Fg%2F11sn_7b3wp!19sChIJrwoPH3ozCpYRyj9WwWPML0Y?authuser=0&hl=en&rclk=1,2026-01-08T04:29:35.980580,e85f9eb4a21db69f
JK Burger Store - Hamburguesas Neuquén Capital,Hamburger restaurant,"4,4",289,"Juan Bautista Alberdi 53, Q8300 Neuquén, Argentina",-38.9530913,-68.0582151,Dayana Bravo,1.0,"comida 7/10
servicio 4/10 me atendieron re mal y con mala onda
ambiente 8/10",2025-06-12,Hace 7 meses,https://www.google.com/maps/place/JK+Burger+Store+-+Hamburguesas+Neuqu%C3%A9n+Capital/data=!4m7!3m6!1s0x960a337a1f0f0aaf:0x462fcc63c1563fca!8m2!3d-38.9530913!4d-68.0582151!16s%2Fg%2F11sn_7b3wp!19sChIJrwoPH3ozCpYRyj9WwWPML0Y?authuser=0&hl=en&rclk=1,2026-01-08T04:29:35.980580,2777fc255857a0df
JK Burger Store - Hamburguesas Neuquén Capital,Hamburger restaurant,"4,4",289,"Juan Bautista Alberdi 53, Q8300 Neuquén, Argentina",-38.9530913,-68.0582151,Giuli Denk,5.0,,2025-05-13,Hace 8 meses,https://www.google.com/maps/place/JK+Burger+Store+-+Hamburguesas+Neuqu%C3%A9n+Capital/data=!4m7!3m6!1s0x960a337a1f0f0aaf:0x462fcc63c1563fca!8m2!3d-38.9530913!4d-68.0582151!16s%2Fg%2F11sn_7b3wp!19sChIJrwoPH3ozCpYRyj9WwWPML0Y?authuser=0&hl=en&rclk=1,2026-01-08T04:29:35.980580,168c8854cf6801bc
JK Burger Store - Hamburguesas Neuquén Capital,Hamburger restaurant,"4,4",289,"Juan Bautista Alberdi 53, Q8300 Neuquén, Argentina",-38.9530913,-68.0582151,Mika Gallegos,3.0,"Lindo ambiente, la comida un 7/10",2025-05-13,Hace 8 meses,https://www.google.com/maps/place/JK+Burger+Store+-+Hamburguesas+Neuqu%C3%A9n+Capital/data=!4m7!3m6!1s0x960a337a1f0f0aaf:0x462fcc63c1563fca!8m2!3d-38.9530913!4d-68.0582151!16s%2Fg%2F11sn_7b3wp!19sChIJrwoPH3ozCpYRyj9WwWPML0Y?authuser=0&hl=en&rclk=1,2026-01-08T04:29:35.980580,555a541d16181696
JK Burger Store - Hamburguesas Neuquén Capital,Hamburger restaurant,"4,4",289,"Juan Bautista Alberdi 53, Q8300 Neuquén, Argentina",-38.9530913,-68.0582151,Carlos Stupczuk,5.0,,2025-05-13,Hace 8 meses,https://www.google.com/maps/place/JK+Burger+Store+-+Hamburguesas+Neuqu%C3%A9n+Capital/data=!4m7!3m6!1s0x960a337a1f0f0aaf:0x462fcc63c1563fca!8m2!3d-38.9530913!4d-68.0582151!16s%2Fg%2F11sn_7b3wp!19sChIJrwoPH3ozCpYRyj9WwWPML0Y?authuser=0&hl=en&rclk=1,2026-01-08T04:29:35.980580,b8f92966ad3a10e8
JK Burger Store - Hamburguesas Neuquén Capital,Hamburger restaurant,"4,4",289,"Juan Bautista Alberdi 53, Q8300 Neuquén, Argentina",-38.9530913,-68.0582151,Nehuen Szechenyi,5.0,"Excelente lugar, las hamburguesas un lujo, muy buena música. Los precios y los descuentos también muy buenos
Recomendado",2025-05-13,Hace 8 meses,https://www.google.com/maps/place/JK+Burger+Store+-+Hamburguesas+Neuqu%C3%A9n+Capital/data=!4m7!3m6!1s0x960a337a1f0f0aaf:0x462fcc63c1563fca!8m2!3d-38.9530913!4d-68.0582151!16s%2Fg%2F11sn_7b3wp!19sChIJrwoPH3ozCpYRyj9WwWPML0Y?authuser=0&hl=en&rclk=1,2026-01-08T04:29:35.980580,1450f9df77a9afa9
JK Burger Store - Hamburguesas Neuquén Capital,Hamburger restaurant,"4,4",289,"Juan Bautista Alberdi 53, Q8300 Neuquén, Argentina",-38.9530913,-68.0582151,Ignacio Cuneo,3.0,"Nada es malo pero nada destaca, es un 6 sobre 10.
Las papas abundantes pero procesadas y con aceite reciclado
La burga zafa pero no supera la mitad de tabla
Ambiente muy teenager",2025-04-13,Hace 9 meses,https://www.google.com/maps/place/JK+Burger+Store+-+Hamburguesas+Neuqu%C3%A9n+Capital/data=!4m7!3m6!1s0x960a337a1f0f0aaf:0x462fcc63c1563fca!8m2!3d-38.9530913!4d-68.0582151!16s%2Fg%2F11sn_7b3wp!19sChIJrwoPH3ozCpYRyj9WwWPML0Y?authuser=0&hl=en&rclk=1,2026-01-08T04:29:35.980580,38b2d56635b9ccd4
JK Burger Store - Hamburguesas Neuquén Capital,Hamburger restaurant,"4,4",289,"Juan Bautista Alberdi 53, Q8300 Neuquén, Argentina",-38.9530913,-68.0582151,Alejandra Romano,3.0,"Me pedí la hamburguesa que viene con provoleta. Tenía demasiada mayonesa lo que hizo que se enfriara más rápido. Las papas flojas... abundantes pero flojas. Tenían gusto a aceite viejo y eso que fui temprano. La hamburguesa no es mala, pero tampoco es algo que destaque. Muy buena atención.",2025-04-13,Hace 9 meses,https://www.google.com/maps/place/JK+Burger+Store+-+Hamburguesas+Neuqu%C3%A9n+Capital/data=!4m7!3m6!1s0x960a337a1f0f0aaf:0x462fcc63c1563fca!8m2!3d-38.9530913!4d-68.0582151!16s%2Fg%2F11sn_7b3wp!19sChIJrwoPH3ozCpYRyj9WwWPML0Y?authuser=0&hl=en&rclk=1,2026-01-08T04:29:35.980580,b622ea8f21c00e15
JK Burger Store - Hamburguesas Neuquén Capital,Hamburger restaurant,"4,4",289,"Juan Bautista Alberdi 53, Q8300 Neuquén, Argentina",-38.9530913,-68.0582151,Joaquin Gonzalez,5.0,,2025-04-13,Hace 9 meses,https://www.google.com/maps/place/JK+Burger+Store+-+Hamburguesas+Neuqu%C3%A9n+Capital/data=!4m7!3m6!1s0x960a337a1f0f0aaf:0x462fcc63c1563fca!8m2!3d-38.9530913!4d-68.0582151!16s%2Fg%2F11sn_7b3wp!19sChIJrwoPH3ozCpYRyj9WwWPML0Y?authuser=0&hl=en&rclk=1,2026-01-08T04:29:35.980580,7a8232ce96c74039
JK Burger Store - Hamburguesas Neuquén Capital,Hamburger restaurant,"4,4",289,"Juan Bautista Alberdi 53, Q8300 Neuquén, Argentina",-38.9530913,-68.0582151,Walterandres Paredes,3.0,Gaste un total de 18200 en la baconcheese 2.0... bastante convencional mas de lo mismo,2025-04-13,Hace 9 meses,https://www.google.com/maps/place/JK+Burger+Store+-+Hamburguesas+Neuqu%C3%A9n+Capital/data=!4m7!3m6!1s0x960a337a1f0f0aaf:0x462fcc63c1563fca!8m2!3d-38.9530913!4d-68.0582151!16s%2Fg%2F11sn_7b3wp!19sChIJrwoPH3ozCpYRyj9WwWPML0Y?authuser=0&hl=en&rclk=1,2026-01-08T04:29:35.980580,b92715771a9b7416
JK Burger Store - Hamburguesas Neuquén Capital,Hamburger restaurant,"4,4",289,"Juan Bautista Alberdi 53, Q8300 Neuquén, Argentina",-38.9530913,-68.0582151,Yarkos Vasquez,4.0,,2025-04-13,Hace 9 meses,https://www.google.com/maps/place/JK+Burger+Store+-+Hamburguesas+Neuqu%C3%A9n+Capital/data=!4m7!3m6!1s0x960a337a1f0f0aaf:0x462fcc63c1563fca!8m2!3d-38.9530913!4d-68.0582151!16s%2Fg%2F11sn_7b3wp!19sChIJrwoPH3ozCpYRyj9WwWPML0Y?authuser=0&hl=en&rclk=1,2026-01-08T04:29:35.980580,71db69292c0e2aac
JK Burger Store - Hamburguesas Neuquén Capital,Hamburger restaurant,"4,4",289,"Juan Bautista Alberdi 53, Q8300 Neuquén, Argentina",-38.9530913,-68.0582151,Clarisa Jara,5.0,,2025-04-13,Hace 9 meses,https://www.google.com/maps/place/JK+Burger+Store+-+Hamburguesas+Neuqu%C3%A9n+Capital/data=!4m7!3m6!1s0x960a337a1f0f0aaf:0x462fcc63c1563fca!8m2!3d-38.9530913!4d-68.0582151!16s%2Fg%2F11sn_7b3wp!19sChIJrwoPH3ozCpYRyj9WwWPML0Y?authuser=0&hl=en&rclk=1,2026-01-08T04:29:35.980580,0e356795e383a907
JK Burger Store - Hamburguesas Neuquén Capital,Hamburger restaurant,"4,4",289,"Juan Bautista Alberdi 53, Q8300 Neuquén, Argentina",-38.9530913,-68.0582151,Mariano Aranda,5.0,,2025-03-14,Hace 10 meses,https://www.google.com/maps/place/JK+Burger+Store+-+Hamburguesas+Neuqu%C3%A9n+Capital/data=!4m7!3m6!1s0x960a337a1f0f0aaf:0x462fcc63c1563fca!8m2!3d-38.9530913!4d-68.0582151!16s%2Fg%2F11sn_7b3wp!19sChIJrwoPH3ozCpYRyj9WwWPML0Y?authuser=0&hl=en&rclk=1,2026-01-08T04:29:35.980580,a1c05c0404b03a34
JK Burger Store - Hamburguesas Neuquén Capital,Hamburger restaurant,"4,4",289,"Juan Bautista Alberdi 53, Q8300 Neuquén, Argentina",-38.9530913,-68.0582151,diegorldvd,5.0,,2025-03-14,Hace 10 meses,https://www.google.com/maps/place/JK+Burger+Store+-+Hamburguesas+Neuqu%C3%A9n+Capital/data=!4m7!3m6!1s0x960a337a1f0f0aaf:0x462fcc63c1563fca!8m2!3d-38.9530913!4d-68.0582151!16s%2Fg%2F11sn_7b3wp!19sChIJrwoPH3ozCpYRyj9WwWPML0Y?authuser=0&hl=en&rclk=1,2026-01-08T04:29:35.980580,4b0a16d74fd197ca
JK Burger Store - Hamburguesas Neuquén Capital,Hamburger restaurant,"4,4",289,"Juan Bautista Alberdi 53, Q8300 Neuquén, Argentina",-38.9530913,-68.0582151,Virginia Urquiza,5.0,"Muy buenas hamburguesas. Sabores simples y clásicos, pero muy buena calidad de ingredientes. El pan es bueno. Las papas calentitas comidas ahí mismo son muy buenas. Son pet friendly! Aceptan mascotas! Gracias, las chicas atienden muy bien, re buen servicio, te orientan y te guían.",2025-03-14,Hace 10 meses,https://www.google.com/maps/place/JK+Burger+Store+-+Hamburguesas+Neuqu%C3%A9n+Capital/data=!4m7!3m6!1s0x960a337a1f0f0aaf:0x462fcc63c1563fca!8m2!3d-38.9530913!4d-68.0582151!16s%2Fg%2F11sn_7b3wp!19sChIJrwoPH3ozCpYRyj9WwWPML0Y?authuser=0&hl=en&rclk=1,2026-01-08T04:29:35.980580,f0a3f1c184ae04e2
JK Burger Store - Hamburguesas Neuquén Capital,Hamburger restaurant,"4,4",289,"Juan Bautista Alberdi 53, Q8300 Neuquén, Argentina",-38.9530913,-68.0582151,Pedro Albornoz,5.0,Muy buen servicio y producto,2025-03-14,Hace 10 meses,https://www.google.com/maps/place/JK+Burger+Store+-+Hamburguesas+Neuqu%C3%A9n+Capital/data=!4m7!3m6!1s0x960a337a1f0f0aaf:0x462fcc63c1563fca!8m2!3d-38.9530913!4d-68.0582151!16s%2Fg%2F11sn_7b3wp!19sChIJrwoPH3ozCpYRyj9WwWPML0Y?authuser=0&hl=en&rclk=1,2026-01-08T04:29:35.980580,25947b1e10a958db
JK Burger Store - Hamburguesas Neuquén Capital,Hamburger restaurant,"4,4",289,"Juan Bautista Alberdi 53, Q8300 Neuquén, Argentina",-38.9530913,-68.0582151,lore casanova,5.0,"Riquísimo las hamburguesas y los tragos, las chicas que atienden son muy gentiles y atentas..",2025-02-12,Hace 11 meses,https://www.google.com/maps/place/JK+Burger+Store+-+Hamburguesas+Neuqu%C3%A9n+Capital/data=!4m7!3m6!1s0x960a337a1f0f0aaf:0x462fcc63c1563fca!8m2!3d-38.9530913!4d-68.0582151!16s%2Fg%2F11sn_7b3wp!19sChIJrwoPH3ozCpYRyj9WwWPML0Y?authuser=0&hl=en&rclk=1,2026-01-08T04:29:35.980580,c8e7e99ae73555e0
JK Burger Store - Hamburguesas Neuquén Capital,Hamburger restaurant,"4,4",289,"Juan Bautista Alberdi 53, Q8300 Neuquén, Argentina",-38.9530913,-68.0582151,Ayelen Orrego,5.0,"Fast food,  mejor que las cadenas multinacionales. Muy rico y muy agradable atencion",2025-02-12,Hace 11 meses,https://www.google.com/maps/place/JK+Burger+Store+-+Hamburguesas+Neuqu%C3%A9n+Capital/data=!4m7!3m6!1s0x960a337a1f0f0aaf:0x462fcc63c1563fca!8m2!3d-38.9530913!4d-68.0582151!16s%2Fg%2F11sn_7b3wp!19sChIJrwoPH3ozCpYRyj9WwWPML0Y?authuser=0&hl=en&rclk=1,2026-01-08T04:29:35.980580,2ffd8805d2623135
JK Burger Store - Hamburguesas Neuquén Capital,Hamburger restaurant,"4,4",289,"Juan Bautista Alberdi 53, Q8300 Neuquén, Argentina",-38.9530913,-68.0582151,elpepe Tilin,5.0,Buena atencion y buenas hamburguesas,2025-02-12,Hace 11 meses,https://www.google.com/maps/place/JK+Burger+Store+-+Hamburguesas+Neuqu%C3%A9n+Capital/data=!4m7!3m6!1s0x960a337a1f0f0aaf:0x462fcc63c1563fca!8m2!3d-38.9530913!4d-68.0582151!16s%2Fg%2F11sn_7b3wp!19sChIJrwoPH3ozCpYRyj9WwWPML0Y?authuser=0&hl=en&rclk=1,2026-01-08T04:29:35.980580,814ae9ae3be4a6d1
JK Burger Store - Hamburguesas Neuquén Capital,Hamburger restaurant,"4,4",289,"Juan Bautista Alberdi 53, Q8300 Neuquén, Argentina",-38.9530913,-68.0582151,Guadalupe Budimir,3.0,"Al elegir hamburguesa no contaba con mis anteojos para ver los carteles por lo que le pregunté a la chica de caja y me dijo que lea, le dije que no tenía anteojos pero justo llegó mi pareja y me dijo sus ingredientes. El lugar lleno de moscas y sin aire acondicionado, no se puede estar. El pan de la hamburguesa no estaba a la misma temperatura de la carne",2025-01-08,Hace un año,https://www.google.com/maps/place/JK+Burger+Store+-+Hamburguesas+Neuqu%C3%A9n+Capital/data=!4m7!3m6!1s0x960a337a1f0f0aaf:0x462fcc63c1563fca!8m2!3d-38.9530913!4d-68.0582151!16s%2Fg%2F11sn_7b3wp!19sChIJrwoPH3ozCpYRyj9WwWPML0Y?authuser=0&hl=en&rclk=1,2026-01-08T04:29:35.980580,9a8f94fca7c3e655
JK Burger Store - Hamburguesas Neuquén Capital,Hamburger restaurant,"4,4",289,"Juan Bautista Alberdi 53, Q8300 Neuquén, Argentina",-38.9530913,-68.0582151,Gabriel Soto,5.0,,2025-01-08,Hace un año,https://www.google.com/maps/place/JK+Burger+Store+-+Hamburguesas+Neuqu%C3%A9n+Capital/data=!4m7!3m6!1s0x960a337a1f0f0aaf:0x462fcc63c1563fca!8m2!3d-38.9530913!4d-68.0582151!16s%2Fg%2F11sn_7b3wp!19sChIJrwoPH3ozCpYRyj9WwWPML0Y?authuser=0&hl=en&rclk=1,2026-01-08T04:29:35.980580,aca2ec725cf18108
JK Burger Store - Hamburguesas Neuquén Capital,Hamburger restaurant,"4,4",289,"Juan Bautista Alberdi 53, Q8300 Neuquén, Argentina",-38.9530913,-68.0582151,Jaoko,4.0,Muy buenas hamburguesas y que te puedas pedir un trago también suma,2025-01-08,Hace un año,https://www.google.com/maps/place/JK+Burger+Store+-+Hamburguesas+Neuqu%C3%A9n+Capital/data=!4m7!3m6!1s0x960a337a1f0f0aaf:0x462fcc63c1563fca!8m2!3d-38.9530913!4d-68.0582151!16s%2Fg%2F11sn_7b3wp!19sChIJrwoPH3ozCpYRyj9WwWPML0Y?authuser=0&hl=en&rclk=1,2026-01-08T04:29:35.980580,9509cb59ab91061f
JK Burger Store - Hamburguesas Neuquén Capital,Hamburger restaurant,"4,4",289,"Juan Bautista Alberdi 53, Q8300 Neuquén, Argentina",-38.9530913,-68.0582151,Mario Rodriguez,5.0,"Excelente, muy completo las mejores hamburguesas",2025-01-08,Fecha de edición: Hace un año,https://www.google.com/maps/place/JK+Burger+Store+-+Hamburguesas+Neuqu%C3%A9n+Capital/data=!4m7!3m6!1s0x960a337a1f0f0aaf:0x462fcc63c1563fca!8m2!3d-38.9530913!4d-68.0582151!16s%2Fg%2F11sn_7b3wp!19sChIJrwoPH3ozCpYRyj9WwWPML0Y?authuser=0&hl=en&rclk=1,2026-01-08T04:29:35.980580,3336a11b64324d9a
JK Burger Store - Hamburguesas Neuquén Capital,Hamburger restaurant,"4,4",289,"Juan Bautista Alberdi 53, Q8300 Neuquén, Argentina",-38.9530913,-68.0582151,Maximiliano Vargas,5.0,,2025-01-08,Hace un año,https://www.google.com/maps/place/JK+Burger+Store+-+Hamburguesas+Neuqu%C3%A9n+Capital/data=!4m7!3m6!1s0x960a337a1f0f0aaf:0x462fcc63c1563fca!8m2!3d-38.9530913!4d-68.0582151!16s%2Fg%2F11sn_7b3wp!19sChIJrwoPH3ozCpYRyj9WwWPML0Y?authuser=0&hl=en&rclk=1,2026-01-08T04:29:35.980580,fb1c3cfaaee0028f
JK Burger Store - Hamburguesas Neuquén Capital,Hamburger restaurant,"4,4",289,"Juan Bautista Alberdi 53, Q8300 Neuquén, Argentina",-38.9530913,-68.0582151,Kiara Godoy,5.0,,2025-01-08,Hace un año,https://www.google.com/maps/place/JK+Burger+Store+-+Hamburguesas+Neuqu%C3%A9n+Capital/data=!4m7!3m6!1s0x960a337a1f0f0aaf:0x462fcc63c1563fca!8m2!3d-38.9530913!4d-68.0582151!16s%2Fg%2F11sn_7b3wp!19sChIJrwoPH3ozCpYRyj9WwWPML0Y?authuser=0&hl=en&rclk=1,2026-01-08T04:29:35.980580,e8f46f2a1b9bb4bf
JK Burger Store - Hamburguesas Neuquén Capital,Hamburger restaurant,"4,4",289,"Juan Bautista Alberdi 53, Q8300 Neuquén, Argentina",-38.9530913,-68.0582151,Gonzalo Vallejos,5.0,,2025-01-08,Hace un año,https://www.google.com/maps/place/JK+Burger+Store+-+Hamburguesas+Neuqu%C3%A9n+Capital/data=!4m7!3m6!1s0x960a337a1f0f0aaf:0x462fcc63c1563fca!8m2!3d-38.9530913!4d-68.0582151!16s%2Fg%2F11sn_7b3wp!19sChIJrwoPH3ozCpYRyj9WwWPML0Y?authuser=0&hl=en&rclk=1,2026-01-08T04:29:35.980580,2b9825d907e8434c
JK Burger Store - Hamburguesas Neuquén Capital,Hamburger restaurant,"4,4",289,"Juan Bautista Alberdi 53, Q8300 Neuquén, Argentina",-38.9530913,-68.0582151,Flor Terrones,4.0,"Las hamburguesas son riquísimas, muy llenadoras. Atención muy buena, en invierno es un poco frío el local pero ideal con calorcito ir a comer afuera.",2025-01-08,Hace un año,https://www.google.com/maps/place/JK+Burger+Store+-+Hamburguesas+Neuqu%C3%A9n+Capital/data=!4m7!3m6!1s0x960a337a1f0f0aaf:0x462fcc63c1563fca!8m2!3d-38.9530913!4d-68.0582151!16s%2Fg%2F11sn_7b3wp!19sChIJrwoPH3ozCpYRyj9WwWPML0Y?authuser=0&hl=en&rclk=1,2026-01-08T04:29:35.980580,7f9bf1abbb1781ac
JK Burger Store - Hamburguesas Neuquén Capital,Hamburger restaurant,"4,4",289,"Juan Bautista Alberdi 53, Q8300 Neuquén, Argentina",-38.9530913,-68.0582151,alejo bmx,5.0,,2025-01-08,Hace un año,https://www.google.com/maps/place/JK+Burger+Store+-+Hamburguesas+Neuqu%C3%A9n+Capital/data=!4m7!3m6!1s0x960a337a1f0f0aaf:0x462fcc63c1563fca!8m2!3d-38.9530913!4d-68.0582151!16s%2Fg%2F11sn_7b3wp!19sChIJrwoPH3ozCpYRyj9WwWPML0Y?authuser=0&hl=en&rclk=1,2026-01-08T04:29:35.980580,21c3f6f090074b3d
JK Burger Store - Hamburguesas Neuquén Capital,Hamburger restaurant,"4,4",289,"Juan Bautista Alberdi 53, Q8300 Neuquén, Argentina",-38.9530913,-68.0582151,milton andrade huenten,5.0,muyyyy bueno super recomendable!! de hecho llegue también!!! de la mismas manera..,2025-01-08,Hace un año,https://www.google.com/maps/place/JK+Burger+Store+-+Hamburguesas+Neuqu%C3%A9n+Capital/data=!4m7!3m6!1s0x960a337a1f0f0aaf:0x462fcc63c1563fca!8m2!3d-38.9530913!4d-68.0582151!16s%2Fg%2F11sn_7b3wp!19sChIJrwoPH3ozCpYRyj9WwWPML0Y?authuser=0&hl=en&rclk=1,2026-01-08T04:29:35.980580,921084378e9fc671
JK Burger Store - Hamburguesas Neuquén Capital,Hamburger restaurant,"4,4",289,"Juan Bautista Alberdi 53, Q8300 Neuquén, Argentina",-38.9530913,-68.0582151,NACHITO,4.0,"La verdad que las hamburguesas son TREMENDAASSS!! Lo que si  cambio y no es para menos es la calidad de las papas fritas que la primera vez que vine me enamoré de todo. Pero sinceramente es muuyyy buen lugar!! PD hay que mejorar el tema de la puerta que queda abierta y entra frío,tierra,viento etc.",2025-01-08,Hace un año,https://www.google.com/maps/place/JK+Burger+Store+-+Hamburguesas+Neuqu%C3%A9n+Capital/data=!4m7!3m6!1s0x960a337a1f0f0aaf:0x462fcc63c1563fca!8m2!3d-38.9530913!4d-68.0582151!16s%2Fg%2F11sn_7b3wp!19sChIJrwoPH3ozCpYRyj9WwWPML0Y?authuser=0&hl=en&rclk=1,2026-01-08T04:29:35.980580,72936ab48905d617
JK Burger Store - Hamburguesas Neuquén Capital,Hamburger restaurant,"4,4",289,"Juan Bautista Alberdi 53, Q8300 Neuquén, Argentina",-38.9530913,-68.0582151,antonella hierrezuelo,5.0,Tremendas burguer!! Nos encanto ❤️,2025-01-08,Hace un año,https://www.google.com/maps/place/JK+Burger+Store+-+Hamburguesas+Neuqu%C3%A9n+Capital/data=!4m7!3m6!1s0x960a337a1f0f0aaf:0x462fcc63c1563fca!8m2!3d-38.9530913!4d-68.0582151!16s%2Fg%2F11sn_7b3wp!19sChIJrwoPH3ozCpYRyj9WwWPML0Y?authuser=0&hl=en&rclk=1,2026-01-08T04:29:35.980580,45d41b3929b9798f
JK Burger Store - Hamburguesas Neuquén Capital,Hamburger restaurant,"4,4",289,"Juan Bautista Alberdi 53, Q8300 Neuquén, Argentina",-38.9530913,-68.0582151,Juampi Sopelana,5.0,,2025-01-08,Hace un año,https://www.google.com/maps/place/JK+Burger+Store+-+Hamburguesas+Neuqu%C3%A9n+Capital/data=!4m7!3m6!1s0x960a337a1f0f0aaf:0x462fcc63c1563fca!8m2!3d-38.9530913!4d-68.0582151!16s%2Fg%2F11sn_7b3wp!19sChIJrwoPH3ozCpYRyj9WwWPML0Y?authuser=0&hl=en&rclk=1,2026-01-08T04:29:35.980580,23bdc598fbfe7acc
JK Burger Store - Hamburguesas Neuquén Capital,Hamburger restaurant,"4,4",289,"Juan Bautista Alberdi 53, Q8300 Neuquén, Argentina",-38.9530913,-68.0582151,Daiana Danielli,5.0,"La mejor hamburguesería de Neuquén:
buena, bonita y barata, y rápida. Burger Store nunca falla 🙌",2025-01-08,Hace un año,https://www.google.com/maps/place/JK+Burger+Store+-+Hamburguesas+Neuqu%C3%A9n+Capital/data=!4m7!3m6!1s0x960a337a1f0f0aaf:0x462fcc63c1563fca!8m2!3d-38.9530913!4d-68.0582151!16s%2Fg%2F11sn_7b3wp!19sChIJrwoPH3ozCpYRyj9WwWPML0Y?authuser=0&hl=en&rclk=1,2026-01-08T04:29:35.980580,10de19063ce2ec85
JK Burger Store - Hamburguesas Neuquén Capital,Hamburger restaurant,"4,4",289,"Juan Bautista Alberdi 53, Q8300 Neuquén, Argentina",-38.9530913,-68.0582151,Emilio Herrera,4.0,,2025-01-08,Hace un año,https://www.google.com/maps/place/JK+Burger+Store+-+Hamburguesas+Neuqu%C3%A9n+Capital/data=!4m7!3m6!1s0x960a337a1f0f0aaf:0x462fcc63c1563fca!8m2!3d-38.9530913!4d-68.0582151!16s%2Fg%2F11sn_7b3wp!19sChIJrwoPH3ozCpYRyj9WwWPML0Y?authuser=0&hl=en&rclk=1,2026-01-08T04:29:35.980580,84fdc4e5db2366da
JK Burger Store - Hamburguesas Neuquén Capital,Hamburger restaurant,"4,4",289,"Juan Bautista Alberdi 53, Q8300 Neuquén, Argentina",-38.9530913,-68.0582151,Germán Gonzalo Rivas,3.0,"No tienen e menú completo a las 15 horas , los empleados no ponen la mejor onda. La comida tibia , el local con música fuerte y hace frío ! Las mesas se mueven todas … por suerte tienen mucho por mejorar ! A darle !",2025-01-08,Fecha de edición: Hace un año,https://www.google.com/maps/place/JK+Burger+Store+-+Hamburguesas+Neuqu%C3%A9n+Capital/data=!4m7!3m6!1s0x960a337a1f0f0aaf:0x462fcc63c1563fca!8m2!3d-38.9530913!4d-68.0582151!16s%2Fg%2F11sn_7b3wp!19sChIJrwoPH3ozCpYRyj9WwWPML0Y?authuser=0&hl=en&rclk=1,2026-01-08T04:29:35.980580,11bc1639d1a58ef8
JK Burger Store - Hamburguesas Neuquén Capital,Hamburger restaurant,"4,4",289,"Juan Bautista Alberdi 53, Q8300 Neuquén, Argentina",-38.9530913,-68.0582151,Kevin Gonzalez,5.0,"Riquísimas hamburguesas, muy buen tamaño y variedad de precios. No tardaron casi nada en sacar el pedido y las papas muy ricas también, son las favoritas de mi novia 😊",2025-01-08,Hace un año,https://www.google.com/maps/place/JK+Burger+Store+-+Hamburguesas+Neuqu%C3%A9n+Capital/data=!4m7!3m6!1s0x960a337a1f0f0aaf:0x462fcc63c1563fca!8m2!3d-38.9530913!4d-68.0582151!16s%2Fg%2F11sn_7b3wp!19sChIJrwoPH3ozCpYRyj9WwWPML0Y?authuser=0&hl=en&rclk=1,2026-01-08T04:29:35.980580,fe4c93a0f3210f2d
JK Burger Store - Hamburguesas Neuquén Capital,Hamburger restaurant,"4,4",289,"Juan Bautista Alberdi 53, Q8300 Neuquén, Argentina",-38.9530913,-68.0582151,Darwin Guerra,5.0,,2025-01-08,Hace un año,https://www.google.com/maps/place/JK+Burger+Store+-+Hamburguesas+Neuqu%C3%A9n+Capital/data=!4m7!3m6!1s0x960a337a1f0f0aaf:0x462fcc63c1563fca!8m2!3d-38.9530913!4d-68.0582151!16s%2Fg%2F11sn_7b3wp!19sChIJrwoPH3ozCpYRyj9WwWPML0Y?authuser=0&hl=en&rclk=1,2026-01-08T04:29:35.980580,a669dfb33c03b07b
JK Burger Store - Hamburguesas Neuquén Capital,Hamburger restaurant,"4,4",289,"Juan Bautista Alberdi 53, Q8300 Neuquén, Argentina",-38.9530913,-68.0582151,Maximiliano Olivera,5.0,Muy bueno precio calidad,2025-01-08,Hace un año,https://www.google.com/maps/place/JK+Burger+Store+-+Hamburguesas+Neuqu%C3%A9n+Capital/data=!4m7!3m6!1s0x960a337a1f0f0aaf:0x462fcc63c1563fca!8m2!3d-38.9530913!4d-68.0582151!16s%2Fg%2F11sn_7b3wp!19sChIJrwoPH3ozCpYRyj9WwWPML0Y?authuser=0&hl=en&rclk=1,2026-01-08T04:29:35.980580,8b77907890fad9f2
JK Burger Store - Hamburguesas Neuquén Capital,Hamburger restaurant,"4,4",289,"Juan Bautista Alberdi 53, Q8300 Neuquén, Argentina",-38.9530913,-68.0582151,Magali San Martin,5.0,La limonada muy buena,2025-01-08,Hace un año,https://www.google.com/maps/place/JK+Burger+Store+-+Hamburguesas+Neuqu%C3%A9n+Capital/data=!4m7!3m6!1s0x960a337a1f0f0aaf:0x462fcc63c1563fca!8m2!3d-38.9530913!4d-68.0582151!16s%2Fg%2F11sn_7b3wp!19sChIJrwoPH3ozCpYRyj9WwWPML0Y?authuser=0&hl=en&rclk=1,2026-01-08T04:29:35.980580,cbe5a9acd15962a1
JK Burger Store - Hamburguesas Neuquén Capital,Hamburger restaurant,"4,4",289,"Juan Bautista Alberdi 53, Q8300 Neuquén, Argentina",-38.9530913,-68.0582151,Lucas Di luca,5.0,Las mejores hamburguesas de Nqn📈🔥🍔,2025-01-08,Hace un año,https://www.google.com/maps/place/JK+Burger+Store+-+Hamburguesas+Neuqu%C3%A9n+Capital/data=!4m7!3m6!1s0x960a337a1f0f0aaf:0x462fcc63c1563fca!8m2!3d-38.9530913!4d-68.0582151!16s%2Fg%2F11sn_7b3wp!19sChIJrwoPH3ozCpYRyj9WwWPML0Y?authuser=0&hl=en&rclk=1,2026-01-08T04:29:35.980580,89ad86b316676ec2
JK Burger Store - Hamburguesas Neuquén Capital,Hamburger restaurant,"4,4",289,"Juan Bautista Alberdi 53, Q8300 Neuquén, Argentina",-38.9530913,-68.0582151,Martina G,4.0,,2025-01-08,Hace un año,https://www.google.com/maps/place/JK+Burger+Store+-+Hamburguesas+Neuqu%C3%A9n+Capital/data=!4m7!3m6!1s0x960a337a1f0f0aaf:0x462fcc63c1563fca!8m2!3d-38.9530913!4d-68.0582151!16s%2Fg%2F11sn_7b3wp!19sChIJrwoPH3ozCpYRyj9WwWPML0Y?authuser=0&hl=en&rclk=1,2026-01-08T04:29:35.980580,464734da5a6af78a
JK Burger Store - Hamburguesas Neuquén Capital,Hamburger restaurant,"4,4",289,"Juan Bautista Alberdi 53, Q8300 Neuquén, Argentina",-38.9530913,-68.0582151,Maaxi Varela,5.0,,2025-01-08,Hace un año,https://www.google.com/maps/place/JK+Burger+Store+-+Hamburguesas+Neuqu%C3%A9n+Capital/data=!4m7!3m6!1s0x960a337a1f0f0aaf:0x462fcc63c1563fca!8m2!3d-38.9530913!4d-68.0582151!16s%2Fg%2F11sn_7b3wp!19sChIJrwoPH3ozCpYRyj9WwWPML0Y?authuser=0&hl=en&rclk=1,2026-01-08T04:29:35.980580,92d00107d042d48a
JK Burger Store - Hamburguesas Neuquén Capital,Hamburger restaurant,"4,4",289,"Juan Bautista Alberdi 53, Q8300 Neuquén, Argentina",-38.9530913,-68.0582151,Maximiliano De Robertis Leo Sfeir inmobiliaria (Leo Sfeir & Asoc.),5.0,,2025-01-08,Hace un año,https://www.google.com/maps/place/JK+Burger+Store+-+Hamburguesas+Neuqu%C3%A9n+Capital/data=!4m7!3m6!1s0x960a337a1f0f0aaf:0x462fcc63c1563fca!8m2!3d-38.9530913!4d-68.0582151!16s%2Fg%2F11sn_7b3wp!19sChIJrwoPH3ozCpYRyj9WwWPML0Y?authuser=0&hl=en&rclk=1,2026-01-08T04:29:35.980580,fce2c6f661d7cfb6
JK Burger Store - Hamburguesas Neuquén Capital,Hamburger restaurant,"4,4",289,"Juan Bautista Alberdi 53, Q8300 Neuquén, Argentina",-38.9530913,-68.0582151,mica spinetta,5.0,"Genial todo super rico y barato las chicas, la atención de 10",2025-01-08,Hace un año,https://www.google.com/maps/place/JK+Burger+Store+-+Hamburguesas+Neuqu%C3%A9n+Capital/data=!4m7!3m6!1s0x960a337a1f0f0aaf:0x462fcc63c1563fca!8m2!3d-38.9530913!4d-68.0582151!16s%2Fg%2F11sn_7b3wp!19sChIJrwoPH3ozCpYRyj9WwWPML0Y?authuser=0&hl=en&rclk=1,2026-01-08T04:29:35.980580,051c7262fe293049
JK Burger Store - Hamburguesas Neuquén Capital,Hamburger restaurant,"4,4",289,"Juan Bautista Alberdi 53, Q8300 Neuquén, Argentina",-38.9530913,-68.0582151,Paola Pereyra,1.0,Una vergüenza se lavan las manos entre ellos y pedidos ya. Las respuestas que dan al cliente son una vergüenza,2025-01-08,Hace un año,https://www.google.com/maps/place/JK+Burger+Store+-+Hamburguesas+Neuqu%C3%A9n+Capital/data=!4m7!3m6!1s0x960a337a1f0f0aaf:0x462fcc63c1563fca!8m2!3d-38.9530913!4d-68.0582151!16s%2Fg%2F11sn_7b3wp!19sChIJrwoPH3ozCpYRyj9WwWPML0Y?authuser=0&hl=en&rclk=1,2026-01-08T04:29:35.980580,fee3b7f566209aff
JK Burger Store - Hamburguesas Neuquén Capital,Hamburger restaurant,"4,4",289,"Juan Bautista Alberdi 53, Q8300 Neuquén, Argentina",-38.9530913,-68.0582151,Luis Arturo Villar Carosio,4.0,,2025-01-08,Hace un año,https://www.google.com/maps/place/JK+Burger+Store+-+Hamburguesas+Neuqu%C3%A9n+Capital/data=!4m7!3m6!1s0x960a337a1f0f0aaf:0x462fcc63c1563fca!8m2!3d-38.9530913!4d-68.0582151!16s%2Fg%2F11sn_7b3wp!19sChIJrwoPH3ozCpYRyj9WwWPML0Y?authuser=0&hl=en&rclk=1,2026-01-08T04:29:35.980580,280b244e5bbec265
JK Burger Store - Hamburguesas Neuquén Capital,Hamburger restaurant,"4,4",289,"Juan Bautista Alberdi 53, Q8300 Neuquén, Argentina",-38.9530913,-68.0582151,copias felix,5.0,,2025-01-08,Hace un año,https://www.google.com/maps/place/JK+Burger+Store+-+Hamburguesas+Neuqu%C3%A9n+Capital/data=!4m7!3m6!1s0x960a337a1f0f0aaf:0x462fcc63c1563fca!8m2!3d-38.9530913!4d-68.0582151!16s%2Fg%2F11sn_7b3wp!19sChIJrwoPH3ozCpYRyj9WwWPML0Y?authuser=0&hl=en&rclk=1,2026-01-08T04:29:35.980580,fc45df28815e6768
JK Burger Store - Hamburguesas Neuquén Capital,Hamburger restaurant,"4,4",289,"Juan Bautista Alberdi 53, Q8300 Neuquén, Argentina",-38.9530913,-68.0582151,Mandy quiroga duco,5.0,,2025-01-08,Hace un año,https://www.google.com/maps/place/JK+Burger+Store+-+Hamburguesas+Neuqu%C3%A9n+Capital/data=!4m7!3m6!1s0x960a337a1f0f0aaf:0x462fcc63c1563fca!8m2!3d-38.9530913!4d-68.0582151!16s%2Fg%2F11sn_7b3wp!19sChIJrwoPH3ozCpYRyj9WwWPML0Y?authuser=0&hl=en&rclk=1,2026-01-08T04:29:35.980580,79ee01806a2c7d9d
JK Burger Store - Hamburguesas Neuquén Capital,Hamburger restaurant,"4,4",289,"Juan Bautista Alberdi 53, Q8300 Neuquén, Argentina",-38.9530913,-68.0582151,Luciano Magallanes,5.0,"Lugar cálido para compartir.
Tiempo de espera rápido, la atención excelente. Felicitaciones por brindar un espacio que invita a reunirse con nuestros seres queridos.",2025-01-08,Hace un año,https://www.google.com/maps/place/JK+Burger+Store+-+Hamburguesas+Neuqu%C3%A9n+Capital/data=!4m7!3m6!1s0x960a337a1f0f0aaf:0x462fcc63c1563fca!8m2!3d-38.9530913!4d-68.0582151!16s%2Fg%2F11sn_7b3wp!19sChIJrwoPH3ozCpYRyj9WwWPML0Y?authuser=0&hl=en&rclk=1,2026-01-08T04:29:35.980580,cd5457f3d9a9a707
JK Burger Store - Hamburguesas Neuquén Capital,Hamburger restaurant,"4,4",289,"Juan Bautista Alberdi 53, Q8300 Neuquén, Argentina",-38.9530913,-68.0582151,Angel Aguilera,3.0,"Estamos 40’ minutos esperando el pedido mientras salen y salen pedidos de pedidos ya, mientras nosotros seguimos esperando el pedido.
Las chicas te atienden genial, solo malo el tiempo de espera para la entrega",2025-01-08,Fecha de edición: Hace un año,https://www.google.com/maps/place/JK+Burger+Store+-+Hamburguesas+Neuqu%C3%A9n+Capital/data=!4m7!3m6!1s0x960a337a1f0f0aaf:0x462fcc63c1563fca!8m2!3d-38.9530913!4d-68.0582151!16s%2Fg%2F11sn_7b3wp!19sChIJrwoPH3ozCpYRyj9WwWPML0Y?authuser=0&hl=en&rclk=1,2026-01-08T04:29:35.980580,773fa33d3785887e
JK Burger Store - Hamburguesas Neuquén Capital,Hamburger restaurant,"4,4",289,"Juan Bautista Alberdi 53, Q8300 Neuquén, Argentina",-38.9530913,-68.0582151,santi escobar,5.0,,2025-01-08,Hace un año,https://www.google.com/maps/place/JK+Burger+Store+-+Hamburguesas+Neuqu%C3%A9n+Capital/data=!4m7!3m6!1s0x960a337a1f0f0aaf:0x462fcc63c1563fca!8m2!3d-38.9530913!4d-68.0582151!16s%2Fg%2F11sn_7b3wp!19sChIJrwoPH3ozCpYRyj9WwWPML0Y?authuser=0&hl=en&rclk=1,2026-01-08T04:29:35.980580,26704f8a6c565087
JK Burger Store - Hamburguesas Neuquén Capital,Hamburger restaurant,"4,4",289,"Juan Bautista Alberdi 53, Q8300 Neuquén, Argentina",-38.9530913,-68.0582151,Jota Ju,1.0,"Hace una hora, compre, para llevar, un 'Clasic'. Por el pague (no me lo regalaron) $ 8.700, solicite tres cosas: pan bien tostado, carne jugosa y sin salsa, solo cumplieron con sin salsa, me estafaron, lisa y llanamente, muy mala recepción y atención",2025-01-08,Hace un año,https://www.google.com/maps/place/JK+Burger+Store+-+Hamburguesas+Neuqu%C3%A9n+Capital/data=!4m7!3m6!1s0x960a337a1f0f0aaf:0x462fcc63c1563fca!8m2!3d-38.9530913!4d-68.0582151!16s%2Fg%2F11sn_7b3wp!19sChIJrwoPH3ozCpYRyj9WwWPML0Y?authuser=0&hl=en&rclk=1,2026-01-08T04:29:35.980580,27d45e0441ff6956
JK Burger Store - Hamburguesas Neuquén Capital,Hamburger restaurant,"4,4",289,"Juan Bautista Alberdi 53, Q8300 Neuquén, Argentina",-38.9530913,-68.0582151,Laura,4.0,"Muy buenas, un poco chicas...",2025-01-08,Hace un año,https://www.google.com/maps/place/JK+Burger+Store+-+Hamburguesas+Neuqu%C3%A9n+Capital/data=!4m7!3m6!1s0x960a337a1f0f0aaf:0x462fcc63c1563fca!8m2!3d-38.9530913!4d-68.0582151!16s%2Fg%2F11sn_7b3wp!19sChIJrwoPH3ozCpYRyj9WwWPML0Y?authuser=0&hl=en&rclk=1,2026-01-08T04:29:35.980580,c1a118444f135604
JK Burger Store - Hamburguesas Neuquén Capital,Hamburger restaurant,"4,4",289,"Juan Bautista Alberdi 53, Q8300 Neuquén, Argentina",-38.9530913,-68.0582151,pablo alegranza,1.0,Me mandaron la hamburguesa prácticamente cruda 👎🏻…,2025-01-08,Hace un año,https://www.google.com/maps/place/JK+Burger+Store+-+Hamburguesas+Neuqu%C3%A9n+Capital/data=!4m7!3m6!1s0x960a337a1f0f0aaf:0x462fcc63c1563fca!8m2!3d-38.9530913!4d-68.0582151!16s%2Fg%2F11sn_7b3wp!19sChIJrwoPH3ozCpYRyj9WwWPML0Y?authuser=0&hl=en&rclk=1,2026-01-08T04:29:35.980580,2918c1fb3ca7d348
JK Burger Store - Hamburguesas Neuquén Capital,Hamburger restaurant,"4,4",289,"Juan Bautista Alberdi 53, Q8300 Neuquén, Argentina",-38.9530913,-68.0582151,horacio albornoz,5.0,,2025-01-08,Hace un año,https://www.google.com/maps/place/JK+Burger+Store+-+Hamburguesas+Neuqu%C3%A9n+Capital/data=!4m7!3m6!1s0x960a337a1f0f0aaf:0x462fcc63c1563fca!8m2!3d-38.9530913!4d-68.0582151!16s%2Fg%2F11sn_7b3wp!19sChIJrwoPH3ozCpYRyj9WwWPML0Y?authuser=0&hl=en&rclk=1,2026-01-08T04:29:35.980580,876bb0038ebcf22a
JK Burger Store - Hamburguesas Neuquén Capital,Hamburger restaurant,"4,4",289,"Juan Bautista Alberdi 53, Q8300 Neuquén, Argentina",-38.9530913,-68.0582151,Sebastian Mancuso,4.0,,2025-01-08,Hace un año,https://www.google.com/maps/place/JK+Burger+Store+-+Hamburguesas+Neuqu%C3%A9n+Capital/data=!4m7!3m6!1s0x960a337a1f0f0aaf:0x462fcc63c1563fca!8m2!3d-38.9530913!4d-68.0582151!16s%2Fg%2F11sn_7b3wp!19sChIJrwoPH3ozCpYRyj9WwWPML0Y?authuser=0&hl=en&rclk=1,2026-01-08T04:29:35.980580,7f06c21f30f902bb
JK Burger Store - Hamburguesas Neuquén Capital,Hamburger restaurant,"4,4",289,"Juan Bautista Alberdi 53, Q8300 Neuquén, Argentina",-38.9530913,-68.0582151,Carolina Quiroga,1.0,,2025-01-08,Hace un año,https://www.google.com/maps/place/JK+Burger+Store+-+Hamburguesas+Neuqu%C3%A9n+Capital/data=!4m7!3m6!1s0x960a337a1f0f0aaf:0x462fcc63c1563fca!8m2!3d-38.9530913!4d-68.0582151!16s%2Fg%2F11sn_7b3wp!19sChIJrwoPH3ozCpYRyj9WwWPML0Y?authuser=0&hl=en&rclk=1,2026-01-08T04:29:35.980580,4fd6c2a979bd6ff5
JK Burger Store - Hamburguesas Neuquén Capital,Hamburger restaurant,"4,4",289,"Juan Bautista Alberdi 53, Q8300 Neuquén, Argentina",-38.9530913,-68.0582151,Nicolas Jassan,4.0,,2025-01-08,Hace un año,https://www.google.com/maps/place/JK+Burger+Store+-+Hamburguesas+Neuqu%C3%A9n+Capital/data=!4m7!3m6!1s0x960a337a1f0f0aaf:0x462fcc63c1563fca!8m2!3d-38.9530913!4d-68.0582151!16s%2Fg%2F11sn_7b3wp!19sChIJrwoPH3ozCpYRyj9WwWPML0Y?authuser=0&hl=en&rclk=1,2026-01-08T04:29:35.980580,7ad51319af83ea9d
JK Burger Store - Hamburguesas Neuquén Capital,Hamburger restaurant,"4,4",289,"Juan Bautista Alberdi 53, Q8300 Neuquén, Argentina",-38.9530913,-68.0582151,Maylen Bravo,1.0,La comida es buena lástima que negrea a los empleados con lo que te cobra las hamburguesas mínimo podrían tener a los empleados en blanco,2025-01-08,Hace un año,https://www.google.com/maps/place/JK+Burger+Store+-+Hamburguesas+Neuqu%C3%A9n+Capital/data=!4m7!3m6!1s0x960a337a1f0f0aaf:0x462fcc63c1563fca!8m2!3d-38.9530913!4d-68.0582151!16s%2Fg%2F11sn_7b3wp!19sChIJrwoPH3ozCpYRyj9WwWPML0Y?authuser=0&hl=en&rclk=1,2026-01-08T04:29:35.980580,a2aadf1b94aec66e
JK Burger Store - Hamburguesas Neuquén Capital,Hamburger restaurant,"4,4",289,"Juan Bautista Alberdi 53, Q8300 Neuquén, Argentina",-38.9530913,-68.0582151,Rocio Porro,5.0,,2025-01-08,Hace un año,https://www.google.com/maps/place/JK+Burger+Store+-+Hamburguesas+Neuqu%C3%A9n+Capital/data=!4m7!3m6!1s0x960a337a1f0f0aaf:0x462fcc63c1563fca!8m2!3d-38.9530913!4d-68.0582151!16s%2Fg%2F11sn_7b3wp!19sChIJrwoPH3ozCpYRyj9WwWPML0Y?authuser=0&hl=en&rclk=1,2026-01-08T04:29:35.980580,8f7143e3c98e9b20
JK Burger Store - Hamburguesas Neuquén Capital,Hamburger restaurant,"4,4",289,"Juan Bautista Alberdi 53, Q8300 Neuquén, Argentina",-38.9530913,-68.0582151,Gabriela Mastracci,4.0,"Muy buen lugar, muy buena relación entre precio y calidad.",2025-01-08,Hace un año,https://www.google.com/maps/place/JK+Burger+Store+-+Hamburguesas+Neuqu%C3%A9n+Capital/data=!4m7!3m6!1s0x960a337a1f0f0aaf:0x462fcc63c1563fca!8m2!3d-38.9530913!4d-68.0582151!16s%2Fg%2F11sn_7b3wp!19sChIJrwoPH3ozCpYRyj9WwWPML0Y?authuser=0&hl=en&rclk=1,2026-01-08T04:29:35.980580,da772e7c6ffa1cd3
JK Burger Store - Hamburguesas Neuquén Capital,Hamburger restaurant,"4,4",289,"Juan Bautista Alberdi 53, Q8300 Neuquén, Argentina",-38.9530913,-68.0582151,melany ullua,5.0,Muy buen trato de las chicas y las papas con cheddar y bacon las recomiendo un montón. Las mejores de Neuquén,2025-01-08,Hace un año,https://www.google.com/maps/place/JK+Burger+Store+-+Hamburguesas+Neuqu%C3%A9n+Capital/data=!4m7!3m6!1s0x960a337a1f0f0aaf:0x462fcc63c1563fca!8m2!3d-38.9530913!4d-68.0582151!16s%2Fg%2F11sn_7b3wp!19sChIJrwoPH3ozCpYRyj9WwWPML0Y?authuser=0&hl=en&rclk=1,2026-01-08T04:29:35.980580,27c6dc262b8efa3c
JK Burger Store - Hamburguesas Neuquén Capital,Hamburger restaurant,"4,4",289,"Juan Bautista Alberdi 53, Q8300 Neuquén, Argentina",-38.9530913,-68.0582151,martin diaz,4.0,,2025-01-08,Hace un año,https://www.google.com/maps/place/JK+Burger+Store+-+Hamburguesas+Neuqu%C3%A9n+Capital/data=!4m7!3m6!1s0x960a337a1f0f0aaf:0x462fcc63c1563fca!8m2!3d-38.9530913!4d-68.0582151!16s%2Fg%2F11sn_7b3wp!19sChIJrwoPH3ozCpYRyj9WwWPML0Y?authuser=0&hl=en&rclk=1,2026-01-08T04:29:35.980580,3ba7ffa5c99b9acb
JK Burger Store - Hamburguesas Neuquén Capital,Hamburger restaurant,"4,4",289,"Juan Bautista Alberdi 53, Q8300 Neuquén, Argentina",-38.9530913,-68.0582151,Tomi Masina,1.0,"Espantosa la atención al cliente, cero simpatía o ganas de atender a quienes vayan a comer a ese lugar.
Estaría bueno que manden hacer un cursito de atención al cliente a quienes trabajan ahí porque la verdad que horrible.
La comida muy buena, la atención un desastre.",2025-01-08,Hace un año,https://www.google.com/maps/place/JK+Burger+Store+-+Hamburguesas+Neuqu%C3%A9n+Capital/data=!4m7!3m6!1s0x960a337a1f0f0aaf:0x462fcc63c1563fca!8m2!3d-38.9530913!4d-68.0582151!16s%2Fg%2F11sn_7b3wp!19sChIJrwoPH3ozCpYRyj9WwWPML0Y?authuser=0&hl=en&rclk=1,2026-01-08T04:29:35.980580,18b50c995857ad6b
JK Burger Store - Hamburguesas Neuquén Capital,Hamburger restaurant,"4,4",289,"Juan Bautista Alberdi 53, Q8300 Neuquén, Argentina",-38.9530913,-68.0582151,Daiana Rivera,3.0,"Las hamburguesas y atención un lujo, pero hacia un frío adentro del local!!! Falta calefacción, la puerta de entrada es tan pesada y incomoda que todos la terminaban dejando abierta con el terrible frío que hacía..  Comimos pero incómodos porque teníamos frío, y había que pararse a cerrar la puerta.",2025-01-08,Hace un año,https://www.google.com/maps/place/JK+Burger+Store+-+Hamburguesas+Neuqu%C3%A9n+Capital/data=!4m7!3m6!1s0x960a337a1f0f0aaf:0x462fcc63c1563fca!8m2!3d-38.9530913!4d-68.0582151!16s%2Fg%2F11sn_7b3wp!19sChIJrwoPH3ozCpYRyj9WwWPML0Y?authuser=0&hl=en&rclk=1,2026-01-08T04:29:35.980580,632cb00ec439a488
JK Burger Store - Hamburguesas Neuquén Capital,Hamburger restaurant,"4,4",289,"Juan Bautista Alberdi 53, Q8300 Neuquén, Argentina",-38.9530913,-68.0582151,Victoria Barsotti,5.0,"Hermosa experiencia la semana de las hamburguesas, se merecen ganar el primer lugar! Muy linda la atención! Recomendadisimo..",2025-01-08,Hace un año,https://www.google.com/maps/place/JK+Burger+Store+-+Hamburguesas+Neuqu%C3%A9n+Capital/data=!4m7!3m6!1s0x960a337a1f0f0aaf:0x462fcc63c1563fca!8m2!3d-38.9530913!4d-68.0582151!16s%2Fg%2F11sn_7b3wp!19sChIJrwoPH3ozCpYRyj9WwWPML0Y?authuser=0&hl=en&rclk=1,2026-01-08T04:29:35.980580,844bfdeb9c8fddcd
JK Burger Store - Hamburguesas Neuquén Capital,Hamburger restaurant,"4,4",289,"Juan Bautista Alberdi 53, Q8300 Neuquén, Argentina",-38.9530913,-68.0582151,paula araya,5.0,,2025-01-08,Hace un año,https://www.google.com/maps/place/JK+Burger+Store+-+Hamburguesas+Neuqu%C3%A9n+Capital/data=!4m7!3m6!1s0x960a337a1f0f0aaf:0x462fcc63c1563fca!8m2!3d-38.9530913!4d-68.0582151!16s%2Fg%2F11sn_7b3wp!19sChIJrwoPH3ozCpYRyj9WwWPML0Y?authuser=0&hl=en&rclk=1,2026-01-08T04:29:35.980580,034e7ec986256e1f
JK Burger Store - Hamburguesas Neuquén Capital,Hamburger restaurant,"4,4",289,"Juan Bautista Alberdi 53, Q8300 Neuquén, Argentina",-38.9530913,-68.0582151,Matias Cañete,5.0,Muy rico todo. La atención un lujo!!! Las chicas super amables y simpáticas.,2025-01-08,Hace un año,https://www.google.com/maps/place/JK+Burger+Store+-+Hamburguesas+Neuqu%C3%A9n+Capital/data=!4m7!3m6!1s0x960a337a1f0f0aaf:0x462fcc63c1563fca!8m2!3d-38.9530913!4d-68.0582151!16s%2Fg%2F11sn_7b3wp!19sChIJrwoPH3ozCpYRyj9WwWPML0Y?authuser=0&hl=en&rclk=1,2026-01-08T04:29:35.980580,b4382eb68b5623b5
JK Burger Store - Hamburguesas Neuquén Capital,Hamburger restaurant,"4,4",289,"Juan Bautista Alberdi 53, Q8300 Neuquén, Argentina",-38.9530913,-68.0582151,Ariel De la Hoz,5.0,"Comimos y nos atendieron de 10 , pero nos C, de frío ¡! Ja ja",2025-01-08,Hace un año,https://www.google.com/maps/place/JK+Burger+Store+-+Hamburguesas+Neuqu%C3%A9n+Capital/data=!4m7!3m6!1s0x960a337a1f0f0aaf:0x462fcc63c1563fca!8m2!3d-38.9530913!4d-68.0582151!16s%2Fg%2F11sn_7b3wp!19sChIJrwoPH3ozCpYRyj9WwWPML0Y?authuser=0&hl=en&rclk=1,2026-01-08T04:29:35.980580,309f9a9ba264f60e
JK Burger Store - Hamburguesas Neuquén Capital,Hamburger restaurant,"4,4",289,"Juan Bautista Alberdi 53, Q8300 Neuquén, Argentina",-38.9530913,-68.0582151,Luli Sosa,5.0,"Muy buena comida, precio y sobre todo la música ❤️‍🩹🫶🏻",2025-01-08,Hace un año,https://www.google.com/maps/place/JK+Burger+Store+-+Hamburguesas+Neuqu%C3%A9n+Capital/data=!4m7!3m6!1s0x960a337a1f0f0aaf:0x462fcc63c1563fca!8m2!3d-38.9530913!4d-68.0582151!16s%2Fg%2F11sn_7b3wp!19sChIJrwoPH3ozCpYRyj9WwWPML0Y?authuser=0&hl=en&rclk=1,2026-01-08T04:29:35.980580,b9e6b3a993c8d325
JK Burger Store - Hamburguesas Neuquén Capital,Hamburger restaurant,"4,4",289,"Juan Bautista Alberdi 53, Q8300 Neuquén, Argentina",-38.9530913,-68.0582151,Rocio Castillo,5.0,"La comida es riquísima, a nosotros nos llego un poco fría, pero estaba buenísima igual. Lo malo es q no tienen calefacción adentro ni afuera",2025-01-08,Hace un año,https://www.google.com/maps/place/JK+Burger+Store+-+Hamburguesas+Neuqu%C3%A9n+Capital/data=!4m7!3m6!1s0x960a337a1f0f0aaf:0x462fcc63c1563fca!8m2!3d-38.9530913!4d-68.0582151!16s%2Fg%2F11sn_7b3wp!19sChIJrwoPH3ozCpYRyj9WwWPML0Y?authuser=0&hl=en&rclk=1,2026-01-08T04:29:35.980580,df93560b8ec5fd11
JK Burger Store - Hamburguesas Neuquén Capital,Hamburger restaurant,"4,4",289,"Juan Bautista Alberdi 53, Q8300 Neuquén, Argentina",-38.9530913,-68.0582151,JOAQUIN MATIAS CARPENCO,3.0,"Como la gran mayoría de los negocios que se expanden mucho, bajó la calidad de los productos. El supuesto producto que los distingue son las hamburguesas de pollo. Ni hoy ni mañana ofrecen hamburguesas de pollo, por un problema con el proveedor. Pueden desarrollar proveedores alternativos para estos casos, no deberían romper stock por falta de un insumo.",2025-01-08,Hace un año,https://www.google.com/maps/place/JK+Burger+Store+-+Hamburguesas+Neuqu%C3%A9n+Capital/data=!4m7!3m6!1s0x960a337a1f0f0aaf:0x462fcc63c1563fca!8m2!3d-38.9530913!4d-68.0582151!16s%2Fg%2F11sn_7b3wp!19sChIJrwoPH3ozCpYRyj9WwWPML0Y?authuser=0&hl=en&rclk=1,2026-01-08T04:29:35.980580,dc94bb1dd7785cfb
JK Burger Store - Hamburguesas Neuquén Capital,Hamburger restaurant,"4,4",289,"Juan Bautista Alberdi 53, Q8300 Neuquén, Argentina",-38.9530913,-68.0582151,rafael homez,1.0,"Fui con mi famila a disfrutar  a las  15:10 y ya estaban cerrados cuando el horario dice 15:30 vinimos desde el senillosa a comer y nos llevamos este desplante, cualquiera",2025-01-08,Hace un año,https://www.google.com/maps/place/JK+Burger+Store+-+Hamburguesas+Neuqu%C3%A9n+Capital/data=!4m7!3m6!1s0x960a337a1f0f0aaf:0x462fcc63c1563fca!8m2!3d-38.9530913!4d-68.0582151!16s%2Fg%2F11sn_7b3wp!19sChIJrwoPH3ozCpYRyj9WwWPML0Y?authuser=0&hl=en&rclk=1,2026-01-08T04:29:35.980580,37c0e0d8e83c4662
JK Burger Store - Hamburguesas Neuquén Capital,Hamburger restaurant,"4,4",289,"Juan Bautista Alberdi 53, Q8300 Neuquén, Argentina",-38.9530913,-68.0582151,Constanza,5.0,,2025-01-08,Hace un año,https://www.google.com/maps/place/JK+Burger+Store+-+Hamburguesas+Neuqu%C3%A9n+Capital/data=!4m7!3m6!1s0x960a337a1f0f0aaf:0x462fcc63c1563fca!8m2!3d-38.9530913!4d-68.0582151!16s%2Fg%2F11sn_7b3wp!19sChIJrwoPH3ozCpYRyj9WwWPML0Y?authuser=0&hl=en&rclk=1,2026-01-08T04:29:35.980580,2e23d183123d75a3
JK Burger Store - Hamburguesas Neuquén Capital,Hamburger restaurant,"4,4",289,"Juan Bautista Alberdi 53, Q8300 Neuquén, Argentina",-38.9530913,-68.0582151,Hugo Norberto Fila,5.0,Muy buena calidad y muy abundantes la carne de las hamburguesas y las de pollo son riquísimas,2025-01-08,Hace un año,https://www.google.com/maps/place/JK+Burger+Store+-+Hamburguesas+Neuqu%C3%A9n+Capital/data=!4m7!3m6!1s0x960a337a1f0f0aaf:0x462fcc63c1563fca!8m2!3d-38.9530913!4d-68.0582151!16s%2Fg%2F11sn_7b3wp!19sChIJrwoPH3ozCpYRyj9WwWPML0Y?authuser=0&hl=en&rclk=1,2026-01-08T04:29:35.980580,e63fee43a14c4d12
JK Burger Store - Hamburguesas Neuquén Capital,Hamburger restaurant,"4,4",289,"Juan Bautista Alberdi 53, Q8300 Neuquén, Argentina",-38.9530913,-68.0582151,Lucecita G.M.,5.0,,2025-01-08,Hace un año,https://www.google.com/maps/place/JK+Burger+Store+-+Hamburguesas+Neuqu%C3%A9n+Capital/data=!4m7!3m6!1s0x960a337a1f0f0aaf:0x462fcc63c1563fca!8m2!3d-38.9530913!4d-68.0582151!16s%2Fg%2F11sn_7b3wp!19sChIJrwoPH3ozCpYRyj9WwWPML0Y?authuser=0&hl=en&rclk=1,2026-01-08T04:29:35.980580,721c1166db3dd308
JK Burger Store - Hamburguesas Neuquén Capital,Hamburger restaurant,"4,4",289,"Juan Bautista Alberdi 53, Q8300 Neuquén, Argentina",-38.9530913,-68.0582151,Lautaro Carrasco,5.0,"Hacen unas hamburguesas brutales, acompañadas de unas porciones más que génerosas de papas condimentadas si quieres o no que estan geniales... Y tragos con y sin alcohol, recomiendo la limonada",2025-01-08,Hace un año,https://www.google.com/maps/place/JK+Burger+Store+-+Hamburguesas+Neuqu%C3%A9n+Capital/data=!4m7!3m6!1s0x960a337a1f0f0aaf:0x462fcc63c1563fca!8m2!3d-38.9530913!4d-68.0582151!16s%2Fg%2F11sn_7b3wp!19sChIJrwoPH3ozCpYRyj9WwWPML0Y?authuser=0&hl=en&rclk=1,2026-01-08T04:29:35.980580,9d4e745595d7d3ae
JK Burger Store - Hamburguesas Neuquén Capital,Hamburger restaurant,"4,4",289,"Juan Bautista Alberdi 53, Q8300 Neuquén, Argentina",-38.9530913,-68.0582151,Desi Oviedo,2.0,"La comida es rica, llega fría a la mesa y además en un día como hoy FRÍO no había calefacción sino que estaba el aire acondicionado prendido.",2025-01-08,Hace un año,https://www.google.com/maps/place/JK+Burger+Store+-+Hamburguesas+Neuqu%C3%A9n+Capital/data=!4m7!3m6!1s0x960a337a1f0f0aaf:0x462fcc63c1563fca!8m2!3d-38.9530913!4d-68.0582151!16s%2Fg%2F11sn_7b3wp!19sChIJrwoPH3ozCpYRyj9WwWPML0Y?authuser=0&hl=en&rclk=1,2026-01-08T04:29:35.980580,fa094371203f57aa
JK Burger Store - Hamburguesas Neuquén Capital,Hamburger restaurant,"4,4",289,"Juan Bautista Alberdi 53, Q8300 Neuquén, Argentina",-38.9530913,-68.0582151,Vicky Casado,3.0,"Si bien el lugar se ve muy limpio, y la atención de las chicas es muy buena, las hamburguesas dejan mucho que desear. La carne en sí no tiene sabor, así como las salsas. Yo probé la de Barbacoa (que tenia más gusto a ketchup) y la que tiene Alioli (la cual tenia gusto a mayonesa, y no a ajo). Le faltó sazón y comparado con otras hamburgueserías de la zona deja mucho que desear. Las papas si son muy buenas, que es lo que más se rescata. Además, pedí cerveza, y no tenian ese día.",2025-01-08,Hace un año,https://www.google.com/maps/place/JK+Burger+Store+-+Hamburguesas+Neuqu%C3%A9n+Capital/data=!4m7!3m6!1s0x960a337a1f0f0aaf:0x462fcc63c1563fca!8m2!3d-38.9530913!4d-68.0582151!16s%2Fg%2F11sn_7b3wp!19sChIJrwoPH3ozCpYRyj9WwWPML0Y?authuser=0&hl=en&rclk=1,2026-01-08T04:29:35.980580,52be3fdca813fcd3
JK Burger Store - Hamburguesas Neuquén Capital,Hamburger restaurant,"4,4",289,"Juan Bautista Alberdi 53, Q8300 Neuquén, Argentina",-38.9530913,-68.0582151,Agustín Perez,3.0,"La hamburguesa muy buena, las papas estaban incomibles, fritas con aceite de la semana pasada",2025-01-08,Hace un año,https://www.google.com/maps/place/JK+Burger+Store+-+Hamburguesas+Neuqu%C3%A9n+Capital/data=!4m7!3m6!1s0x960a337a1f0f0aaf:0x462fcc63c1563fca!8m2!3d-38.9530913!4d-68.0582151!16s%2Fg%2F11sn_7b3wp!19sChIJrwoPH3ozCpYRyj9WwWPML0Y?authuser=0&hl=en&rclk=1,2026-01-08T04:29:35.980580,b267ec4e9c330731
JK Burger Store - Hamburguesas Neuquén Capital,Hamburger restaurant,"4,4",289,"Juan Bautista Alberdi 53, Q8300 Neuquén, Argentina",-38.9530913,-68.0582151,Sebas Mast,5.0,"Muy bien ambientado, limpio y la.mùsica buena, de los 80 y 90 y a un volumen razonable para poder conversar.
La comida muy rica.",2025-01-08,Hace un año,https://www.google.com/maps/place/JK+Burger+Store+-+Hamburguesas+Neuqu%C3%A9n+Capital/data=!4m7!3m6!1s0x960a337a1f0f0aaf:0x462fcc63c1563fca!8m2!3d-38.9530913!4d-68.0582151!16s%2Fg%2F11sn_7b3wp!19sChIJrwoPH3ozCpYRyj9WwWPML0Y?authuser=0&hl=en&rclk=1,2026-01-08T04:29:35.980580,beb6ea2a4984f702
JK Burger Store - Hamburguesas Neuquén Capital,Hamburger restaurant,"4,4",289,"Juan Bautista Alberdi 53, Q8300 Neuquén, Argentina",-38.9530913,-68.0582151,Ariel Aedo,5.0,,2025-01-08,Hace un año,https://www.google.com/maps/place/JK+Burger+Store+-+Hamburguesas+Neuqu%C3%A9n+Capital/data=!4m7!3m6!1s0x960a337a1f0f0aaf:0x462fcc63c1563fca!8m2!3d-38.9530913!4d-68.0582151!16s%2Fg%2F11sn_7b3wp!19sChIJrwoPH3ozCpYRyj9WwWPML0Y?authuser=0&hl=en&rclk=1,2026-01-08T04:29:35.980580,0e0889fc704baaab
JK Burger Store - Hamburguesas Neuquén Capital,Hamburger restaurant,"4,4",289,"Juan Bautista Alberdi 53, Q8300 Neuquén, Argentina",-38.9530913,-68.0582151,Aldana Cabanne,5.0,"Riquísimas las hamburguesas y super abundantes. Valen la pena.
La única crítica es que fue nuestra primera vez y los chicos del mostrador nunca nos dijeron como funcionaba el sistema. Vino la chica la entrada.
Después en general es rápido.",2025-01-08,Fecha de edición: Hace un año,https://www.google.com/maps/place/JK+Burger+Store+-+Hamburguesas+Neuqu%C3%A9n+Capital/data=!4m7!3m6!1s0x960a337a1f0f0aaf:0x462fcc63c1563fca!8m2!3d-38.9530913!4d-68.0582151!16s%2Fg%2F11sn_7b3wp!19sChIJrwoPH3ozCpYRyj9WwWPML0Y?authuser=0&hl=en&rclk=1,2026-01-08T04:29:35.980580,6d04a6c6255b891e
JK Burger Store - Hamburguesas Neuquén Capital,Hamburger restaurant,"4,4",289,"Juan Bautista Alberdi 53, Q8300 Neuquén, Argentina",-38.9530913,-68.0582151,Meli Trubiano,5.0,,2025-01-08,Hace un año,https://www.google.com/maps/place/JK+Burger+Store+-+Hamburguesas+Neuqu%C3%A9n+Capital/data=!4m7!3m6!1s0x960a337a1f0f0aaf:0x462fcc63c1563fca!8m2!3d-38.9530913!4d-68.0582151!16s%2Fg%2F11sn_7b3wp!19sChIJrwoPH3ozCpYRyj9WwWPML0Y?authuser=0&hl=en&rclk=1,2026-01-08T04:29:35.980580,966c80da734106e2
JK Burger Store - Hamburguesas Neuquén Capital,Hamburger restaurant,"4,4",289,"Juan Bautista Alberdi 53, Q8300 Neuquén, Argentina",-38.9530913,-68.0582151,Portal Norte,4.0,,2025-01-08,Hace un año,https://www.google.com/maps/place/JK+Burger+Store+-+Hamburguesas+Neuqu%C3%A9n+Capital/data=!4m7!3m6!1s0x960a337a1f0f0aaf:0x462fcc63c1563fca!8m2!3d-38.9530913!4d-68.0582151!16s%2Fg%2F11sn_7b3wp!19sChIJrwoPH3ozCpYRyj9WwWPML0Y?authuser=0&hl=en&rclk=1,2026-01-08T04:29:35.980580,8041083a61635e4b
JK Burger Store - Hamburguesas Neuquén Capital,Hamburger restaurant,"4,4",289,"Juan Bautista Alberdi 53, Q8300 Neuquén, Argentina",-38.9530913,-68.0582151,Gabriela Naso,5.0,Super recomendable !,2025-01-08,Hace un año,https://www.google.com/maps/place/JK+Burger+Store+-+Hamburguesas+Neuqu%C3%A9n+Capital/data=!4m7!3m6!1s0x960a337a1f0f0aaf:0x462fcc63c1563fca!8m2!3d-38.9530913!4d-68.0582151!16s%2Fg%2F11sn_7b3wp!19sChIJrwoPH3ozCpYRyj9WwWPML0Y?authuser=0&hl=en&rclk=1,2026-01-08T04:29:35.980580,cffd9212f4b5577b
JK Burger Store - Hamburguesas Neuquén Capital,Hamburger restaurant,"4,4",289,"Juan Bautista Alberdi 53, Q8300 Neuquén, Argentina",-38.9530913,-68.0582151,Joel Halberstad,3.0,,2025-01-08,Hace un año,https://www.google.com/maps/place/JK+Burger+Store+-+Hamburguesas+Neuqu%C3%A9n+Capital/data=!4m7!3m6!1s0x960a337a1f0f0aaf:0x462fcc63c1563fca!8m2!3d-38.9530913!4d-68.0582151!16s%2Fg%2F11sn_7b3wp!19sChIJrwoPH3ozCpYRyj9WwWPML0Y?authuser=0&hl=en&rclk=1,2026-01-08T04:29:35.980580,df3f764d9ce9f7cd
JK Burger Store - Hamburguesas Neuquén Capital,Hamburger restaurant,"4,4",289,"Juan Bautista Alberdi 53, Q8300 Neuquén, Argentina",-38.9530913,-68.0582151,Joel Halberstad,3.0,,2025-01-08,Hace un año,https://www.google.com/maps/place/JK+Burger+Store+-+Hamburguesas+Neuqu%C3%A9n+Capital/data=!4m7!3m6!1s0x960a337a1f0f0aaf:0x462fcc63c1563fca!8m2!3d-38.9530913!4d-68.0582151!16s%2Fg%2F11sn_7b3wp!19sChIJrwoPH3ozCpYRyj9WwWPML0Y?authuser=0&hl=en&rclk=1,2026-01-08T04:29:35.980580,df3f764d9ce9f7cd
JK Burger Store - Hamburguesas Neuquén Capital,Hamburger restaurant,"4,4",289,"Juan Bautista Alberdi 53, Q8300 Neuquén, Argentina",-38.9530913,-68.0582151,Hermes Rojas,5.0,"Que cracks, tuvimos un inconveniente con mi novia en un pedido de papas, cuando volví otro día se acordaron y resarcieron el error, excelente, las hamburguesas con la misma excelente calidad tambien, gracias",2025-01-08,Hace un año,https://www.google.com/maps/place/JK+Burger+Store+-+Hamburguesas+Neuqu%C3%A9n+Capital/data=!4m7!3m6!1s0x960a337a1f0f0aaf:0x462fcc63c1563fca!8m2!3d-38.9530913!4d-68.0582151!16s%2Fg%2F11sn_7b3wp!19sChIJrwoPH3ozCpYRyj9WwWPML0Y?authuser=0&hl=en&rclk=1,2026-01-08T04:29:35.980580,6e8d94527bf8f801
JK Burger Store - Hamburguesas Neuquén Capital,Hamburger restaurant,"4,4",289,"Juan Bautista Alberdi 53, Q8300 Neuquén, Argentina",-38.9530913,-68.0582151,Carolina Beroisa,5.0,,2025-01-08,Hace un año,https://www.google.com/maps/place/JK+Burger+Store+-+Hamburguesas+Neuqu%C3%A9n+Capital/data=!4m7!3m6!1s0x960a337a1f0f0aaf:0x462fcc63c1563fca!8m2!3d-38.9530913!4d-68.0582151!16s%2Fg%2F11sn_7b3wp!19sChIJrwoPH3ozCpYRyj9WwWPML0Y?authuser=0&hl=en&rclk=1,2026-01-08T04:29:35.980580,6b5a8f2ebe09d329
JK Burger Store - Hamburguesas Neuquén Capital,Hamburger restaurant,"4,4",289,"Juan Bautista Alberdi 53, Q8300 Neuquén, Argentina",-38.9530913,-68.0582151,Brisa Pacheco,5.0,,2025-01-08,Hace un año,https://www.google.com/maps/place/JK+Burger+Store+-+Hamburguesas+Neuqu%C3%A9n+Capital/data=!4m7!3m6!1s0x960a337a1f0f0aaf:0x462fcc63c1563fca!8m2!3d-38.9530913!4d-68.0582151!16s%2Fg%2F11sn_7b3wp!19sChIJrwoPH3ozCpYRyj9WwWPML0Y?authuser=0&hl=en&rclk=1,2026-01-08T04:29:35.980580,0c5a675cb99bed04
JK Burger Store - Hamburguesas Neuquén Capital,Hamburger restaurant,"4,4",289,"Juan Bautista Alberdi 53, Q8300 Neuquén, Argentina",-38.9530913,-68.0582151,Juan Rodriguez (Erizet),5.0,Muy buenas hamburguesas,2025-01-08,Hace un año,https://www.google.com/maps/place/JK+Burger+Store+-+Hamburguesas+Neuqu%C3%A9n+Capital/data=!4m7!3m6!1s0x960a337a1f0f0aaf:0x462fcc63c1563fca!8m2!3d-38.9530913!4d-68.0582151!16s%2Fg%2F11sn_7b3wp!19sChIJrwoPH3ozCpYRyj9WwWPML0Y?authuser=0&hl=en&rclk=1,2026-01-08T04:29:35.980580,90162c349634d0bc
JK Burger Store - Hamburguesas Neuquén Capital,Hamburger restaurant,"4,4",289,"Juan Bautista Alberdi 53, Q8300 Neuquén, Argentina",-38.9530913,-68.0582151,Jhorgelis González,5.0,Están muy buenas las hamburguesa. Creo q son unas de las mejores en neuquen.,2025-01-08,Hace un año,https://www.google.com/maps/place/JK+Burger+Store+-+Hamburguesas+Neuqu%C3%A9n+Capital/data=!4m7!3m6!1s0x960a337a1f0f0aaf:0x462fcc63c1563fca!8m2!3d-38.9530913!4d-68.0582151!16s%2Fg%2F11sn_7b3wp!19sChIJrwoPH3ozCpYRyj9WwWPML0Y?authuser=0&hl=en&rclk=1,2026-01-08T04:29:35.980580,adebeb5c55c9e6ab
JK Burger Store - Hamburguesas Neuquén Capital,Hamburger restaurant,"4,4",289,"Juan Bautista Alberdi 53, Q8300 Neuquén, Argentina",-38.9530913,-68.0582151,Nicolas Alvarez Trepat,5.0,,2025-01-08,Hace un año,https://www.google.com/maps/place/JK+Burger+Store+-+Hamburguesas+Neuqu%C3%A9n+Capital/data=!4m7!3m6!1s0x960a337a1f0f0aaf:0x462fcc63c1563fca!8m2!3d-38.9530913!4d-68.0582151!16s%2Fg%2F11sn_7b3wp!19sChIJrwoPH3ozCpYRyj9WwWPML0Y?authuser=0&hl=en&rclk=1,2026-01-08T04:29:35.980580,ba598b4f7750aca6
JK Burger Store - Hamburguesas Neuquén Capital,Hamburger restaurant,"4,4",289,"Juan Bautista Alberdi 53, Q8300 Neuquén, Argentina",-38.9530913,-68.0582151,Aixa Hd,5.0,"Suelo probar hamburguesas continuamente. Éstas me parecen las mejores! En cuanto a proporción, precio y sabor",2025-01-08,Hace un año,https://www.google.com/maps/place/JK+Burger+Store+-+Hamburguesas+Neuqu%C3%A9n+Capital/data=!4m7!3m6!1s0x960a337a1f0f0aaf:0x462fcc63c1563fca!8m2!3d-38.9530913!4d-68.0582151!16s%2Fg%2F11sn_7b3wp!19sChIJrwoPH3ozCpYRyj9WwWPML0Y?authuser=0&hl=en&rclk=1,2026-01-08T04:29:35.980580,a7fc6217c12b3992
JK Burger Store - Hamburguesas Neuquén Capital,Hamburger restaurant,"4,4",289,"Juan Bautista Alberdi 53, Q8300 Neuquén, Argentina",-38.9530913,-68.0582151,Mateo Valdesolo,3.0,"Fuimos el 14 de Febrero cuando justo hubo promo de 2x1 en ciertas hamburguesas.
Para tomar el pedido fue bastante rápido, pero esperamos 2 horas para que salga el pedido.
Bastante desorganizacion entre los empleados y la cocina.
A partir de cierta hora ya no vendían más hamburguesas, pero no le avisaban a la gente que estaba haciendo cola hasta 5 minutos después de haber esperado.
Para un evento de tal concurrencia de gente deja que desear, estaban bastante relajados a excepcion de 3 chicas que se ponían las pilas, otra solo estaba con el celular todo el tiempo y cada cierto tiempo avisando que ya habían cerrado la cocina.
Una lástima ya que el local se ve muy lindo y las hamburguesas son ricas, destacando la Maverick.
Espero volver nuevamente e irme esta vez con una opinión buena.",2025-01-08,Hace un año,https://www.google.com/maps/place/JK+Burger+Store+-+Hamburguesas+Neuqu%C3%A9n+Capital/data=!4m7!3m6!1s0x960a337a1f0f0aaf:0x462fcc63c1563fca!8m2!3d-38.9530913!4d-68.0582151!16s%2Fg%2F11sn_7b3wp!19sChIJrwoPH3ozCpYRyj9WwWPML0Y?authuser=0&hl=en&rclk=1,2026-01-08T04:29:35.980580,a7098586aa07c269
JK Burger Store - Hamburguesas Neuquén Capital,Hamburger restaurant,"4,4",289,"Juan Bautista Alberdi 53, Q8300 Neuquén, Argentina",-38.9530913,-68.0582151,Naomi del Valle Juarez,1.0,"La comida muy rica, demora de más de una hora. No tienen criterio para armar pedido, nosotras pedimos para llevar, quien estaba frente nuestro compro y comió en 30-40' y se fue(pidió para consumo en el local). Nosotras continuamos con la espera. Súper desorganizado, siendo que es una hamburguesería con tanta antigüedad no están preparados para alta demanda",2025-01-08,Hace un año,https://www.google.com/maps/place/JK+Burger+Store+-+Hamburguesas+Neuqu%C3%A9n+Capital/data=!4m7!3m6!1s0x960a337a1f0f0aaf:0x462fcc63c1563fca!8m2!3d-38.9530913!4d-68.0582151!16s%2Fg%2F11sn_7b3wp!19sChIJrwoPH3ozCpYRyj9WwWPML0Y?authuser=0&hl=en&rclk=1,2026-01-08T04:29:35.980580,1e6f39f7f432e582
JK Burger Store - Hamburguesas Neuquén Capital,Hamburger restaurant,"4,4",289,"Juan Bautista Alberdi 53, Q8300 Neuquén, Argentina",-38.9530913,-68.0582151,Juliana Collazo R,4.0,"Top 3 hamburguesas neuquinas, rico, abundante y rápida atención, también agregaron tragos muy ricos! Siempre pedimos por pedidosya o take away, esta vez visitamos el local y quedó hermoso 🤩",2025-01-08,Hace un año,https://www.google.com/maps/place/JK+Burger+Store+-+Hamburguesas+Neuqu%C3%A9n+Capital/data=!4m7!3m6!1s0x960a337a1f0f0aaf:0x462fcc63c1563fca!8m2!3d-38.9530913!4d-68.0582151!16s%2Fg%2F11sn_7b3wp!19sChIJrwoPH3ozCpYRyj9WwWPML0Y?authuser=0&hl=en&rclk=1,2026-01-08T04:29:35.980580,e3a983bd80c2a385
JK Burger Store - Hamburguesas Neuquén Capital,Hamburger restaurant,"4,4",289,"Juan Bautista Alberdi 53, Q8300 Neuquén, Argentina",-38.9530913,-68.0582151,Rodrigo Quinchavil,5.0,Siempre pido. Conoci el local y me parecio el mejor en cuanto estetica. Esta vez a mi hamburguesa le faltaron unos segundos mas en la plancha pero no falla generalmente. Porciones abundantes,2025-01-08,Hace un año,https://www.google.com/maps/place/JK+Burger+Store+-+Hamburguesas+Neuqu%C3%A9n+Capital/data=!4m7!3m6!1s0x960a337a1f0f0aaf:0x462fcc63c1563fca!8m2!3d-38.9530913!4d-68.0582151!16s%2Fg%2F11sn_7b3wp!19sChIJrwoPH3ozCpYRyj9WwWPML0Y?authuser=0&hl=en&rclk=1,2026-01-08T04:29:35.980580,9bbdd28b5a57c1ae
JK Burger Store - Hamburguesas Neuquén Capital,Hamburger restaurant,"4,4",289,"Juan Bautista Alberdi 53, Q8300 Neuquén, Argentina",-38.9530913,-68.0582151,Ailen Muñoz,1.0,"Las chicas que atienden unas genias, súper amables, atentas y buena onda. Nos comentaron las promos que tenían, ellas un 10. Pero la hamburguesa fría, el pan frío, las papás parecían viejas. Yo era re consumidora del jk de la calle la pampa, eran re ricas y las papas tenían un condimento especial que las hacías diferentes. Ahora veo que bajaron muchísimo la calidad. Bajón, quizás sea porque recién abrieron y se están acomodando, no lo sé.",2025-01-08,Hace un año,https://www.google.com/maps/place/JK+Burger+Store+-+Hamburguesas+Neuqu%C3%A9n+Capital/data=!4m7!3m6!1s0x960a337a1f0f0aaf:0x462fcc63c1563fca!8m2!3d-38.9530913!4d-68.0582151!16s%2Fg%2F11sn_7b3wp!19sChIJrwoPH3ozCpYRyj9WwWPML0Y?authuser=0&hl=en&rclk=1,2026-01-08T04:29:35.980580,442e37485ecdecc8
JK Burger Store - Hamburguesas Neuquén Capital,Hamburger restaurant,"4,4",289,"Juan Bautista Alberdi 53, Q8300 Neuquén, Argentina",-38.9530913,-68.0582151,Emilio Andres Calmejane,1.0,Primer pedido y me dieron otra hamburguesa. Ya estaba lejos del lugar así que comí algo que no fue de mi elección.,2025-01-08,Hace un año,https://www.google.com/maps/place/JK+Burger+Store+-+Hamburguesas+Neuqu%C3%A9n+Capital/data=!4m7!3m6!1s0x960a337a1f0f0aaf:0x462fcc63c1563fca!8m2!3d-38.9530913!4d-68.0582151!16s%2Fg%2F11sn_7b3wp!19sChIJrwoPH3ozCpYRyj9WwWPML0Y?authuser=0&hl=en&rclk=1,2026-01-08T04:29:35.980580,f3b4049ddb311893
JK Burger Store - Hamburguesas Neuquén Capital,Hamburger restaurant,"4,4",289,"Juan Bautista Alberdi 53, Q8300 Neuquén, Argentina",-38.9530913,-68.0582151,Abigail Megia,5.0,"Les recomiendo el nuevo local! Hermoso! 3 ambientes distintos! Cerveza tirada bien fría, tragos de autor, riquísimas burguer y también para picar! Excelente ambiente también familiar! A media cuadra de la av Argentina, pleno centro🙌🏽👌🏽",2025-01-08,Fecha de edición: Hace un año,https://www.google.com/maps/place/JK+Burger+Store+-+Hamburguesas+Neuqu%C3%A9n+Capital/data=!4m7!3m6!1s0x960a337a1f0f0aaf:0x462fcc63c1563fca!8m2!3d-38.9530913!4d-68.0582151!16s%2Fg%2F11sn_7b3wp!19sChIJrwoPH3ozCpYRyj9WwWPML0Y?authuser=0&hl=en&rclk=1,2026-01-08T04:29:35.980580,0144099f6fd493c3
JK Burger Store - Hamburguesas Neuquén Capital,Hamburger restaurant,"4,4",289,"Juan Bautista Alberdi 53, Q8300 Neuquén, Argentina",-38.9530913,-68.0582151,Alejandro Pintos,2.0,La hamburguesa estaba fría y es bastante insulsa. Papas mediocres.,2025-01-08,Hace un año,https://www.google.com/maps/place/JK+Burger+Store+-+Hamburguesas+Neuqu%C3%A9n+Capital/data=!4m7!3m6!1s0x960a337a1f0f0aaf:0x462fcc63c1563fca!8m2!3d-38.9530913!4d-68.0582151!16s%2Fg%2F11sn_7b3wp!19sChIJrwoPH3ozCpYRyj9WwWPML0Y?authuser=0&hl=en&rclk=1,2026-01-08T04:29:35.980580,a86168dbd5a8c35a
JK Burger Store - Hamburguesas Neuquén Capital,Hamburger restaurant,"4,4",289,"Juan Bautista Alberdi 53, Q8300 Neuquén, Argentina",-38.9530913,-68.0582151,Victoria Cuenca,4.0,"La comida excelente, muy ricas hamburguesas y una buena cantidad de papas también ricas,la bebida no viene incluida . Fui un día de muchísimo calor, el aire no estaba prendido adentro,quizás lo prendieron más tarde pero no se podía estar dentro, debería estar más fresco con estás temperaturas, es mi recomendación porque fue lo único que me espantó para comer
🍔🍟",2025-01-08,Hace un año,https://www.google.com/maps/place/JK+Burger+Store+-+Hamburguesas+Neuqu%C3%A9n+Capital/data=!4m7!3m6!1s0x960a337a1f0f0aaf:0x462fcc63c1563fca!8m2!3d-38.9530913!4d-68.0582151!16s%2Fg%2F11sn_7b3wp!19sChIJrwoPH3ozCpYRyj9WwWPML0Y?authuser=0&hl=en&rclk=1,2026-01-08T04:29:35.980580,a05bf1980fa31683
JK Burger Store - Hamburguesas Neuquén Capital,Hamburger restaurant,"4,4",289,"Juan Bautista Alberdi 53, Q8300 Neuquén, Argentina",-38.9530913,-68.0582151,Ramses Maldonado,5.0,"El lugar es un lujo, da gusto comer ahí por el ambiente y la onda que hay, ojalá lo mantengan así de bonito.
La comida es buenarda como siempre, en particular para mí que no como carne las burgas vegetarianas están épicas.
La atención es muy buena, se nota la inexperiencia de algunxs chicxs pero son super amables la verdad.
En general me sentí súper cómodo y definitivamente voy a seguir yendo.

Si les agregaria algo, estaría tremendo tener la maquinita de gaseosa para recargarse.",2025-01-08,Hace un año,https://www.google.com/maps/place/JK+Burger+Store+-+Hamburguesas+Neuqu%C3%A9n+Capital/data=!4m7!3m6!1s0x960a337a1f0f0aaf:0x462fcc63c1563fca!8m2!3d-38.9530913!4d-68.0582151!16s%2Fg%2F11sn_7b3wp!19sChIJrwoPH3ozCpYRyj9WwWPML0Y?authuser=0&hl=en&rclk=1,2026-01-08T04:29:35.980580,5ff4f2bf6dc73dc2
JK Burger Store - Hamburguesas Neuquén Capital,Hamburger restaurant,"4,4",289,"Juan Bautista Alberdi 53, Q8300 Neuquén, Argentina",-38.9530913,-68.0582151,RuralMart S.R.L.,5.0,"Fuimos a comer con la familia, el lugar es tremendo, no hay hamburgueserías así en la ciudad, la burger perfecta, y unos tragos excelentes! Sigan así chicos! Éxitos 👏🏻",2025-01-08,Hace un año,https://www.google.com/maps/place/JK+Burger+Store+-+Hamburguesas+Neuqu%C3%A9n+Capital/data=!4m7!3m6!1s0x960a337a1f0f0aaf:0x462fcc63c1563fca!8m2!3d-38.9530913!4d-68.0582151!16s%2Fg%2F11sn_7b3wp!19sChIJrwoPH3ozCpYRyj9WwWPML0Y?authuser=0&hl=en&rclk=1,2026-01-08T04:29:35.980580,2ede7573b39b41ab
JK Burger Store - Hamburguesas Neuquén Capital,Hamburger restaurant,"4,4",289,"Juan Bautista Alberdi 53, Q8300 Neuquén, Argentina",-38.9530913,-68.0582151,Santi Mansilla,5.0,"El de la barra, un kpo!🤙",2025-01-08,Hace un año,https://www.google.com/maps/place/JK+Burger+Store+-+Hamburguesas+Neuqu%C3%A9n+Capital/data=!4m7!3m6!1s0x960a337a1f0f0aaf:0x462fcc63c1563fca!8m2!3d-38.9530913!4d-68.0582151!16s%2Fg%2F11sn_7b3wp!19sChIJrwoPH3ozCpYRyj9WwWPML0Y?authuser=0&hl=en&rclk=1,2026-01-08T04:29:35.980580,90a4bb186d7e7715
JK Burger Store - Hamburguesas Neuquén Capital,Hamburger restaurant,"4,4",289,"Juan Bautista Alberdi 53, Q8300 Neuquén, Argentina",-38.9530913,-68.0582151,karkus,5.0,,2025-01-08,Hace un año,https://www.google.com/maps/place/JK+Burger+Store+-+Hamburguesas+Neuqu%C3%A9n+Capital/data=!4m7!3m6!1s0x960a337a1f0f0aaf:0x462fcc63c1563fca!8m2!3d-38.9530913!4d-68.0582151!16s%2Fg%2F11sn_7b3wp!19sChIJrwoPH3ozCpYRyj9WwWPML0Y?authuser=0&hl=en&rclk=1,2026-01-08T04:29:35.980580,3ff1e6185d2023cb
JK Burger Store - Hamburguesas Neuquén Capital,Hamburger restaurant,"4,4",289,"Juan Bautista Alberdi 53, Q8300 Neuquén, Argentina",-38.9530913,-68.0582151,marisol reyes,4.0,,2024-01-09,Hace 2 años,https://www.google.com/maps/place/JK+Burger+Store+-+Hamburguesas+Neuqu%C3%A9n+Capital/data=!4m7!3m6!1s0x960a337a1f0f0aaf:0x462fcc63c1563fca!8m2!3d-38.9530913!4d-68.0582151!16s%2Fg%2F11sn_7b3wp!19sChIJrwoPH3ozCpYRyj9WwWPML0Y?authuser=0&hl=en&rclk=1,2026-01-08T04:29:35.980580,deb7a58b7b13d1b9
JK Burger Store - Hamburguesas Neuquén Capital,Hamburger restaurant,"4,4",289,"Juan Bautista Alberdi 53, Q8300 Neuquén, Argentina",-38.9530913,-68.0582151,Fernán Pietrantuono (Fer),5.0,,2024-01-09,Hace 2 años,https://www.google.com/maps/place/JK+Burger+Store+-+Hamburguesas+Neuqu%C3%A9n+Capital/data=!4m7!3m6!1s0x960a337a1f0f0aaf:0x462fcc63c1563fca!8m2!3d-38.9530913!4d-68.0582151!16s%2Fg%2F11sn_7b3wp!19sChIJrwoPH3ozCpYRyj9WwWPML0Y?authuser=0&hl=en&rclk=1,2026-01-08T04:29:35.980580,2345b3dd8ef66e89
JK Burger Store - Hamburguesas Neuquén Capital,Hamburger restaurant,"4,4",289,"Juan Bautista Alberdi 53, Q8300 Neuquén, Argentina",-38.9530913,-68.0582151,Gaspar,5.0,,2024-01-09,Hace 2 años,https://www.google.com/maps/place/JK+Burger+Store+-+Hamburguesas+Neuqu%C3%A9n+Capital/data=!4m7!3m6!1s0x960a337a1f0f0aaf:0x462fcc63c1563fca!8m2!3d-38.9530913!4d-68.0582151!16s%2Fg%2F11sn_7b3wp!19sChIJrwoPH3ozCpYRyj9WwWPML0Y?authuser=0&hl=en&rclk=1,2026-01-08T04:29:35.980580,a508b0b82194c9fa
JK Burger Store - Hamburguesas Neuquén Capital,Hamburger restaurant,"4,4",289,"Juan Bautista Alberdi 53, Q8300 Neuquén, Argentina",-38.9530913,-68.0582151,Julieta Lucero,1.0,,2024-01-09,Hace 2 años,https://www.google.com/maps/place/JK+Burger+Store+-+Hamburguesas+Neuqu%C3%A9n+Capital/data=!4m7!3m6!1s0x960a337a1f0f0aaf:0x462fcc63c1563fca!8m2!3d-38.9530913!4d-68.0582151!16s%2Fg%2F11sn_7b3wp!19sChIJrwoPH3ozCpYRyj9WwWPML0Y?authuser=0&hl=en&rclk=1,2026-01-08T04:29:35.980580,48e388584033c86b
JK Burger Store - Hamburguesas Neuquén Capital,Hamburger restaurant,"4,4",289,"Juan Bautista Alberdi 53, Q8300 Neuquén, Argentina",-38.9530913,-68.0582151,Alejandro Mora,2.0,"Compre para pasar a retirar. El servicio todo muy bien: atención y tiempo. Con respecto a las hamburguesas, no están mal pero muy secas. Como critica constructiva podrian agregarle mas salsa. Las hamburguesas buenas tienen que ser humedas.",2024-01-09,Hace 2 años,https://www.google.com/maps/place/JK+Burger+Store+-+Hamburguesas+Neuqu%C3%A9n+Capital/data=!4m7!3m6!1s0x960a337a1f0f0aaf:0x462fcc63c1563fca!8m2!3d-38.9530913!4d-68.0582151!16s%2Fg%2F11sn_7b3wp!19sChIJrwoPH3ozCpYRyj9WwWPML0Y?authuser=0&hl=en&rclk=1,2026-01-08T04:29:35.980580,8b84656c09792683
JK Burger Store - Hamburguesas Neuquén Capital,Hamburger restaurant,"4,4",289,"Juan Bautista Alberdi 53, Q8300 Neuquén, Argentina",-38.9530913,-68.0582151,Fran,4.0,Ricas hamburguesas. Papas regular,2024-01-09,Hace 2 años,https://www.google.com/maps/place/JK+Burger+Store+-+Hamburguesas+Neuqu%C3%A9n+Capital/data=!4m7!3m6!1s0x960a337a1f0f0aaf:0x462fcc63c1563fca!8m2!3d-38.9530913!4d-68.0582151!16s%2Fg%2F11sn_7b3wp!19sChIJrwoPH3ozCpYRyj9WwWPML0Y?authuser=0&hl=en&rclk=1,2026-01-08T04:29:35.980580,ed515045baed91d4
JK Burger Store - Hamburguesas Neuquén Capital,Hamburger restaurant,"4,4",289,"Juan Bautista Alberdi 53, Q8300 Neuquén, Argentina",-38.9530913,-68.0582151,Luis Iommi,4.0,"Fui a buscar 3 hamburguesas, la mía era una HeartBreaker doble, estuvo tremenda de buena, las otras dos que eran una clasic y una cheese burguer tenían partes crudas, y eso es un potencial riesgo, tienen que tener más cuidado.
Las papas fritas son un montón y estaban muy buenas.
Salvando ese detalle las recomiendo.",2024-01-09,Hace 2 años,https://www.google.com/maps/place/JK+Burger+Store+-+Hamburguesas+Neuqu%C3%A9n+Capital/data=!4m7!3m6!1s0x960a337a1f0f0aaf:0x462fcc63c1563fca!8m2!3d-38.9530913!4d-68.0582151!16s%2Fg%2F11sn_7b3wp!19sChIJrwoPH3ozCpYRyj9WwWPML0Y?authuser=0&hl=en&rclk=1,2026-01-08T04:29:35.980580,3025b9db21462407
JK Burger Store - Hamburguesas Neuquén Capital,Hamburger restaurant,"4,4",289,"Juan Bautista Alberdi 53, Q8300 Neuquén, Argentina",-38.9530913,-68.0582151,Lucas Tahiel Fuentealba Gercek,5.0,,2024-01-09,Hace 2 años,https://www.google.com/maps/place/JK+Burger+Store+-+Hamburguesas+Neuqu%C3%A9n+Capital/data=!4m7!3m6!1s0x960a337a1f0f0aaf:0x462fcc63c1563fca!8m2!3d-38.9530913!4d-68.0582151!16s%2Fg%2F11sn_7b3wp!19sChIJrwoPH3ozCpYRyj9WwWPML0Y?authuser=0&hl=en&rclk=1,2026-01-08T04:29:35.980580,ae741577822cecb0
JK Burger Store - Hamburguesas Neuquén Capital,Hamburger restaurant,"4,4",289,"Juan Bautista Alberdi 53, Q8300 Neuquén, Argentina",-38.9530913,-68.0582151,Mariana Cardelli,5.0,"Pedí por pedidos ya para retirar en el local... En 15 minutos ya estaba el pedido, entre lo retire y me fui...

Las papas son increíbles y las hamburguesas de pollo y carne tmb!

Muy buen lugar!!",2024-01-09,Hace 2 años,https://www.google.com/maps/place/JK+Burger+Store+-+Hamburguesas+Neuqu%C3%A9n+Capital/data=!4m7!3m6!1s0x960a337a1f0f0aaf:0x462fcc63c1563fca!8m2!3d-38.9530913!4d-68.0582151!16s%2Fg%2F11sn_7b3wp!19sChIJrwoPH3ozCpYRyj9WwWPML0Y?authuser=0&hl=en&rclk=1,2026-01-08T04:29:35.980580,5e49472da0a1c862
JK Burger Store - Hamburguesas Neuquén Capital,Hamburger restaurant,"4,4",289,"Juan Bautista Alberdi 53, Q8300 Neuquén, Argentina",-38.9530913,-68.0582151,Aldana Baldi,2.0,"Hoy fui a comprar una doble cheese y no tenía fetas de queso cheddar, tenía queso fundido sin color y sabor a cheddar, las papas estaban muy ricas pero los productos de la hamburguesa en si bajaron mucho su nivel para el precio que las cobran",2024-01-09,Hace 2 años,https://www.google.com/maps/place/JK+Burger+Store+-+Hamburguesas+Neuqu%C3%A9n+Capital/data=!4m7!3m6!1s0x960a337a1f0f0aaf:0x462fcc63c1563fca!8m2!3d-38.9530913!4d-68.0582151!16s%2Fg%2F11sn_7b3wp!19sChIJrwoPH3ozCpYRyj9WwWPML0Y?authuser=0&hl=en&rclk=1,2026-01-08T04:29:35.980580,5cb73865315321eb
JK Burger Store - Hamburguesas Neuquén Capital,Hamburger restaurant,"4,4",289,"Juan Bautista Alberdi 53, Q8300 Neuquén, Argentina",-38.9530913,-68.0582151,Franco Landetcheverry,5.0,,2024-01-09,Hace 2 años,https://www.google.com/maps/place/JK+Burger+Store+-+Hamburguesas+Neuqu%C3%A9n+Capital/data=!4m7!3m6!1s0x960a337a1f0f0aaf:0x462fcc63c1563fca!8m2!3d-38.9530913!4d-68.0582151!16s%2Fg%2F11sn_7b3wp!19sChIJrwoPH3ozCpYRyj9WwWPML0Y?authuser=0&hl=en&rclk=1,2026-01-08T04:29:35.980580,84b0a7d8dfda8e5e
JK Burger Store - Hamburguesas Neuquén Capital,Hamburger restaurant,"4,4",289,"Juan Bautista Alberdi 53, Q8300 Neuquén, Argentina",-38.9530913,-68.0582151,Camii,4.0,Muy buena las hamburguesas!,2024-01-09,Hace 2 años,https://www.google.com/maps/place/JK+Burger+Store+-+Hamburguesas+Neuqu%C3%A9n+Capital/data=!4m7!3m6!1s0x960a337a1f0f0aaf:0x462fcc63c1563fca!8m2!3d-38.9530913!4d-68.0582151!16s%2Fg%2F11sn_7b3wp!19sChIJrwoPH3ozCpYRyj9WwWPML0Y?authuser=0&hl=en&rclk=1,2026-01-08T04:29:35.980580,da2935e24408d989
JK Burger Store - Hamburguesas Neuquén Capital,Hamburger restaurant,"4,4",289,"Juan Bautista Alberdi 53, Q8300 Neuquén, Argentina",-38.9530913,-68.0582151,Rubén Navarro,2.0,"Reverendos sinvergüenzas, encargamos las hamburguesas y nunca las prepararon, las fuimos a retirar y ni siquiera nos avisaron, cuando reclamamos nos dijeron que no tenían pollo ni carne,  conclusión nos dejaron sin cena. ¡NUNCA MÁS!",2024-01-09,Hace 2 años,https://www.google.com/maps/place/JK+Burger+Store+-+Hamburguesas+Neuqu%C3%A9n+Capital/data=!4m7!3m6!1s0x960a337a1f0f0aaf:0x462fcc63c1563fca!8m2!3d-38.9530913!4d-68.0582151!16s%2Fg%2F11sn_7b3wp!19sChIJrwoPH3ozCpYRyj9WwWPML0Y?authuser=0&hl=en&rclk=1,2026-01-08T04:29:35.980580,e48e36f4d2e27cab
JK Burger Store - Hamburguesas Neuquén Capital,Hamburger restaurant,"4,4",289,"Juan Bautista Alberdi 53, Q8300 Neuquén, Argentina",-38.9530913,-68.0582151,lilen fiores quijada,1.0,"Pésimo servicio, fuimos hasta el local nos tomaron el pedido, esperamos 30 minutos, cuando lo vamos a retirar nos dicen que no lo hicieron porque les falta un ingrediente de una de las 3 hamburguesas que pedimos, ni siquiera hicieron las otras dos hamburguesas solo cancelaron el pedido. Ni siquiera te pieden un número de teléfono si saben que se manejan así!!! A las 10 de la noche salir a buscar que comer, eso no se hace. Si saben que es una fecha especial mínimo prepárate, pone más gente o tené por lo menos la materia prima ya que lo único que vendes son Hamburguesas!!!",2024-01-09,Hace 2 años,https://www.google.com/maps/place/JK+Burger+Store+-+Hamburguesas+Neuqu%C3%A9n+Capital/data=!4m7!3m6!1s0x960a337a1f0f0aaf:0x462fcc63c1563fca!8m2!3d-38.9530913!4d-68.0582151!16s%2Fg%2F11sn_7b3wp!19sChIJrwoPH3ozCpYRyj9WwWPML0Y?authuser=0&hl=en&rclk=1,2026-01-08T04:29:35.980580,b8716d89c78cbdcc
JK Burger Store - Hamburguesas Neuquén Capital,Hamburger restaurant,"4,4",289,"Juan Bautista Alberdi 53, Q8300 Neuquén, Argentina",-38.9530913,-68.0582151,Giuliano Marinelli,5.0,,2024-01-09,Hace 2 años,https://www.google.com/maps/place/JK+Burger+Store+-+Hamburguesas+Neuqu%C3%A9n+Capital/data=!4m7!3m6!1s0x960a337a1f0f0aaf:0x462fcc63c1563fca!8m2!3d-38.9530913!4d-68.0582151!16s%2Fg%2F11sn_7b3wp!19sChIJrwoPH3ozCpYRyj9WwWPML0Y?authuser=0&hl=en&rclk=1,2026-01-08T04:29:35.980580,abf8660b80df9e31
JK Burger Store - Hamburguesas Neuquén Capital,Hamburger restaurant,"4,4",289,"Juan Bautista Alberdi 53, Q8300 Neuquén, Argentina",-38.9530913,-68.0582151,Tomas Pablo Di Luca (Di Lucrack),4.0,,2024-01-09,Hace 2 años,https://www.google.com/maps/place/JK+Burger+Store+-+Hamburguesas+Neuqu%C3%A9n+Capital/data=!4m7!3m6!1s0x960a337a1f0f0aaf:0x462fcc63c1563fca!8m2!3d-38.9530913!4d-68.0582151!16s%2Fg%2F11sn_7b3wp!19sChIJrwoPH3ozCpYRyj9WwWPML0Y?authuser=0&hl=en&rclk=1,2026-01-08T04:29:35.980580,69a9d19616dfff1e
JK Burger Store - Hamburguesas Neuquén Capital,Hamburger restaurant,"4,4",289,"Juan Bautista Alberdi 53, Q8300 Neuquén, Argentina",-38.9530913,-68.0582151,Micaela Petit,5.0,Fácil la mejor hamburguesería de Neuquén. Hamburguesa 10/10 y papas 10/10.,2024-01-09,Hace 2 años,https://www.google.com/maps/place/JK+Burger+Store+-+Hamburguesas+Neuqu%C3%A9n+Capital/data=!4m7!3m6!1s0x960a337a1f0f0aaf:0x462fcc63c1563fca!8m2!3d-38.9530913!4d-68.0582151!16s%2Fg%2F11sn_7b3wp!19sChIJrwoPH3ozCpYRyj9WwWPML0Y?authuser=0&hl=en&rclk=1,2026-01-08T04:29:35.980580,4f8cfd11bf5e6dd3
JK Burger Store - Hamburguesas Neuquén Capital,Hamburger restaurant,"4,4",289,"Juan Bautista Alberdi 53, Q8300 Neuquén, Argentina",-38.9530913,-68.0582151,Raúl Estevez,3.0,Buenos productos y precio!!!!,2024-01-09,Hace 2 años,https://www.google.com/maps/place/JK+Burger+Store+-+Hamburguesas+Neuqu%C3%A9n+Capital/data=!4m7!3m6!1s0x960a337a1f0f0aaf:0x462fcc63c1563fca!8m2!3d-38.9530913!4d-68.0582151!16s%2Fg%2F11sn_7b3wp!19sChIJrwoPH3ozCpYRyj9WwWPML0Y?authuser=0&hl=en&rclk=1,2026-01-08T04:29:35.980580,bb725cd8e6a07bcd
JK Burger Store - Hamburguesas Neuquén Capital,Hamburger restaurant,"4,4",289,"Juan Bautista Alberdi 53, Q8300 Neuquén, Argentina",-38.9530913,-68.0582151,Deborah Roman,5.0,Riquísimas ! Y buena atención .,2024-01-09,Hace 2 años,https://www.google.com/maps/place/JK+Burger+Store+-+Hamburguesas+Neuqu%C3%A9n+Capital/data=!4m7!3m6!1s0x960a337a1f0f0aaf:0x462fcc63c1563fca!8m2!3d-38.9530913!4d-68.0582151!16s%2Fg%2F11sn_7b3wp!19sChIJrwoPH3ozCpYRyj9WwWPML0Y?authuser=0&hl=en&rclk=1,2026-01-08T04:29:35.980580,42a5f8efa1b05164
JK Burger Store - Hamburguesas Neuquén Capital,Hamburger restaurant,"4,4",289,"Juan Bautista Alberdi 53, Q8300 Neuquén, Argentina",-38.9530913,-68.0582151,Juan Ignacio Silva,4.0,"la hamburguesa estaba rica, solamente q el medallon estaba medio seco:( el sanguche de pollo frito estaba muuuy rico, sin dudas lo q volvería a pedir si voy nuevamente",2024-01-09,Hace 2 años,https://www.google.com/maps/place/JK+Burger+Store+-+Hamburguesas+Neuqu%C3%A9n+Capital/data=!4m7!3m6!1s0x960a337a1f0f0aaf:0x462fcc63c1563fca!8m2!3d-38.9530913!4d-68.0582151!16s%2Fg%2F11sn_7b3wp!19sChIJrwoPH3ozCpYRyj9WwWPML0Y?authuser=0&hl=en&rclk=1,2026-01-08T04:29:35.980580,2d15f538ff2e18dc
JK Burger Store - Hamburguesas Neuquén Capital,Hamburger restaurant,"4,4",289,"Juan Bautista Alberdi 53, Q8300 Neuquén, Argentina",-38.9530913,-68.0582151,Matias Costanzo,5.0,"Muy ricas hamburguesas, a tiempo. Las papas excelente! Ubicación céntrica",2024-01-09,Hace 2 años,https://www.google.com/maps/place/JK+Burger+Store+-+Hamburguesas+Neuqu%C3%A9n+Capital/data=!4m7!3m6!1s0x960a337a1f0f0aaf:0x462fcc63c1563fca!8m2!3d-38.9530913!4d-68.0582151!16s%2Fg%2F11sn_7b3wp!19sChIJrwoPH3ozCpYRyj9WwWPML0Y?authuser=0&hl=en&rclk=1,2026-01-08T04:29:35.980580,8397b4615879069c
JK Burger Store - Hamburguesas Neuquén Capital,Hamburger restaurant,"4,4",289,"Juan Bautista Alberdi 53, Q8300 Neuquén, Argentina",-38.9530913,-68.0582151,ignacio,5.0,,2024-01-09,Hace 2 años,https://www.google.com/maps/place/JK+Burger+Store+-+Hamburguesas+Neuqu%C3%A9n+Capital/data=!4m7!3m6!1s0x960a337a1f0f0aaf:0x462fcc63c1563fca!8m2!3d-38.9530913!4d-68.0582151!16s%2Fg%2F11sn_7b3wp!19sChIJrwoPH3ozCpYRyj9WwWPML0Y?authuser=0&hl=en&rclk=1,2026-01-08T04:29:35.980580,c645f0f8dd978409
JK Burger Store - Hamburguesas Neuquén Capital,Hamburger restaurant,"4,4",289,"Juan Bautista Alberdi 53, Q8300 Neuquén, Argentina",-38.9530913,-68.0582151,R1sk144,4.0,,2023-01-09,Hace 3 años,https://www.google.com/maps/place/JK+Burger+Store+-+Hamburguesas+Neuqu%C3%A9n+Capital/data=!4m7!3m6!1s0x960a337a1f0f0aaf:0x462fcc63c1563fca!8m2!3d-38.9530913!4d-68.0582151!16s%2Fg%2F11sn_7b3wp!19sChIJrwoPH3ozCpYRyj9WwWPML0Y?authuser=0&hl=en&rclk=1,2026-01-08T04:29:35.980580,34815779c8af0085
JK Burger Store - Hamburguesas Neuquén Capital,Hamburger restaurant,"4,4",289,"Juan Bautista Alberdi 53, Q8300 Neuquén, Argentina",-38.9530913,-68.0582151,luciana iacopini,2.0,"Quisiera agradecerle a la mujercita que atiende que parece que le afecto la primavera, por que en vez de tomar bien mi pedido estaba muy ocupada en hacerle sonrisitas a los chicos del delivery, que me dejo sin cenar, cuando hice el pedido le especifique que quería 4 hamburguesas, y una la que nunca tomó nota era sin cheddar, antes de irme por que demoraban 15 min le pedí un comprobante, para verificar mi pedido, pensando como una ilusa que alguien puede hacer bien su trabajo confíe en que había tomado bien el pedido.. yo vivo cerca de parque industrial, fui a comprar ahí por que me gustan las hamburguesas, llegue a casa después de un largo camino y con hambre y me encuentro con 3 hamburguesas, así que les agradezco haberme dejado sin cena, que mi familia no quiera cenar por sentirse incómodos. Estaría bueno que quizás revean el puesto de la chica. Ya que la creo incompetente, hay mucha gente buscando trabajo que estaría más capacitada.
Les escribo para que no lo hagan otra vez, con las personas que vayan. Y modifiquen el tema de las comandas. Que el cliente pueda verificar su pedido. Muchas gracias",2023-01-09,Hace 3 años,https://www.google.com/maps/place/JK+Burger+Store+-+Hamburguesas+Neuqu%C3%A9n+Capital/data=!4m7!3m6!1s0x960a337a1f0f0aaf:0x462fcc63c1563fca!8m2!3d-38.9530913!4d-68.0582151!16s%2Fg%2F11sn_7b3wp!19sChIJrwoPH3ozCpYRyj9WwWPML0Y?authuser=0&hl=en&rclk=1,2026-01-08T04:29:35.980580,bf6746782b5fd4ba
JK Burger Store - Hamburguesas Neuquén Capital,Hamburger restaurant,"4,4",289,"Juan Bautista Alberdi 53, Q8300 Neuquén, Argentina",-38.9530913,-68.0582151,Gabriel Ferrer,3.0,"Es solo hamburguesas para llevar ... Las hamburguesas son buenas, y la atención de la chica es excelente.... Es pequeño... Pero más que suficientes es uno de mis sitios favoritos para comprar hamburguesas",2023-01-09,Fecha de edición: Hace 3 años,https://www.google.com/maps/place/JK+Burger+Store+-+Hamburguesas+Neuqu%C3%A9n+Capital/data=!4m7!3m6!1s0x960a337a1f0f0aaf:0x462fcc63c1563fca!8m2!3d-38.9530913!4d-68.0582151!16s%2Fg%2F11sn_7b3wp!19sChIJrwoPH3ozCpYRyj9WwWPML0Y?authuser=0&hl=en&rclk=1,2026-01-08T04:29:35.980580,45ff27ef125b03e9
JK Burger Store - Hamburguesas Neuquén Capital,Hamburger restaurant,"4,4",289,"Juan Bautista Alberdi 53, Q8300 Neuquén, Argentina",-38.9530913,-68.0582151,Facundo Navarro Brito,5.0,"La verdad, me sorprendió, muy buenas las hamburguesas, tamaño y buenisimo. Seguro vuelvo a comprar",2023-01-09,Hace 3 años,https://www.google.com/maps/place/JK+Burger+Store+-+Hamburguesas+Neuqu%C3%A9n+Capital/data=!4m7!3m6!1s0x960a337a1f0f0aaf:0x462fcc63c1563fca!8m2!3d-38.9530913!4d-68.0582151!16s%2Fg%2F11sn_7b3wp!19sChIJrwoPH3ozCpYRyj9WwWPML0Y?authuser=0&hl=en&rclk=1,2026-01-08T04:29:35.980580,e5e9dcd97c4129a4
JK Burger Store - Hamburguesas Neuquén Capital,Hamburger restaurant,"4,4",289,"Juan Bautista Alberdi 53, Q8300 Neuquén, Argentina",-38.9530913,-68.0582151,Cintia Kraemer,5.0,Excelente sabor! Las papas son las mejores que hay en Nqn!,2023-01-09,Hace 3 años,https://www.google.com/maps/place/JK+Burger+Store+-+Hamburguesas+Neuqu%C3%A9n+Capital/data=!4m7!3m6!1s0x960a337a1f0f0aaf:0x462fcc63c1563fca!8m2!3d-38.9530913!4d-68.0582151!16s%2Fg%2F11sn_7b3wp!19sChIJrwoPH3ozCpYRyj9WwWPML0Y?authuser=0&hl=en&rclk=1,2026-01-08T04:29:35.980580,7a39885aa1746f42
JK Burger Store - Hamburguesas Neuquén Capital,Hamburger restaurant,"4,4",289,"Juan Bautista Alberdi 53, Q8300 Neuquén, Argentina",-38.9530913,-68.0582151,Ramiro Lucero,5.0,"Muy rico todo, siempre todo de diez, incluso una vez me mandaron mal el pedido y se encargaron de venir (rápidamente) a entregarme lo que faltaba y hasta vino con yapa. Denle para adelante nomás 👏🏼…",2023-01-09,Hace 3 años,https://www.google.com/maps/place/JK+Burger+Store+-+Hamburguesas+Neuqu%C3%A9n+Capital/data=!4m7!3m6!1s0x960a337a1f0f0aaf:0x462fcc63c1563fca!8m2!3d-38.9530913!4d-68.0582151!16s%2Fg%2F11sn_7b3wp!19sChIJrwoPH3ozCpYRyj9WwWPML0Y?authuser=0&hl=en&rclk=1,2026-01-08T04:29:35.980580,73ca2f8b10a63307
JK Burger Store - Hamburguesas Neuquén Capital,Hamburger restaurant,"4,4",289,"Juan Bautista Alberdi 53, Q8300 Neuquén, Argentina",-38.9530913,-68.0582151,Joakko Music,1.0,"Primera y última vez! Hamburguesas notablemente crudas! Esto es insalubre, el precio es alto pero el compromiso con los clientes es nulo...",2023-01-09,Hace 3 años,https://www.google.com/maps/place/JK+Burger+Store+-+Hamburguesas+Neuqu%C3%A9n+Capital/data=!4m7!3m6!1s0x960a337a1f0f0aaf:0x462fcc63c1563fca!8m2!3d-38.9530913!4d-68.0582151!16s%2Fg%2F11sn_7b3wp!19sChIJrwoPH3ozCpYRyj9WwWPML0Y?authuser=0&hl=en&rclk=1,2026-01-08T04:29:35.980580,f0ee9e9fbafb4849
Ensamble Bar,Bar,"4,8",63,"San Martín 2661, Q8302 Neuquén, Argentina",-38.954629,-68.0962859,George Cubi,5.0,Lindo lugar excelente birra bien frappé como tiene q ser pizzas como hechas en casa y shows en vivo,2025-05-13,Hace 8 meses,https://www.google.com/maps/place/Ensamble+Bar/data=!4m7!3m6!1s0x960a3328acd10d53:0xd22e85bb70e4e18!8m2!3d-38.954629!4d-68.0962859!16s%2Fg%2F11jt6stgjn!19sChIJUw3RrCgzCpYRGE4Ot1voIg0?authuser=0&hl=en&rclk=1,2026-01-08T04:30:08.759091,3cfb30d7ed73190e
Ensamble Bar,Bar,"4,8",63,"San Martín 2661, Q8302 Neuquén, Argentina",-38.954629,-68.0962859,Juan Careta,5.0,Espectacular todo excelente lugar para escuchar música en vivo,2025-03-14,Hace 10 meses,https://www.google.com/maps/place/Ensamble+Bar/data=!4m7!3m6!1s0x960a3328acd10d53:0xd22e85bb70e4e18!8m2!3d-38.954629!4d-68.0962859!16s%2Fg%2F11jt6stgjn!19sChIJUw3RrCgzCpYRGE4Ot1voIg0?authuser=0&hl=en&rclk=1,2026-01-08T04:30:08.759091,4c4a258062b75cd9
Ensamble Bar,Bar,"4,8",63,"San Martín 2661, Q8302 Neuquén, Argentina",-38.954629,-68.0962859,Gazpaa,5.0,"Buena música, buena atención y rica cerveza.",2025-03-14,Hace 10 meses,https://www.google.com/maps/place/Ensamble+Bar/data=!4m7!3m6!1s0x960a3328acd10d53:0xd22e85bb70e4e18!8m2!3d-38.954629!4d-68.0962859!16s%2Fg%2F11jt6stgjn!19sChIJUw3RrCgzCpYRGE4Ot1voIg0?authuser=0&hl=en&rclk=1,2026-01-08T04:30:08.759091,8c6fc3ab125a0378
Ensamble Bar,Bar,"4,8",63,"San Martín 2661, Q8302 Neuquén, Argentina",-38.954629,-68.0962859,Marina C,5.0,,2025-02-12,Fecha de edición: Hace 11 meses,https://www.google.com/maps/place/Ensamble+Bar/data=!4m7!3m6!1s0x960a3328acd10d53:0xd22e85bb70e4e18!8m2!3d-38.954629!4d-68.0962859!16s%2Fg%2F11jt6stgjn!19sChIJUw3RrCgzCpYRGE4Ot1voIg0?authuser=0&hl=en&rclk=1,2026-01-08T04:30:08.759091,ddbec5950f196292
Ensamble Bar,Bar,"4,8",63,"San Martín 2661, Q8302 Neuquén, Argentina",-38.954629,-68.0962859,Maria Schuhmacher,5.0,Excelente servicio. Cerveza fría papasfritas y rock and roll. Que más queres.,2025-01-08,Hace un año,https://www.google.com/maps/place/Ensamble+Bar/data=!4m7!3m6!1s0x960a3328acd10d53:0xd22e85bb70e4e18!8m2!3d-38.954629!4d-68.0962859!16s%2Fg%2F11jt6stgjn!19sChIJUw3RrCgzCpYRGE4Ot1voIg0?authuser=0&hl=en&rclk=1,2026-01-08T04:30:08.759091,55a6936c225bd452
Ensamble Bar,Bar,"4,8",63,"San Martín 2661, Q8302 Neuquén, Argentina",-38.954629,-68.0962859,mich spinetta,5.0,"Tremendas bandas, pizzas y atención!",2025-01-08,Hace un año,https://www.google.com/maps/place/Ensamble+Bar/data=!4m7!3m6!1s0x960a3328acd10d53:0xd22e85bb70e4e18!8m2!3d-38.954629!4d-68.0962859!16s%2Fg%2F11jt6stgjn!19sChIJUw3RrCgzCpYRGE4Ot1voIg0?authuser=0&hl=en&rclk=1,2026-01-08T04:30:08.759091,9f04a1a4e67fcb5b
Ensamble Bar,Bar,"4,8",63,"San Martín 2661, Q8302 Neuquén, Argentina",-38.954629,-68.0962859,Luana De la fuente,5.0,,2025-01-08,Hace un año,https://www.google.com/maps/place/Ensamble+Bar/data=!4m7!3m6!1s0x960a3328acd10d53:0xd22e85bb70e4e18!8m2!3d-38.954629!4d-68.0962859!16s%2Fg%2F11jt6stgjn!19sChIJUw3RrCgzCpYRGE4Ot1voIg0?authuser=0&hl=en&rclk=1,2026-01-08T04:30:08.759091,6fc9b43fb2c11851
Ensamble Bar,Bar,"4,8",63,"San Martín 2661, Q8302 Neuquén, Argentina",-38.954629,-68.0962859,Agustina antonella Paredes,5.0,,2025-01-08,Hace un año,https://www.google.com/maps/place/Ensamble+Bar/data=!4m7!3m6!1s0x960a3328acd10d53:0xd22e85bb70e4e18!8m2!3d-38.954629!4d-68.0962859!16s%2Fg%2F11jt6stgjn!19sChIJUw3RrCgzCpYRGE4Ot1voIg0?authuser=0&hl=en&rclk=1,2026-01-08T04:30:08.759091,49f08a543899b0e5
Ensamble Bar,Bar,"4,8",63,"San Martín 2661, Q8302 Neuquén, Argentina",-38.954629,-68.0962859,flia Forneron4,5.0,"Que te hagan sentir como en tu casa, no tiene precio!!!! Excelente atención las pizzas son de otro planeta!!! Riquísimas la verdad es para ir una y mil veces!!!!",2025-01-08,Hace un año,https://www.google.com/maps/place/Ensamble+Bar/data=!4m7!3m6!1s0x960a3328acd10d53:0xd22e85bb70e4e18!8m2!3d-38.954629!4d-68.0962859!16s%2Fg%2F11jt6stgjn!19sChIJUw3RrCgzCpYRGE4Ot1voIg0?authuser=0&hl=en&rclk=1,2026-01-08T04:30:08.759091,c35680b90bb0d44d
Ensamble Bar,Bar,"4,8",63,"San Martín 2661, Q8302 Neuquén, Argentina",-38.954629,-68.0962859,Patri Mauu,5.0,"Excelente atención!! Homero y su señora unos divinos!!
Muy ricas las empanadas!!
Variada propuesta de artistas !",2025-01-08,Hace un año,https://www.google.com/maps/place/Ensamble+Bar/data=!4m7!3m6!1s0x960a3328acd10d53:0xd22e85bb70e4e18!8m2!3d-38.954629!4d-68.0962859!16s%2Fg%2F11jt6stgjn!19sChIJUw3RrCgzCpYRGE4Ot1voIg0?authuser=0&hl=en&rclk=1,2026-01-08T04:30:08.759091,dc8589469e2c8256
Ensamble Bar,Bar,"4,8",63,"San Martín 2661, Q8302 Neuquén, Argentina",-38.954629,-68.0962859,Mario NeuRock,5.0,Muy rico todo y muy buena atención!,2025-01-08,Hace un año,https://www.google.com/maps/place/Ensamble+Bar/data=!4m7!3m6!1s0x960a3328acd10d53:0xd22e85bb70e4e18!8m2!3d-38.954629!4d-68.0962859!16s%2Fg%2F11jt6stgjn!19sChIJUw3RrCgzCpYRGE4Ot1voIg0?authuser=0&hl=en&rclk=1,2026-01-08T04:30:08.759091,e6c304e51a7dd756
Ensamble Bar,Bar,"4,8",63,"San Martín 2661, Q8302 Neuquén, Argentina",-38.954629,-68.0962859,Giselle García,5.0,,2025-01-08,Hace un año,https://www.google.com/maps/place/Ensamble+Bar/data=!4m7!3m6!1s0x960a3328acd10d53:0xd22e85bb70e4e18!8m2!3d-38.954629!4d-68.0962859!16s%2Fg%2F11jt6stgjn!19sChIJUw3RrCgzCpYRGE4Ot1voIg0?authuser=0&hl=en&rclk=1,2026-01-08T04:30:08.759091,2a3485db406e2295
Ensamble Bar,Bar,"4,8",63,"San Martín 2661, Q8302 Neuquén, Argentina",-38.954629,-68.0962859,Natalia Johanny de Rochely,4.0,,2025-01-08,Hace un año,https://www.google.com/maps/place/Ensamble+Bar/data=!4m7!3m6!1s0x960a3328acd10d53:0xd22e85bb70e4e18!8m2!3d-38.954629!4d-68.0962859!16s%2Fg%2F11jt6stgjn!19sChIJUw3RrCgzCpYRGE4Ot1voIg0?authuser=0&hl=en&rclk=1,2026-01-08T04:30:08.759091,0279402d767fc5f5
Ensamble Bar,Bar,"4,8",63,"San Martín 2661, Q8302 Neuquén, Argentina",-38.954629,-68.0962859,Miguel Santillan,5.0,,2025-01-08,Hace un año,https://www.google.com/maps/place/Ensamble+Bar/data=!4m7!3m6!1s0x960a3328acd10d53:0xd22e85bb70e4e18!8m2!3d-38.954629!4d-68.0962859!16s%2Fg%2F11jt6stgjn!19sChIJUw3RrCgzCpYRGE4Ot1voIg0?authuser=0&hl=en&rclk=1,2026-01-08T04:30:08.759091,1363cd280e665951
Ensamble Bar,Bar,"4,8",63,"San Martín 2661, Q8302 Neuquén, Argentina",-38.954629,-68.0962859,Marie,5.0,,2025-01-08,Hace un año,https://www.google.com/maps/place/Ensamble+Bar/data=!4m7!3m6!1s0x960a3328acd10d53:0xd22e85bb70e4e18!8m2!3d-38.954629!4d-68.0962859!16s%2Fg%2F11jt6stgjn!19sChIJUw3RrCgzCpYRGE4Ot1voIg0?authuser=0&hl=en&rclk=1,2026-01-08T04:30:08.759091,3fe4f5b6240424dd
Ensamble Bar,Bar,"4,8",63,"San Martín 2661, Q8302 Neuquén, Argentina",-38.954629,-68.0962859,Ana Méndez,4.0,,2025-01-08,Hace un año,https://www.google.com/maps/place/Ensamble+Bar/data=!4m7!3m6!1s0x960a3328acd10d53:0xd22e85bb70e4e18!8m2!3d-38.954629!4d-68.0962859!16s%2Fg%2F11jt6stgjn!19sChIJUw3RrCgzCpYRGE4Ot1voIg0?authuser=0&hl=en&rclk=1,2026-01-08T04:30:08.759091,6978c795491a0de5
Ensamble Bar,Bar,"4,8",63,"San Martín 2661, Q8302 Neuquén, Argentina",-38.954629,-68.0962859,Rebeca Armas,5.0,Excelente atención y riquísima la cerveza. Súper recomendado!,2024-01-09,Hace 2 años,https://www.google.com/maps/place/Ensamble+Bar/data=!4m7!3m6!1s0x960a3328acd10d53:0xd22e85bb70e4e18!8m2!3d-38.954629!4d-68.0962859!16s%2Fg%2F11jt6stgjn!19sChIJUw3RrCgzCpYRGE4Ot1voIg0?authuser=0&hl=en&rclk=1,2026-01-08T04:30:08.759091,5e9babde44834413
Ensamble Bar,Bar,"4,8",63,"San Martín 2661, Q8302 Neuquén, Argentina",-38.954629,-68.0962859,Iñaki almaza,5.0,Muy buena atencion y rica birra,2024-01-09,Hace 2 años,https://www.google.com/maps/place/Ensamble+Bar/data=!4m7!3m6!1s0x960a3328acd10d53:0xd22e85bb70e4e18!8m2!3d-38.954629!4d-68.0962859!16s%2Fg%2F11jt6stgjn!19sChIJUw3RrCgzCpYRGE4Ot1voIg0?authuser=0&hl=en&rclk=1,2026-01-08T04:30:08.759091,5687f6a3065a6bd5
Ensamble Bar,Bar,"4,8",63,"San Martín 2661, Q8302 Neuquén, Argentina",-38.954629,-68.0962859,Walter Diaz,4.0,"Un lugar con excelente música en vivo, Rica cerveza. Para estar 10 puntos le falta un baño más., Pero el ambiente,  muy ameno.",2024-01-09,Hace 2 años,https://www.google.com/maps/place/Ensamble+Bar/data=!4m7!3m6!1s0x960a3328acd10d53:0xd22e85bb70e4e18!8m2!3d-38.954629!4d-68.0962859!16s%2Fg%2F11jt6stgjn!19sChIJUw3RrCgzCpYRGE4Ot1voIg0?authuser=0&hl=en&rclk=1,2026-01-08T04:30:08.759091,245d1befdec65542
Ensamble Bar,Bar,"4,8",63,"San Martín 2661, Q8302 Neuquén, Argentina",-38.954629,-68.0962859,Maria del Valle Aibar,5.0,,2024-01-09,Hace 2 años,https://www.google.com/maps/place/Ensamble+Bar/data=!4m7!3m6!1s0x960a3328acd10d53:0xd22e85bb70e4e18!8m2!3d-38.954629!4d-68.0962859!16s%2Fg%2F11jt6stgjn!19sChIJUw3RrCgzCpYRGE4Ot1voIg0?authuser=0&hl=en&rclk=1,2026-01-08T04:30:08.759091,4d3557b61e0af9eb
Ensamble Bar,Bar,"4,8",63,"San Martín 2661, Q8302 Neuquén, Argentina",-38.954629,-68.0962859,Claudio Gastón Tiso,5.0,"Un bar de rock! La mejor atención, comida riquisima y 420!!",2024-01-09,Hace 2 años,https://www.google.com/maps/place/Ensamble+Bar/data=!4m7!3m6!1s0x960a3328acd10d53:0xd22e85bb70e4e18!8m2!3d-38.954629!4d-68.0962859!16s%2Fg%2F11jt6stgjn!19sChIJUw3RrCgzCpYRGE4Ot1voIg0?authuser=0&hl=en&rclk=1,2026-01-08T04:30:08.759091,dfe90cef390da20c
Ensamble Bar,Bar,"4,8",63,"San Martín 2661, Q8302 Neuquén, Argentina",-38.954629,-68.0962859,Lyria Romano,5.0,"Excelente lugar, birra 100 % artesanal, la atención es muy buena, se genera un ambiente muy agradable para ir a disfrutar",2024-01-09,Hace 2 años,https://www.google.com/maps/place/Ensamble+Bar/data=!4m7!3m6!1s0x960a3328acd10d53:0xd22e85bb70e4e18!8m2!3d-38.954629!4d-68.0962859!16s%2Fg%2F11jt6stgjn!19sChIJUw3RrCgzCpYRGE4Ot1voIg0?authuser=0&hl=en&rclk=1,2026-01-08T04:30:08.759091,8155d2d3f526ff2a
Ensamble Bar,Bar,"4,8",63,"San Martín 2661, Q8302 Neuquén, Argentina",-38.954629,-68.0962859,Cristina Namuncura,5.0,Bar de rock con muy buena onda. Las pizzas espectaculares!!!,2024-01-09,Hace 2 años,https://www.google.com/maps/place/Ensamble+Bar/data=!4m7!3m6!1s0x960a3328acd10d53:0xd22e85bb70e4e18!8m2!3d-38.954629!4d-68.0962859!16s%2Fg%2F11jt6stgjn!19sChIJUw3RrCgzCpYRGE4Ot1voIg0?authuser=0&hl=en&rclk=1,2026-01-08T04:30:08.759091,b5903a2cb5052945
Ensamble Bar,Bar,"4,8",63,"San Martín 2661, Q8302 Neuquén, Argentina",-38.954629,-68.0962859,Lucas Soria,5.0,Llegamos tarde y nos atendieron re bien 10/10,2024-01-09,Hace 2 años,https://www.google.com/maps/place/Ensamble+Bar/data=!4m7!3m6!1s0x960a3328acd10d53:0xd22e85bb70e4e18!8m2!3d-38.954629!4d-68.0962859!16s%2Fg%2F11jt6stgjn!19sChIJUw3RrCgzCpYRGE4Ot1voIg0?authuser=0&hl=en&rclk=1,2026-01-08T04:30:08.759091,61871a792f4524e4
Ensamble Bar,Bar,"4,8",63,"San Martín 2661, Q8302 Neuquén, Argentina",-38.954629,-68.0962859,Richard,5.0,Recomendable. Música en vivo. Buena gastronomía y cerveza artesanal.,2024-01-09,Hace 2 años,https://www.google.com/maps/place/Ensamble+Bar/data=!4m7!3m6!1s0x960a3328acd10d53:0xd22e85bb70e4e18!8m2!3d-38.954629!4d-68.0962859!16s%2Fg%2F11jt6stgjn!19sChIJUw3RrCgzCpYRGE4Ot1voIg0?authuser=0&hl=en&rclk=1,2026-01-08T04:30:08.759091,4da1f5bd8c01bce5
Ensamble Bar,Bar,"4,8",63,"San Martín 2661, Q8302 Neuquén, Argentina",-38.954629,-68.0962859,Satyricon SS,5.0,El bar buenísimo y la cervecita riquísima  🍻🍻,2024-01-09,Hace 2 años,https://www.google.com/maps/place/Ensamble+Bar/data=!4m7!3m6!1s0x960a3328acd10d53:0xd22e85bb70e4e18!8m2!3d-38.954629!4d-68.0962859!16s%2Fg%2F11jt6stgjn!19sChIJUw3RrCgzCpYRGE4Ot1voIg0?authuser=0&hl=en&rclk=1,2026-01-08T04:30:08.759091,ed7bc04ab7720383
Ensamble Bar,Bar,"4,8",63,"San Martín 2661, Q8302 Neuquén, Argentina",-38.954629,-68.0962859,maira gala quinteros,5.0,,2024-01-09,Hace 2 años,https://www.google.com/maps/place/Ensamble+Bar/data=!4m7!3m6!1s0x960a3328acd10d53:0xd22e85bb70e4e18!8m2!3d-38.954629!4d-68.0962859!16s%2Fg%2F11jt6stgjn!19sChIJUw3RrCgzCpYRGE4Ot1voIg0?authuser=0&hl=en&rclk=1,2026-01-08T04:30:08.759091,42e0ec8bcec7f696
Ensamble Bar,Bar,"4,8",63,"San Martín 2661, Q8302 Neuquén, Argentina",-38.954629,-68.0962859,Lucas Dalcomo,5.0,,2024-01-09,Hace 2 años,https://www.google.com/maps/place/Ensamble+Bar/data=!4m7!3m6!1s0x960a3328acd10d53:0xd22e85bb70e4e18!8m2!3d-38.954629!4d-68.0962859!16s%2Fg%2F11jt6stgjn!19sChIJUw3RrCgzCpYRGE4Ot1voIg0?authuser=0&hl=en&rclk=1,2026-01-08T04:30:08.759091,2807f1df244f66e3
Ensamble Bar,Bar,"4,8",63,"San Martín 2661, Q8302 Neuquén, Argentina",-38.954629,-68.0962859,Marco Saez,4.0,,2024-01-09,Hace 2 años,https://www.google.com/maps/place/Ensamble+Bar/data=!4m7!3m6!1s0x960a3328acd10d53:0xd22e85bb70e4e18!8m2!3d-38.954629!4d-68.0962859!16s%2Fg%2F11jt6stgjn!19sChIJUw3RrCgzCpYRGE4Ot1voIg0?authuser=0&hl=en&rclk=1,2026-01-08T04:30:08.759091,9c02d4cf086e8d21
Ensamble Bar,Bar,"4,8",63,"San Martín 2661, Q8302 Neuquén, Argentina",-38.954629,-68.0962859,Jose Lopez,5.0,"Un lugar único en Neuquen, orientado al rock del bueno!!
Buena comida, de calidad y abundante.. buenas 🍺 y atención de primera!! Gracias x esta noche de fondo AC/DC .. grosos!!",2024-01-09,Hace 2 años,https://www.google.com/maps/place/Ensamble+Bar/data=!4m7!3m6!1s0x960a3328acd10d53:0xd22e85bb70e4e18!8m2!3d-38.954629!4d-68.0962859!16s%2Fg%2F11jt6stgjn!19sChIJUw3RrCgzCpYRGE4Ot1voIg0?authuser=0&hl=en&rclk=1,2026-01-08T04:30:08.759091,ae591df7567a7e44
Ensamble Bar,Bar,"4,8",63,"San Martín 2661, Q8302 Neuquén, Argentina",-38.954629,-68.0962859,Nestor Apablaza,4.0,"Me gustó el Ambiente Muy Tranquilo y la Calidez del Lugar,..",2024-01-09,Hace 2 años,https://www.google.com/maps/place/Ensamble+Bar/data=!4m7!3m6!1s0x960a3328acd10d53:0xd22e85bb70e4e18!8m2!3d-38.954629!4d-68.0962859!16s%2Fg%2F11jt6stgjn!19sChIJUw3RrCgzCpYRGE4Ot1voIg0?authuser=0&hl=en&rclk=1,2026-01-08T04:30:08.759091,215819da7cd1cfbe
Ensamble Bar,Bar,"4,8",63,"San Martín 2661, Q8302 Neuquén, Argentina",-38.954629,-68.0962859,Nan Alejandra Sparrow,5.0,,2024-01-09,Hace 2 años,https://www.google.com/maps/place/Ensamble+Bar/data=!4m7!3m6!1s0x960a3328acd10d53:0xd22e85bb70e4e18!8m2!3d-38.954629!4d-68.0962859!16s%2Fg%2F11jt6stgjn!19sChIJUw3RrCgzCpYRGE4Ot1voIg0?authuser=0&hl=en&rclk=1,2026-01-08T04:30:08.759091,93933c9cc523618f
Ensamble Bar,Bar,"4,8",63,"San Martín 2661, Q8302 Neuquén, Argentina",-38.954629,-68.0962859,Natalio Lucero,5.0,,2024-01-09,Hace 2 años,https://www.google.com/maps/place/Ensamble+Bar/data=!4m7!3m6!1s0x960a3328acd10d53:0xd22e85bb70e4e18!8m2!3d-38.954629!4d-68.0962859!16s%2Fg%2F11jt6stgjn!19sChIJUw3RrCgzCpYRGE4Ot1voIg0?authuser=0&hl=en&rclk=1,2026-01-08T04:30:08.759091,716531004a202bed
Ensamble Bar,Bar,"4,8",63,"San Martín 2661, Q8302 Neuquén, Argentina",-38.954629,-68.0962859,Joa Quin,3.0,,2024-01-09,Hace 2 años,https://www.google.com/maps/place/Ensamble+Bar/data=!4m7!3m6!1s0x960a3328acd10d53:0xd22e85bb70e4e18!8m2!3d-38.954629!4d-68.0962859!16s%2Fg%2F11jt6stgjn!19sChIJUw3RrCgzCpYRGE4Ot1voIg0?authuser=0&hl=en&rclk=1,2026-01-08T04:30:08.759091,b17a824fb2dc8158
Ensamble Bar,Bar,"4,8",63,"San Martín 2661, Q8302 Neuquén, Argentina",-38.954629,-68.0962859,Guazon93,5.0,"Es muy buen lugar para ir a comer, es muy buena la comida y es un ambiente bastante rockero, además es barato.",2024-01-09,Hace 2 años,https://www.google.com/maps/place/Ensamble+Bar/data=!4m7!3m6!1s0x960a3328acd10d53:0xd22e85bb70e4e18!8m2!3d-38.954629!4d-68.0962859!16s%2Fg%2F11jt6stgjn!19sChIJUw3RrCgzCpYRGE4Ot1voIg0?authuser=0&hl=en&rclk=1,2026-01-08T04:30:08.759091,a446b50a78410edb
Ensamble Bar,Bar,"4,8",63,"San Martín 2661, Q8302 Neuquén, Argentina",-38.954629,-68.0962859,Fran Sosa,4.0,Buena birra y música.,2024-01-09,Hace 2 años,https://www.google.com/maps/place/Ensamble+Bar/data=!4m7!3m6!1s0x960a3328acd10d53:0xd22e85bb70e4e18!8m2!3d-38.954629!4d-68.0962859!16s%2Fg%2F11jt6stgjn!19sChIJUw3RrCgzCpYRGE4Ot1voIg0?authuser=0&hl=en&rclk=1,2026-01-08T04:30:08.759091,497def5a658dbfd3
Ensamble Bar,Bar,"4,8",63,"San Martín 2661, Q8302 Neuquén, Argentina",-38.954629,-68.0962859,Roberto Gabriel Sura,5.0,"Zarpado lugar ,buena birra ,buena comida buena música buena atención!!!!",2024-01-09,Hace 2 años,https://www.google.com/maps/place/Ensamble+Bar/data=!4m7!3m6!1s0x960a3328acd10d53:0xd22e85bb70e4e18!8m2!3d-38.954629!4d-68.0962859!16s%2Fg%2F11jt6stgjn!19sChIJUw3RrCgzCpYRGE4Ot1voIg0?authuser=0&hl=en&rclk=1,2026-01-08T04:30:08.759091,b6d13481808a71ca
Ensamble Bar,Bar,"4,8",63,"San Martín 2661, Q8302 Neuquén, Argentina",-38.954629,-68.0962859,Bruno Moretti,5.0,"De calidad inigualable en birra y comidas, atención de 10 y además de todo es el único Bar de Rock y Metal de la ciudad! Ajeno al tiempo! Vas a disfrutar mucho este lugar!",2024-01-09,Hace 2 años,https://www.google.com/maps/place/Ensamble+Bar/data=!4m7!3m6!1s0x960a3328acd10d53:0xd22e85bb70e4e18!8m2!3d-38.954629!4d-68.0962859!16s%2Fg%2F11jt6stgjn!19sChIJUw3RrCgzCpYRGE4Ot1voIg0?authuser=0&hl=en&rclk=1,2026-01-08T04:30:08.759091,4e8615310dd8d2d1
Ensamble Bar,Bar,"4,8",63,"San Martín 2661, Q8302 Neuquén, Argentina",-38.954629,-68.0962859,Luciano Neira,4.0,,2024-01-09,Hace 2 años,https://www.google.com/maps/place/Ensamble+Bar/data=!4m7!3m6!1s0x960a3328acd10d53:0xd22e85bb70e4e18!8m2!3d-38.954629!4d-68.0962859!16s%2Fg%2F11jt6stgjn!19sChIJUw3RrCgzCpYRGE4Ot1voIg0?authuser=0&hl=en&rclk=1,2026-01-08T04:30:08.759091,3945522fb2e32740
Ensamble Bar,Bar,"4,8",63,"San Martín 2661, Q8302 Neuquén, Argentina",-38.954629,-68.0962859,Juan jose Chaneton such,5.0,Terrible lugar para compartir y escuchar buena música! Excelente ambiente,2024-01-09,Hace 2 años,https://www.google.com/maps/place/Ensamble+Bar/data=!4m7!3m6!1s0x960a3328acd10d53:0xd22e85bb70e4e18!8m2!3d-38.954629!4d-68.0962859!16s%2Fg%2F11jt6stgjn!19sChIJUw3RrCgzCpYRGE4Ot1voIg0?authuser=0&hl=en&rclk=1,2026-01-08T04:30:08.759091,2aabbebd48b5f2ef
Ensamble Bar,Bar,"4,8",63,"San Martín 2661, Q8302 Neuquén, Argentina",-38.954629,-68.0962859,Fabian Osorio,5.0,Tremendo lugar para disfrutar con amigos y familia. ...,2024-01-09,Hace 2 años,https://www.google.com/maps/place/Ensamble+Bar/data=!4m7!3m6!1s0x960a3328acd10d53:0xd22e85bb70e4e18!8m2!3d-38.954629!4d-68.0962859!16s%2Fg%2F11jt6stgjn!19sChIJUw3RrCgzCpYRGE4Ot1voIg0?authuser=0&hl=en&rclk=1,2026-01-08T04:30:08.759091,996776279f66c006
Ensamble Bar,Bar,"4,8",63,"San Martín 2661, Q8302 Neuquén, Argentina",-38.954629,-68.0962859,Sebastian Del Estero,4.0,Lindo lugar y agradable Musica.... Buenos precios... Ideal para cortar la semana,2024-01-09,Hace 2 años,https://www.google.com/maps/place/Ensamble+Bar/data=!4m7!3m6!1s0x960a3328acd10d53:0xd22e85bb70e4e18!8m2!3d-38.954629!4d-68.0962859!16s%2Fg%2F11jt6stgjn!19sChIJUw3RrCgzCpYRGE4Ot1voIg0?authuser=0&hl=en&rclk=1,2026-01-08T04:30:08.759091,9826d0204544ccb8
Ensamble Bar,Bar,"4,8",63,"San Martín 2661, Q8302 Neuquén, Argentina",-38.954629,-68.0962859,roberto tejada,5.0,Buena atención rica la comida y los tragos,2024-01-09,Hace 2 años,https://www.google.com/maps/place/Ensamble+Bar/data=!4m7!3m6!1s0x960a3328acd10d53:0xd22e85bb70e4e18!8m2!3d-38.954629!4d-68.0962859!16s%2Fg%2F11jt6stgjn!19sChIJUw3RrCgzCpYRGE4Ot1voIg0?authuser=0&hl=en&rclk=1,2026-01-08T04:30:08.759091,38e854b765b9f196
Ensamble Bar,Bar,"4,8",63,"San Martín 2661, Q8302 Neuquén, Argentina",-38.954629,-68.0962859,Joaquin Adamo,5.0,Rica pizza. Rica limonada. Muy amables,2024-01-09,Hace 2 años,https://www.google.com/maps/place/Ensamble+Bar/data=!4m7!3m6!1s0x960a3328acd10d53:0xd22e85bb70e4e18!8m2!3d-38.954629!4d-68.0962859!16s%2Fg%2F11jt6stgjn!19sChIJUw3RrCgzCpYRGE4Ot1voIg0?authuser=0&hl=en&rclk=1,2026-01-08T04:30:08.759091,497a2586ec0eece2
Ensamble Bar,Bar,"4,8",63,"San Martín 2661, Q8302 Neuquén, Argentina",-38.954629,-68.0962859,Vanesa Ramallo,5.0,"Hermoso lugar, tranquilo y muy buena música! Cerveza artesanal, papas cheddar,, pizza etc, todo exquisito!!",2024-01-09,Hace 2 años,https://www.google.com/maps/place/Ensamble+Bar/data=!4m7!3m6!1s0x960a3328acd10d53:0xd22e85bb70e4e18!8m2!3d-38.954629!4d-68.0962859!16s%2Fg%2F11jt6stgjn!19sChIJUw3RrCgzCpYRGE4Ot1voIg0?authuser=0&hl=en&rclk=1,2026-01-08T04:30:08.759091,d847a9782b12cfca
Ensamble Bar,Bar,"4,8",63,"San Martín 2661, Q8302 Neuquén, Argentina",-38.954629,-68.0962859,Luis Asuncion,5.0,"Excelente atencion,buen precio y la cerveza bien helada!!!",2024-01-09,Hace 2 años,https://www.google.com/maps/place/Ensamble+Bar/data=!4m7!3m6!1s0x960a3328acd10d53:0xd22e85bb70e4e18!8m2!3d-38.954629!4d-68.0962859!16s%2Fg%2F11jt6stgjn!19sChIJUw3RrCgzCpYRGE4Ot1voIg0?authuser=0&hl=en&rclk=1,2026-01-08T04:30:08.759091,12296592dfc89b09
Ensamble Bar,Bar,"4,8",63,"San Martín 2661, Q8302 Neuquén, Argentina",-38.954629,-68.0962859,Nadia Yakutczik,5.0,"El ambiente del lugar es muy cálido , buena música, buena atención y se come re bien ! Pedí una pizza y una cerveza roja una delicia todo ! Recomendable !!!",2024-01-09,Hace 2 años,https://www.google.com/maps/place/Ensamble+Bar/data=!4m7!3m6!1s0x960a3328acd10d53:0xd22e85bb70e4e18!8m2!3d-38.954629!4d-68.0962859!16s%2Fg%2F11jt6stgjn!19sChIJUw3RrCgzCpYRGE4Ot1voIg0?authuser=0&hl=en&rclk=1,2026-01-08T04:30:08.759091,2bd1dab10beaa2c0
Ensamble Bar,Bar,"4,8",63,"San Martín 2661, Q8302 Neuquén, Argentina",-38.954629,-68.0962859,Mauricio Roberto OJEDA,5.0,Buena atención lo recomiendo,2024-01-09,Hace 2 años,https://www.google.com/maps/place/Ensamble+Bar/data=!4m7!3m6!1s0x960a3328acd10d53:0xd22e85bb70e4e18!8m2!3d-38.954629!4d-68.0962859!16s%2Fg%2F11jt6stgjn!19sChIJUw3RrCgzCpYRGE4Ot1voIg0?authuser=0&hl=en&rclk=1,2026-01-08T04:30:08.759091,3bfe815a90dd5a50
Ensamble Bar,Bar,"4,8",63,"San Martín 2661, Q8302 Neuquén, Argentina",-38.954629,-68.0962859,Lorena Sanchez,5.0,"El mejor bar de Neuquén, excelente todo: onda, comida, cerveza, música. Un 10.",2024-01-09,Hace 2 años,https://www.google.com/maps/place/Ensamble+Bar/data=!4m7!3m6!1s0x960a3328acd10d53:0xd22e85bb70e4e18!8m2!3d-38.954629!4d-68.0962859!16s%2Fg%2F11jt6stgjn!19sChIJUw3RrCgzCpYRGE4Ot1voIg0?authuser=0&hl=en&rclk=1,2026-01-08T04:30:08.759091,97b17148057956e2
Ensamble Bar,Bar,"4,8",63,"San Martín 2661, Q8302 Neuquén, Argentina",-38.954629,-68.0962859,Jose Mauricio Peñaloza,3.0,,2024-01-09,Hace 2 años,https://www.google.com/maps/place/Ensamble+Bar/data=!4m7!3m6!1s0x960a3328acd10d53:0xd22e85bb70e4e18!8m2!3d-38.954629!4d-68.0962859!16s%2Fg%2F11jt6stgjn!19sChIJUw3RrCgzCpYRGE4Ot1voIg0?authuser=0&hl=en&rclk=1,2026-01-08T04:30:08.759091,1390650ab2fb9462
Ensamble Bar,Bar,"4,8",63,"San Martín 2661, Q8302 Neuquén, Argentina",-38.954629,-68.0962859,Rosana Torrez,5.0,,2024-01-09,Hace 2 años,https://www.google.com/maps/place/Ensamble+Bar/data=!4m7!3m6!1s0x960a3328acd10d53:0xd22e85bb70e4e18!8m2!3d-38.954629!4d-68.0962859!16s%2Fg%2F11jt6stgjn!19sChIJUw3RrCgzCpYRGE4Ot1voIg0?authuser=0&hl=en&rclk=1,2026-01-08T04:30:08.759091,755a08aaa58a9c12
Ensamble Bar,Bar,"4,8",63,"San Martín 2661, Q8302 Neuquén, Argentina",-38.954629,-68.0962859,diego hernan,5.0,"Aguante ensamble! Rock de fondo y birra, que más necesitas?",2024-01-09,Hace 2 años,https://www.google.com/maps/place/Ensamble+Bar/data=!4m7!3m6!1s0x960a3328acd10d53:0xd22e85bb70e4e18!8m2!3d-38.954629!4d-68.0962859!16s%2Fg%2F11jt6stgjn!19sChIJUw3RrCgzCpYRGE4Ot1voIg0?authuser=0&hl=en&rclk=1,2026-01-08T04:30:08.759091,84d9e0c8cd3a6067
Ensamble Bar,Bar,"4,8",63,"San Martín 2661, Q8302 Neuquén, Argentina",-38.954629,-68.0962859,Alan Saez,5.0,Excelente atención,2024-01-09,Hace 2 años,https://www.google.com/maps/place/Ensamble+Bar/data=!4m7!3m6!1s0x960a3328acd10d53:0xd22e85bb70e4e18!8m2!3d-38.954629!4d-68.0962859!16s%2Fg%2F11jt6stgjn!19sChIJUw3RrCgzCpYRGE4Ot1voIg0?authuser=0&hl=en&rclk=1,2026-01-08T04:30:08.759091,e9a89614e023828a
Ensamble Bar,Bar,"4,8",63,"San Martín 2661, Q8302 Neuquén, Argentina",-38.954629,-68.0962859,Walter Quiroga,4.0,"muy buena atención,buena música,buena birra ,faltaría ampliar la carta de comidas",2024-01-09,Hace 2 años,https://www.google.com/maps/place/Ensamble+Bar/data=!4m7!3m6!1s0x960a3328acd10d53:0xd22e85bb70e4e18!8m2!3d-38.954629!4d-68.0962859!16s%2Fg%2F11jt6stgjn!19sChIJUw3RrCgzCpYRGE4Ot1voIg0?authuser=0&hl=en&rclk=1,2026-01-08T04:30:08.759091,cae7a55ec568d371
Ensamble Bar,Bar,"4,8",63,"San Martín 2661, Q8302 Neuquén, Argentina",-38.954629,-68.0962859,Pablo Soldini,4.0,"Muy buena atención, simple y cercana
Las pizzas muy buenas
Un Bar de Rock que promete
Lo recomiendo",2023-01-09,Hace 3 años,https://www.google.com/maps/place/Ensamble+Bar/data=!4m7!3m6!1s0x960a3328acd10d53:0xd22e85bb70e4e18!8m2!3d-38.954629!4d-68.0962859!16s%2Fg%2F11jt6stgjn!19sChIJUw3RrCgzCpYRGE4Ot1voIg0?authuser=0&hl=en&rclk=1,2026-01-08T04:30:08.759091,1dfd69ed38251765
Ensamble Bar,Bar,"4,8",63,"San Martín 2661, Q8302 Neuquén, Argentina",-38.954629,-68.0962859,Roo Diaz,5.0,,2023-01-09,Hace 3 años,https://www.google.com/maps/place/Ensamble+Bar/data=!4m7!3m6!1s0x960a3328acd10d53:0xd22e85bb70e4e18!8m2!3d-38.954629!4d-68.0962859!16s%2Fg%2F11jt6stgjn!19sChIJUw3RrCgzCpYRGE4Ot1voIg0?authuser=0&hl=en&rclk=1,2026-01-08T04:30:08.759091,d9534dba314305d3
Ensamble Bar,Bar,"4,8",63,"San Martín 2661, Q8302 Neuquén, Argentina",-38.954629,-68.0962859,Frasinelli Pao,4.0,"Ricas hamburguesas y buenos tragos, tienen débito y MP. Un lugar tranquilo para ir a charlar o comer algo",2023-01-09,Hace 3 años,https://www.google.com/maps/place/Ensamble+Bar/data=!4m7!3m6!1s0x960a3328acd10d53:0xd22e85bb70e4e18!8m2!3d-38.954629!4d-68.0962859!16s%2Fg%2F11jt6stgjn!19sChIJUw3RrCgzCpYRGE4Ot1voIg0?authuser=0&hl=en&rclk=1,2026-01-08T04:30:08.759091,c1f496ed54a5d008
Ensamble Bar,Bar,"4,8",63,"San Martín 2661, Q8302 Neuquén, Argentina",-38.954629,-68.0962859,Arturo Torres,5.0,"La mejor birra, la música muy buena y riquísima comida!",2023-01-09,Hace 3 años,https://www.google.com/maps/place/Ensamble+Bar/data=!4m7!3m6!1s0x960a3328acd10d53:0xd22e85bb70e4e18!8m2!3d-38.954629!4d-68.0962859!16s%2Fg%2F11jt6stgjn!19sChIJUw3RrCgzCpYRGE4Ot1voIg0?authuser=0&hl=en&rclk=1,2026-01-08T04:30:08.759091,99182e02d205517e
Ensamble Bar,Bar,"4,8",63,"San Martín 2661, Q8302 Neuquén, Argentina",-38.954629,-68.0962859,Mauricio Damián Segura,5.0,"Excelente atención y muy buena,comida.",2023-01-09,Hace 3 años,https://www.google.com/maps/place/Ensamble+Bar/data=!4m7!3m6!1s0x960a3328acd10d53:0xd22e85bb70e4e18!8m2!3d-38.954629!4d-68.0962859!16s%2Fg%2F11jt6stgjn!19sChIJUw3RrCgzCpYRGE4Ot1voIg0?authuser=0&hl=en&rclk=1,2026-01-08T04:30:08.759091,6af5570139264010
Ensamble Bar,Bar,"4,8",63,"San Martín 2661, Q8302 Neuquén, Argentina",-38.954629,-68.0962859,David Rodriguez,5.0,,2023-01-09,Hace 3 años,https://www.google.com/maps/place/Ensamble+Bar/data=!4m7!3m6!1s0x960a3328acd10d53:0xd22e85bb70e4e18!8m2!3d-38.954629!4d-68.0962859!16s%2Fg%2F11jt6stgjn!19sChIJUw3RrCgzCpYRGE4Ot1voIg0?authuser=0&hl=en&rclk=1,2026-01-08T04:30:08.759091,6e33523e3a93bc08
Ensamble Bar,Bar,"4,8",63,"San Martín 2661, Q8302 Neuquén, Argentina",-38.954629,-68.0962859,Rodolfo Herrera,5.0,"Excelente lugar, muy buena atención, música, comida y cerveza... Tremendo!! Muy recomendado",2023-01-09,Hace 3 años,https://www.google.com/maps/place/Ensamble+Bar/data=!4m7!3m6!1s0x960a3328acd10d53:0xd22e85bb70e4e18!8m2!3d-38.954629!4d-68.0962859!16s%2Fg%2F11jt6stgjn!19sChIJUw3RrCgzCpYRGE4Ot1voIg0?authuser=0&hl=en&rclk=1,2026-01-08T04:30:08.759091,776dcca6014d48cd
Ensamble Bar,Bar,"4,8",63,"San Martín 2661, Q8302 Neuquén, Argentina",-38.954629,-68.0962859,Cynthia solocynthia,5.0,"Excelente atención, muy buena música y sobre todo cerveza artesanal",2023-01-09,Hace 3 años,https://www.google.com/maps/place/Ensamble+Bar/data=!4m7!3m6!1s0x960a3328acd10d53:0xd22e85bb70e4e18!8m2!3d-38.954629!4d-68.0962859!16s%2Fg%2F11jt6stgjn!19sChIJUw3RrCgzCpYRGE4Ot1voIg0?authuser=0&hl=en&rclk=1,2026-01-08T04:30:08.759091,ab8fe736dd8ba434
Ensamble Bar,Bar,"4,8",63,"San Martín 2661, Q8302 Neuquén, Argentina",-38.954629,-68.0962859,Sam,5.0,"Muy buena atención, genial la música, se come bien.
Recomendado!",2023-01-09,Hace 3 años,https://www.google.com/maps/place/Ensamble+Bar/data=!4m7!3m6!1s0x960a3328acd10d53:0xd22e85bb70e4e18!8m2!3d-38.954629!4d-68.0962859!16s%2Fg%2F11jt6stgjn!19sChIJUw3RrCgzCpYRGE4Ot1voIg0?authuser=0&hl=en&rclk=1,2026-01-08T04:30:08.759091,cd04107f4fc43c52
"MUTISIA Cerveza | Cerveceria , Bar y Fábrica",Beer hall,"4,9",76,"Bartolomé Mitre 1174, Q8300 Neuquén, Argentina",-38.957132,-68.0428413,Jorge Calmels,5.0,"Excelente cerveza artesanal, el lugar es típico cervecero, cálido. Bien ambientado. La comida y la atención es muy buena. La cerveza artesanal es buenísima 10/10 digna de medallas.",2025-12-18,Hace 3 semanas,"https://www.google.com/maps/place/MUTISIA+Cerveza+%7C+Cerveceria+,+Bar+y+F%C3%A1brica/data=!4m7!3m6!1s0x960a31a7b90a8569:0xf32bfd289fa66e35!8m2!3d-38.957132!4d-68.0428413!16s%2Fg%2F11t2595vly!19sChIJaYUKuacxCpYRNW6mnyj9K_M?authuser=0&hl=en&rclk=1",2026-01-08T04:30:31.029823,066309c9ae2734ab
"MUTISIA Cerveza | Cerveceria , Bar y Fábrica",Beer hall,"4,9",76,"Bartolomé Mitre 1174, Q8300 Neuquén, Argentina",-38.957132,-68.0428413,Sol Meaca,5.0,,2025-12-09,Hace un mes,"https://www.google.com/maps/place/MUTISIA+Cerveza+%7C+Cerveceria+,+Bar+y+F%C3%A1brica/data=!4m7!3m6!1s0x960a31a7b90a8569:0xf32bfd289fa66e35!8m2!3d-38.957132!4d-68.0428413!16s%2Fg%2F11t2595vly!19sChIJaYUKuacxCpYRNW6mnyj9K_M?authuser=0&hl=en&rclk=1",2026-01-08T04:30:31.029823,845a91c126e1eb57
"MUTISIA Cerveza | Cerveceria , Bar y Fábrica",Beer hall,"4,9",76,"Bartolomé Mitre 1174, Q8300 Neuquén, Argentina",-38.957132,-68.0428413,marisa soto,4.0,"Muy buena la cerveza 🍺
Solo probé la focaccia, pero sin duda volvería para probar más del menú.",2025-12-09,Hace un mes,"https://www.google.com/maps/place/MUTISIA+Cerveza+%7C+Cerveceria+,+Bar+y+F%C3%A1brica/data=!4m7!3m6!1s0x960a31a7b90a8569:0xf32bfd289fa66e35!8m2!3d-38.957132!4d-68.0428413!16s%2Fg%2F11t2595vly!19sChIJaYUKuacxCpYRNW6mnyj9K_M?authuser=0&hl=en&rclk=1",2026-01-08T04:30:31.029823,326bc5fdd28f79a3
"MUTISIA Cerveza | Cerveceria , Bar y Fábrica",Beer hall,"4,9",76,"Bartolomé Mitre 1174, Q8300 Neuquén, Argentina",-38.957132,-68.0428413,Maximiliano Vallejos,5.0,Es el mejor lugar del planeta.,2025-12-09,Hace un mes,"https://www.google.com/maps/place/MUTISIA+Cerveza+%7C+Cerveceria+,+Bar+y+F%C3%A1brica/data=!4m7!3m6!1s0x960a31a7b90a8569:0xf32bfd289fa66e35!8m2!3d-38.957132!4d-68.0428413!16s%2Fg%2F11t2595vly!19sChIJaYUKuacxCpYRNW6mnyj9K_M?authuser=0&hl=en&rclk=1",2026-01-08T04:30:31.029823,f85c2740d40b014c
"MUTISIA Cerveza | Cerveceria , Bar y Fábrica",Beer hall,"4,9",76,"Bartolomé Mitre 1174, Q8300 Neuquén, Argentina",-38.957132,-68.0428413,Lorenzo Ferrari,5.0,Excelente cerveza,2025-12-09,Hace un mes,"https://www.google.com/maps/place/MUTISIA+Cerveza+%7C+Cerveceria+,+Bar+y+F%C3%A1brica/data=!4m7!3m6!1s0x960a31a7b90a8569:0xf32bfd289fa66e35!8m2!3d-38.957132!4d-68.0428413!16s%2Fg%2F11t2595vly!19sChIJaYUKuacxCpYRNW6mnyj9K_M?authuser=0&hl=en&rclk=1",2026-01-08T04:30:31.029823,30c7deebd7633ae2
"MUTISIA Cerveza | Cerveceria , Bar y Fábrica",Beer hall,"4,9",76,"Bartolomé Mitre 1174, Q8300 Neuquén, Argentina",-38.957132,-68.0428413,Lara Gonzalez,5.0,"Buenísimo el lugar, pintas a 4.500 y deliciosas, la piba que nos atendió copadisima, re graciosa ni idea cuanto cobra pero subanle el sueldo jajs",2025-11-09,Hace 2 meses,"https://www.google.com/maps/place/MUTISIA+Cerveza+%7C+Cerveceria+,+Bar+y+F%C3%A1brica/data=!4m7!3m6!1s0x960a31a7b90a8569:0xf32bfd289fa66e35!8m2!3d-38.957132!4d-68.0428413!16s%2Fg%2F11t2595vly!19sChIJaYUKuacxCpYRNW6mnyj9K_M?authuser=0&hl=en&rclk=1",2026-01-08T04:30:31.029823,de872656641d7f9b
"MUTISIA Cerveza | Cerveceria , Bar y Fábrica",Beer hall,"4,9",76,"Bartolomé Mitre 1174, Q8300 Neuquén, Argentina",-38.957132,-68.0428413,Natalia Mercado,5.0,,2025-11-09,Hace 2 meses,"https://www.google.com/maps/place/MUTISIA+Cerveza+%7C+Cerveceria+,+Bar+y+F%C3%A1brica/data=!4m7!3m6!1s0x960a31a7b90a8569:0xf32bfd289fa66e35!8m2!3d-38.957132!4d-68.0428413!16s%2Fg%2F11t2595vly!19sChIJaYUKuacxCpYRNW6mnyj9K_M?authuser=0&hl=en&rclk=1",2026-01-08T04:30:31.029823,13fbecc365bf34d7
"MUTISIA Cerveza | Cerveceria , Bar y Fábrica",Beer hall,"4,9",76,"Bartolomé Mitre 1174, Q8300 Neuquén, Argentina",-38.957132,-68.0428413,Miguel López,5.0,,2025-10-10,Hace 3 meses,"https://www.google.com/maps/place/MUTISIA+Cerveza+%7C+Cerveceria+,+Bar+y+F%C3%A1brica/data=!4m7!3m6!1s0x960a31a7b90a8569:0xf32bfd289fa66e35!8m2!3d-38.957132!4d-68.0428413!16s%2Fg%2F11t2595vly!19sChIJaYUKuacxCpYRNW6mnyj9K_M?authuser=0&hl=en&rclk=1",2026-01-08T04:30:31.029823,1296cfaa587a27b9
"MUTISIA Cerveza | Cerveceria , Bar y Fábrica",Beer hall,"4,9",76,"Bartolomé Mitre 1174, Q8300 Neuquén, Argentina",-38.957132,-68.0428413,Federico Zamudio,4.0,,2025-09-10,Hace 4 meses,"https://www.google.com/maps/place/MUTISIA+Cerveza+%7C+Cerveceria+,+Bar+y+F%C3%A1brica/data=!4m7!3m6!1s0x960a31a7b90a8569:0xf32bfd289fa66e35!8m2!3d-38.957132!4d-68.0428413!16s%2Fg%2F11t2595vly!19sChIJaYUKuacxCpYRNW6mnyj9K_M?authuser=0&hl=en&rclk=1",2026-01-08T04:30:31.029823,8e38de2bab54c627
"MUTISIA Cerveza | Cerveceria , Bar y Fábrica",Beer hall,"4,9",76,"Bartolomé Mitre 1174, Q8300 Neuquén, Argentina",-38.957132,-68.0428413,Dana Ogar,5.0,,2025-09-10,Hace 4 meses,"https://www.google.com/maps/place/MUTISIA+Cerveza+%7C+Cerveceria+,+Bar+y+F%C3%A1brica/data=!4m7!3m6!1s0x960a31a7b90a8569:0xf32bfd289fa66e35!8m2!3d-38.957132!4d-68.0428413!16s%2Fg%2F11t2595vly!19sChIJaYUKuacxCpYRNW6mnyj9K_M?authuser=0&hl=en&rclk=1",2026-01-08T04:30:31.029823,e7b70213d6c0b790
"MUTISIA Cerveza | Cerveceria , Bar y Fábrica",Beer hall,"4,9",76,"Bartolomé Mitre 1174, Q8300 Neuquén, Argentina",-38.957132,-68.0428413,Francisco Dehais,5.0,Exelente atención!,2025-09-10,Hace 4 meses,"https://www.google.com/maps/place/MUTISIA+Cerveza+%7C+Cerveceria+,+Bar+y+F%C3%A1brica/data=!4m7!3m6!1s0x960a31a7b90a8569:0xf32bfd289fa66e35!8m2!3d-38.957132!4d-68.0428413!16s%2Fg%2F11t2595vly!19sChIJaYUKuacxCpYRNW6mnyj9K_M?authuser=0&hl=en&rclk=1",2026-01-08T04:30:31.029823,af8f2604f087218d
"MUTISIA Cerveza | Cerveceria , Bar y Fábrica",Beer hall,"4,9",76,"Bartolomé Mitre 1174, Q8300 Neuquén, Argentina",-38.957132,-68.0428413,Nicolás Procopiuk,5.0,"El mejor lugar del mundo mundial. Mutisia, patrimonio de la humanidad.",2025-09-10,Hace 4 meses,"https://www.google.com/maps/place/MUTISIA+Cerveza+%7C+Cerveceria+,+Bar+y+F%C3%A1brica/data=!4m7!3m6!1s0x960a31a7b90a8569:0xf32bfd289fa66e35!8m2!3d-38.957132!4d-68.0428413!16s%2Fg%2F11t2595vly!19sChIJaYUKuacxCpYRNW6mnyj9K_M?authuser=0&hl=en&rclk=1",2026-01-08T04:30:31.029823,c3cedbec02068b18
"MUTISIA Cerveza | Cerveceria , Bar y Fábrica",Beer hall,"4,9",76,"Bartolomé Mitre 1174, Q8300 Neuquén, Argentina",-38.957132,-68.0428413,Diego F. Herlan,5.0,Hace tiempo no me encontraba con una cerveza tan rica y encima acompañada por la explicación de cómo se había llegado a esa receta. Feliz y con ganas de volver.,2025-08-11,Hace 5 meses,"https://www.google.com/maps/place/MUTISIA+Cerveza+%7C+Cerveceria+,+Bar+y+F%C3%A1brica/data=!4m7!3m6!1s0x960a31a7b90a8569:0xf32bfd289fa66e35!8m2!3d-38.957132!4d-68.0428413!16s%2Fg%2F11t2595vly!19sChIJaYUKuacxCpYRNW6mnyj9K_M?authuser=0&hl=en&rclk=1",2026-01-08T04:30:31.029823,3c49ce6239c3db4b
"MUTISIA Cerveza | Cerveceria , Bar y Fábrica",Beer hall,"4,9",76,"Bartolomé Mitre 1174, Q8300 Neuquén, Argentina",-38.957132,-68.0428413,nik monzon,5.0,Atencion de 10 y muy rica la birraa,2025-08-11,Hace 5 meses,"https://www.google.com/maps/place/MUTISIA+Cerveza+%7C+Cerveceria+,+Bar+y+F%C3%A1brica/data=!4m7!3m6!1s0x960a31a7b90a8569:0xf32bfd289fa66e35!8m2!3d-38.957132!4d-68.0428413!16s%2Fg%2F11t2595vly!19sChIJaYUKuacxCpYRNW6mnyj9K_M?authuser=0&hl=en&rclk=1",2026-01-08T04:30:31.029823,3411f21f71701775
"MUTISIA Cerveza | Cerveceria , Bar y Fábrica",Beer hall,"4,9",76,"Bartolomé Mitre 1174, Q8300 Neuquén, Argentina",-38.957132,-68.0428413,Hugo Pasquier,4.0,,2025-07-12,Hace 6 meses,"https://www.google.com/maps/place/MUTISIA+Cerveza+%7C+Cerveceria+,+Bar+y+F%C3%A1brica/data=!4m7!3m6!1s0x960a31a7b90a8569:0xf32bfd289fa66e35!8m2!3d-38.957132!4d-68.0428413!16s%2Fg%2F11t2595vly!19sChIJaYUKuacxCpYRNW6mnyj9K_M?authuser=0&hl=en&rclk=1",2026-01-08T04:30:31.029823,50e75c66bb8b3c89
"MUTISIA Cerveza | Cerveceria , Bar y Fábrica",Beer hall,"4,9",76,"Bartolomé Mitre 1174, Q8300 Neuquén, Argentina",-38.957132,-68.0428413,Catalina Rigo,5.0,Excelente la birra y la atención de los chicos.,2025-07-12,Hace 6 meses,"https://www.google.com/maps/place/MUTISIA+Cerveza+%7C+Cerveceria+,+Bar+y+F%C3%A1brica/data=!4m7!3m6!1s0x960a31a7b90a8569:0xf32bfd289fa66e35!8m2!3d-38.957132!4d-68.0428413!16s%2Fg%2F11t2595vly!19sChIJaYUKuacxCpYRNW6mnyj9K_M?authuser=0&hl=en&rclk=1",2026-01-08T04:30:31.029823,f040dde995c1728c
"MUTISIA Cerveza | Cerveceria , Bar y Fábrica",Beer hall,"4,9",76,"Bartolomé Mitre 1174, Q8300 Neuquén, Argentina",-38.957132,-68.0428413,Karina Fernandes,4.0,"Un espacio alejado del centro donde están todos los bares sin embargo, es un lugar súper cálido con mucha onda y cervezas exquisitas. La chica que no atendió una genia.",2025-07-12,Hace 6 meses,"https://www.google.com/maps/place/MUTISIA+Cerveza+%7C+Cerveceria+,+Bar+y+F%C3%A1brica/data=!4m7!3m6!1s0x960a31a7b90a8569:0xf32bfd289fa66e35!8m2!3d-38.957132!4d-68.0428413!16s%2Fg%2F11t2595vly!19sChIJaYUKuacxCpYRNW6mnyj9K_M?authuser=0&hl=en&rclk=1",2026-01-08T04:30:31.029823,89d2b895ec334aec
"MUTISIA Cerveza | Cerveceria , Bar y Fábrica",Beer hall,"4,9",76,"Bartolomé Mitre 1174, Q8300 Neuquén, Argentina",-38.957132,-68.0428413,Florzukii,5.0,,2025-07-12,Hace 6 meses,"https://www.google.com/maps/place/MUTISIA+Cerveza+%7C+Cerveceria+,+Bar+y+F%C3%A1brica/data=!4m7!3m6!1s0x960a31a7b90a8569:0xf32bfd289fa66e35!8m2!3d-38.957132!4d-68.0428413!16s%2Fg%2F11t2595vly!19sChIJaYUKuacxCpYRNW6mnyj9K_M?authuser=0&hl=en&rclk=1",2026-01-08T04:30:31.029823,fe2c8eb6463a81e5
"MUTISIA Cerveza | Cerveceria , Bar y Fábrica",Beer hall,"4,9",76,"Bartolomé Mitre 1174, Q8300 Neuquén, Argentina",-38.957132,-68.0428413,Juan p Muga,5.0,"Muy buenas cervezas , excelente lugar para ir a compartir en familia o con amigos, muy recomendable",2025-06-12,Hace 7 meses,"https://www.google.com/maps/place/MUTISIA+Cerveza+%7C+Cerveceria+,+Bar+y+F%C3%A1brica/data=!4m7!3m6!1s0x960a31a7b90a8569:0xf32bfd289fa66e35!8m2!3d-38.957132!4d-68.0428413!16s%2Fg%2F11t2595vly!19sChIJaYUKuacxCpYRNW6mnyj9K_M?authuser=0&hl=en&rclk=1",2026-01-08T04:30:31.029823,06a0679e094dd84c
"MUTISIA Cerveza | Cerveceria , Bar y Fábrica",Beer hall,"4,9",76,"Bartolomé Mitre 1174, Q8300 Neuquén, Argentina",-38.957132,-68.0428413,Florencia Aguilar,5.0,,2025-06-12,Hace 7 meses,"https://www.google.com/maps/place/MUTISIA+Cerveza+%7C+Cerveceria+,+Bar+y+F%C3%A1brica/data=!4m7!3m6!1s0x960a31a7b90a8569:0xf32bfd289fa66e35!8m2!3d-38.957132!4d-68.0428413!16s%2Fg%2F11t2595vly!19sChIJaYUKuacxCpYRNW6mnyj9K_M?authuser=0&hl=en&rclk=1",2026-01-08T04:30:31.029823,7939f6e45d2a6cb1
"MUTISIA Cerveza | Cerveceria , Bar y Fábrica",Beer hall,"4,9",76,"Bartolomé Mitre 1174, Q8300 Neuquén, Argentina",-38.957132,-68.0428413,Pablo Méndez,5.0,Muy buenas cervezas y ambiente super agradable!!,2025-06-12,Hace 7 meses,"https://www.google.com/maps/place/MUTISIA+Cerveza+%7C+Cerveceria+,+Bar+y+F%C3%A1brica/data=!4m7!3m6!1s0x960a31a7b90a8569:0xf32bfd289fa66e35!8m2!3d-38.957132!4d-68.0428413!16s%2Fg%2F11t2595vly!19sChIJaYUKuacxCpYRNW6mnyj9K_M?authuser=0&hl=en&rclk=1",2026-01-08T04:30:31.029823,47850a6d8ceb1984
"MUTISIA Cerveza | Cerveceria , Bar y Fábrica",Beer hall,"4,9",76,"Bartolomé Mitre 1174, Q8300 Neuquén, Argentina",-38.957132,-68.0428413,Silvia del Carmen Vera,5.0,"Coco Scotysh, cerveza altamente recomendable! Alquilamos chopera para un evento familiar,  muy buen servicio y asentamiento, buenos precios, excelente calidad! Gracias chicos! Sin duda los volveremos a elegir!",2025-04-13,Hace 9 meses,"https://www.google.com/maps/place/MUTISIA+Cerveza+%7C+Cerveceria+,+Bar+y+F%C3%A1brica/data=!4m7!3m6!1s0x960a31a7b90a8569:0xf32bfd289fa66e35!8m2!3d-38.957132!4d-68.0428413!16s%2Fg%2F11t2595vly!19sChIJaYUKuacxCpYRNW6mnyj9K_M?authuser=0&hl=en&rclk=1",2026-01-08T04:30:31.029823,5ddfead541856efc
"MUTISIA Cerveza | Cerveceria , Bar y Fábrica",Beer hall,"4,9",76,"Bartolomé Mitre 1174, Q8300 Neuquén, Argentina",-38.957132,-68.0428413,Carolina Altamirano,5.0,"Mutisia es lo más. Excelente lugar, los fabricantes son 3 amigos, muy buena onda y fanáticos de lo que hacen: una cerveza exquisita. Desde donde te sentas a tomar la cerveza ves la fábrica (impecable siempre) y también hay juegos de mesa a disposición. La cerveza viene acompañada con maní y también hay snacks para comprar. Vi que gente que fue con un niño pidió gaseosa.",2025-02-12,Hace 11 meses,"https://www.google.com/maps/place/MUTISIA+Cerveza+%7C+Cerveceria+,+Bar+y+F%C3%A1brica/data=!4m7!3m6!1s0x960a31a7b90a8569:0xf32bfd289fa66e35!8m2!3d-38.957132!4d-68.0428413!16s%2Fg%2F11t2595vly!19sChIJaYUKuacxCpYRNW6mnyj9K_M?authuser=0&hl=en&rclk=1",2026-01-08T04:30:31.029823,d5c3852a360ef78f
"MUTISIA Cerveza | Cerveceria , Bar y Fábrica",Beer hall,"4,9",76,"Bartolomé Mitre 1174, Q8300 Neuquén, Argentina",-38.957132,-68.0428413,Emanuel Regalado,5.0,"Excelente cerveza, excelente atención",2025-02-12,Hace 11 meses,"https://www.google.com/maps/place/MUTISIA+Cerveza+%7C+Cerveceria+,+Bar+y+F%C3%A1brica/data=!4m7!3m6!1s0x960a31a7b90a8569:0xf32bfd289fa66e35!8m2!3d-38.957132!4d-68.0428413!16s%2Fg%2F11t2595vly!19sChIJaYUKuacxCpYRNW6mnyj9K_M?authuser=0&hl=en&rclk=1",2026-01-08T04:30:31.029823,f00b310bb4b0b4b7
"MUTISIA Cerveza | Cerveceria , Bar y Fábrica",Beer hall,"4,9",76,"Bartolomé Mitre 1174, Q8300 Neuquén, Argentina",-38.957132,-68.0428413,Sebastián Matías Fernández,5.0,"Excelente lugar
100% recomendable
Las mejores birras del valle 💪💪",2025-01-08,Hace un año,"https://www.google.com/maps/place/MUTISIA+Cerveza+%7C+Cerveceria+,+Bar+y+F%C3%A1brica/data=!4m7!3m6!1s0x960a31a7b90a8569:0xf32bfd289fa66e35!8m2!3d-38.957132!4d-68.0428413!16s%2Fg%2F11t2595vly!19sChIJaYUKuacxCpYRNW6mnyj9K_M?authuser=0&hl=en&rclk=1",2026-01-08T04:30:31.029823,3fb91872a60e220b
"MUTISIA Cerveza | Cerveceria , Bar y Fábrica",Beer hall,"4,9",76,"Bartolomé Mitre 1174, Q8300 Neuquén, Argentina",-38.957132,-68.0428413,Luli Frugoni,5.0,,2025-01-08,Hace un año,"https://www.google.com/maps/place/MUTISIA+Cerveza+%7C+Cerveceria+,+Bar+y+F%C3%A1brica/data=!4m7!3m6!1s0x960a31a7b90a8569:0xf32bfd289fa66e35!8m2!3d-38.957132!4d-68.0428413!16s%2Fg%2F11t2595vly!19sChIJaYUKuacxCpYRNW6mnyj9K_M?authuser=0&hl=en&rclk=1",2026-01-08T04:30:31.029823,8f85b684a743b514
"MUTISIA Cerveza | Cerveceria , Bar y Fábrica",Beer hall,"4,9",76,"Bartolomé Mitre 1174, Q8300 Neuquén, Argentina",-38.957132,-68.0428413,Lily Cuicui,5.0,,2025-01-08,Hace un año,"https://www.google.com/maps/place/MUTISIA+Cerveza+%7C+Cerveceria+,+Bar+y+F%C3%A1brica/data=!4m7!3m6!1s0x960a31a7b90a8569:0xf32bfd289fa66e35!8m2!3d-38.957132!4d-68.0428413!16s%2Fg%2F11t2595vly!19sChIJaYUKuacxCpYRNW6mnyj9K_M?authuser=0&hl=en&rclk=1",2026-01-08T04:30:31.029823,bc58794ebb7d7fd4
"MUTISIA Cerveza | Cerveceria , Bar y Fábrica",Beer hall,"4,9",76,"Bartolomé Mitre 1174, Q8300 Neuquén, Argentina",-38.957132,-68.0428413,Marcos Cámpora,4.0,Buen ambiente y buena birra. Esperando que puedan cocinar otra variedad suave,2025-01-08,Hace un año,"https://www.google.com/maps/place/MUTISIA+Cerveza+%7C+Cerveceria+,+Bar+y+F%C3%A1brica/data=!4m7!3m6!1s0x960a31a7b90a8569:0xf32bfd289fa66e35!8m2!3d-38.957132!4d-68.0428413!16s%2Fg%2F11t2595vly!19sChIJaYUKuacxCpYRNW6mnyj9K_M?authuser=0&hl=en&rclk=1",2026-01-08T04:30:31.029823,25167e36ee842750
"MUTISIA Cerveza | Cerveceria , Bar y Fábrica",Beer hall,"4,9",76,"Bartolomé Mitre 1174, Q8300 Neuquén, Argentina",-38.957132,-68.0428413,Pablo Wachtmeister,5.0,,2025-01-08,Hace un año,"https://www.google.com/maps/place/MUTISIA+Cerveza+%7C+Cerveceria+,+Bar+y+F%C3%A1brica/data=!4m7!3m6!1s0x960a31a7b90a8569:0xf32bfd289fa66e35!8m2!3d-38.957132!4d-68.0428413!16s%2Fg%2F11t2595vly!19sChIJaYUKuacxCpYRNW6mnyj9K_M?authuser=0&hl=en&rclk=1",2026-01-08T04:30:31.029823,93e41e84d8d45865
"MUTISIA Cerveza | Cerveceria , Bar y Fábrica",Beer hall,"4,9",76,"Bartolomé Mitre 1174, Q8300 Neuquén, Argentina",-38.957132,-68.0428413,facundo gonzalo Giannini,5.0,,2025-01-08,Hace un año,"https://www.google.com/maps/place/MUTISIA+Cerveza+%7C+Cerveceria+,+Bar+y+F%C3%A1brica/data=!4m7!3m6!1s0x960a31a7b90a8569:0xf32bfd289fa66e35!8m2!3d-38.957132!4d-68.0428413!16s%2Fg%2F11t2595vly!19sChIJaYUKuacxCpYRNW6mnyj9K_M?authuser=0&hl=en&rclk=1",2026-01-08T04:30:31.029823,f149d8a7fbd4444f
"MUTISIA Cerveza | Cerveceria , Bar y Fábrica",Beer hall,"4,9",76,"Bartolomé Mitre 1174, Q8300 Neuquén, Argentina",-38.957132,-68.0428413,Martin Bivanco,4.0,Muy buena atencion exelente cervesas voy a volver,2025-01-08,Hace un año,"https://www.google.com/maps/place/MUTISIA+Cerveza+%7C+Cerveceria+,+Bar+y+F%C3%A1brica/data=!4m7!3m6!1s0x960a31a7b90a8569:0xf32bfd289fa66e35!8m2!3d-38.957132!4d-68.0428413!16s%2Fg%2F11t2595vly!19sChIJaYUKuacxCpYRNW6mnyj9K_M?authuser=0&hl=en&rclk=1",2026-01-08T04:30:31.029823,2c4b153709beca72
"MUTISIA Cerveza | Cerveceria , Bar y Fábrica",Beer hall,"4,9",76,"Bartolomé Mitre 1174, Q8300 Neuquén, Argentina",-38.957132,-68.0428413,Maria Noelia Roberti,5.0,,2025-01-08,Hace un año,"https://www.google.com/maps/place/MUTISIA+Cerveza+%7C+Cerveceria+,+Bar+y+F%C3%A1brica/data=!4m7!3m6!1s0x960a31a7b90a8569:0xf32bfd289fa66e35!8m2!3d-38.957132!4d-68.0428413!16s%2Fg%2F11t2595vly!19sChIJaYUKuacxCpYRNW6mnyj9K_M?authuser=0&hl=en&rclk=1",2026-01-08T04:30:31.029823,fbee3bd9b2f281ab
"MUTISIA Cerveza | Cerveceria , Bar y Fábrica",Beer hall,"4,9",76,"Bartolomé Mitre 1174, Q8300 Neuquén, Argentina",-38.957132,-68.0428413,Jaoko,4.0,"Muy buena cerveza! 🤩
Te atienden de 10.",2025-01-08,Hace un año,"https://www.google.com/maps/place/MUTISIA+Cerveza+%7C+Cerveceria+,+Bar+y+F%C3%A1brica/data=!4m7!3m6!1s0x960a31a7b90a8569:0xf32bfd289fa66e35!8m2!3d-38.957132!4d-68.0428413!16s%2Fg%2F11t2595vly!19sChIJaYUKuacxCpYRNW6mnyj9K_M?authuser=0&hl=en&rclk=1",2026-01-08T04:30:31.029823,8170225218d60665
"MUTISIA Cerveza | Cerveceria , Bar y Fábrica",Beer hall,"4,9",76,"Bartolomé Mitre 1174, Q8300 Neuquén, Argentina",-38.957132,-68.0428413,Carlos Coppari,5.0,Supero las expectativas sobre la calidad humana,2025-01-08,Hace un año,"https://www.google.com/maps/place/MUTISIA+Cerveza+%7C+Cerveceria+,+Bar+y+F%C3%A1brica/data=!4m7!3m6!1s0x960a31a7b90a8569:0xf32bfd289fa66e35!8m2!3d-38.957132!4d-68.0428413!16s%2Fg%2F11t2595vly!19sChIJaYUKuacxCpYRNW6mnyj9K_M?authuser=0&hl=en&rclk=1",2026-01-08T04:30:31.029823,9134d32d8debc783
"MUTISIA Cerveza | Cerveceria , Bar y Fábrica",Beer hall,"4,9",76,"Bartolomé Mitre 1174, Q8300 Neuquén, Argentina",-38.957132,-68.0428413,MARCELO MEDINA,5.0,,2025-01-08,Hace un año,"https://www.google.com/maps/place/MUTISIA+Cerveza+%7C+Cerveceria+,+Bar+y+F%C3%A1brica/data=!4m7!3m6!1s0x960a31a7b90a8569:0xf32bfd289fa66e35!8m2!3d-38.957132!4d-68.0428413!16s%2Fg%2F11t2595vly!19sChIJaYUKuacxCpYRNW6mnyj9K_M?authuser=0&hl=en&rclk=1",2026-01-08T04:30:31.029823,aa978b8ac016dede
"MUTISIA Cerveza | Cerveceria , Bar y Fábrica",Beer hall,"4,9",76,"Bartolomé Mitre 1174, Q8300 Neuquén, Argentina",-38.957132,-68.0428413,nahuel venegas,5.0,,2025-01-08,Hace un año,"https://www.google.com/maps/place/MUTISIA+Cerveza+%7C+Cerveceria+,+Bar+y+F%C3%A1brica/data=!4m7!3m6!1s0x960a31a7b90a8569:0xf32bfd289fa66e35!8m2!3d-38.957132!4d-68.0428413!16s%2Fg%2F11t2595vly!19sChIJaYUKuacxCpYRNW6mnyj9K_M?authuser=0&hl=en&rclk=1",2026-01-08T04:30:31.029823,fb1c320b1a60635b
"MUTISIA Cerveza | Cerveceria , Bar y Fábrica",Beer hall,"4,9",76,"Bartolomé Mitre 1174, Q8300 Neuquén, Argentina",-38.957132,-68.0428413,Soledad Wenz,5.0,,2025-01-08,Hace un año,"https://www.google.com/maps/place/MUTISIA+Cerveza+%7C+Cerveceria+,+Bar+y+F%C3%A1brica/data=!4m7!3m6!1s0x960a31a7b90a8569:0xf32bfd289fa66e35!8m2!3d-38.957132!4d-68.0428413!16s%2Fg%2F11t2595vly!19sChIJaYUKuacxCpYRNW6mnyj9K_M?authuser=0&hl=en&rclk=1",2026-01-08T04:30:31.029823,e6d3b7bd83599295
"MUTISIA Cerveza | Cerveceria , Bar y Fábrica",Beer hall,"4,9",76,"Bartolomé Mitre 1174, Q8300 Neuquén, Argentina",-38.957132,-68.0428413,Diego Lobe,4.0,,2025-01-08,Hace un año,"https://www.google.com/maps/place/MUTISIA+Cerveza+%7C+Cerveceria+,+Bar+y+F%C3%A1brica/data=!4m7!3m6!1s0x960a31a7b90a8569:0xf32bfd289fa66e35!8m2!3d-38.957132!4d-68.0428413!16s%2Fg%2F11t2595vly!19sChIJaYUKuacxCpYRNW6mnyj9K_M?authuser=0&hl=en&rclk=1",2026-01-08T04:30:31.029823,95f975530ca6133a
"MUTISIA Cerveza | Cerveceria , Bar y Fábrica",Beer hall,"4,9",76,"Bartolomé Mitre 1174, Q8300 Neuquén, Argentina",-38.957132,-68.0428413,Valentín Manganaro,5.0,,2025-01-08,Hace un año,"https://www.google.com/maps/place/MUTISIA+Cerveza+%7C+Cerveceria+,+Bar+y+F%C3%A1brica/data=!4m7!3m6!1s0x960a31a7b90a8569:0xf32bfd289fa66e35!8m2!3d-38.957132!4d-68.0428413!16s%2Fg%2F11t2595vly!19sChIJaYUKuacxCpYRNW6mnyj9K_M?authuser=0&hl=en&rclk=1",2026-01-08T04:30:31.029823,ddb94484872ce727
"MUTISIA Cerveza | Cerveceria , Bar y Fábrica",Beer hall,"4,9",76,"Bartolomé Mitre 1174, Q8300 Neuquén, Argentina",-38.957132,-68.0428413,luis ariel prado,5.0,"Cerveza a buen precio, gran variedad de estilos y podes ver la fábrica mientras tomas birrita",2025-01-08,Hace un año,"https://www.google.com/maps/place/MUTISIA+Cerveza+%7C+Cerveceria+,+Bar+y+F%C3%A1brica/data=!4m7!3m6!1s0x960a31a7b90a8569:0xf32bfd289fa66e35!8m2!3d-38.957132!4d-68.0428413!16s%2Fg%2F11t2595vly!19sChIJaYUKuacxCpYRNW6mnyj9K_M?authuser=0&hl=en&rclk=1",2026-01-08T04:30:31.029823,116ea34615cef8ae
"MUTISIA Cerveza | Cerveceria , Bar y Fábrica",Beer hall,"4,9",76,"Bartolomé Mitre 1174, Q8300 Neuquén, Argentina",-38.957132,-68.0428413,Marcelo F. A. del Hoyo,5.0,,2025-01-08,Hace un año,"https://www.google.com/maps/place/MUTISIA+Cerveza+%7C+Cerveceria+,+Bar+y+F%C3%A1brica/data=!4m7!3m6!1s0x960a31a7b90a8569:0xf32bfd289fa66e35!8m2!3d-38.957132!4d-68.0428413!16s%2Fg%2F11t2595vly!19sChIJaYUKuacxCpYRNW6mnyj9K_M?authuser=0&hl=en&rclk=1",2026-01-08T04:30:31.029823,b1b3aea2abdf7b9f
"MUTISIA Cerveza | Cerveceria , Bar y Fábrica",Beer hall,"4,9",76,"Bartolomé Mitre 1174, Q8300 Neuquén, Argentina",-38.957132,-68.0428413,Camila Scarinci,5.0,"Visite la fabrica por las reseñas del lugar y no defraudó. Tanto la cerveza como la atención fueron impecables. La coco Scottish termino siendo mi favorita pero para los amantes de la ipa también hay mucha variedad para elegir. Luis, una de las personas que trabaja ahi, me mostro la fabrica y me explico el proceso de producción de la misma.
Mutisia tiene mucho potencial y un gran futuro. Recomendaría a cualquier persona que visite la ciudad que pruebe su cerveza o si son vecinos de la ciudad, que se den una vuelta y compren un botellón( les juro que no se van a arrepentir)",2025-01-08,Hace un año,"https://www.google.com/maps/place/MUTISIA+Cerveza+%7C+Cerveceria+,+Bar+y+F%C3%A1brica/data=!4m7!3m6!1s0x960a31a7b90a8569:0xf32bfd289fa66e35!8m2!3d-38.957132!4d-68.0428413!16s%2Fg%2F11t2595vly!19sChIJaYUKuacxCpYRNW6mnyj9K_M?authuser=0&hl=en&rclk=1",2026-01-08T04:30:31.029823,a5f6383ae2642861
"MUTISIA Cerveza | Cerveceria , Bar y Fábrica",Beer hall,"4,9",76,"Bartolomé Mitre 1174, Q8300 Neuquén, Argentina",-38.957132,-68.0428413,Daniel Barreto,5.0,"No hay en Neuquén ni alrededores muchas fabricas que permitan tomar la birra directamente ahí.
Los chicos de Mutsia son unos genios todos, con una gran vocación de atención y una onda espectacular.
Y las birras son todavía mejores, es necesario que pruebes la Alta Barda y la Hoppy Pilsen, son dos hermosuras de birras.
Si tienes un gusto más refinado sin duda la Old Ale es una obra maestra.

Puedes ir a cargar tus pet, alquilar un barril o tomarte las birras ahí auqnue todo esto varía de horario por lo general están los fines de semana en la noche aunque es bueno consultarles antes por el horario.

Sin dudas de las mejores birras y birreros de Neuquén.",2025-01-08,Hace un año,"https://www.google.com/maps/place/MUTISIA+Cerveza+%7C+Cerveceria+,+Bar+y+F%C3%A1brica/data=!4m7!3m6!1s0x960a31a7b90a8569:0xf32bfd289fa66e35!8m2!3d-38.957132!4d-68.0428413!16s%2Fg%2F11t2595vly!19sChIJaYUKuacxCpYRNW6mnyj9K_M?authuser=0&hl=en&rclk=1",2026-01-08T04:30:31.029823,afe6aa3dc5e32971
"MUTISIA Cerveza | Cerveceria , Bar y Fábrica",Beer hall,"4,9",76,"Bartolomé Mitre 1174, Q8300 Neuquén, Argentina",-38.957132,-68.0428413,Mauro Torres,5.0,"Excelente.. super recomendable. Atención, calidad y precios. 🙌👏",2025-01-08,Hace un año,"https://www.google.com/maps/place/MUTISIA+Cerveza+%7C+Cerveceria+,+Bar+y+F%C3%A1brica/data=!4m7!3m6!1s0x960a31a7b90a8569:0xf32bfd289fa66e35!8m2!3d-38.957132!4d-68.0428413!16s%2Fg%2F11t2595vly!19sChIJaYUKuacxCpYRNW6mnyj9K_M?authuser=0&hl=en&rclk=1",2026-01-08T04:30:31.029823,5509db5806bfb551
"MUTISIA Cerveza | Cerveceria , Bar y Fábrica",Beer hall,"4,9",76,"Bartolomé Mitre 1174, Q8300 Neuquén, Argentina",-38.957132,-68.0428413,Gustavo Fractal,5.0,La mejor birra,2025-01-08,Fecha de edición: Hace un año,"https://www.google.com/maps/place/MUTISIA+Cerveza+%7C+Cerveceria+,+Bar+y+F%C3%A1brica/data=!4m7!3m6!1s0x960a31a7b90a8569:0xf32bfd289fa66e35!8m2!3d-38.957132!4d-68.0428413!16s%2Fg%2F11t2595vly!19sChIJaYUKuacxCpYRNW6mnyj9K_M?authuser=0&hl=en&rclk=1",2026-01-08T04:30:31.029823,7a3c47d4e2c835b3
"MUTISIA Cerveza | Cerveceria , Bar y Fábrica",Beer hall,"4,9",76,"Bartolomé Mitre 1174, Q8300 Neuquén, Argentina",-38.957132,-68.0428413,Hernandez Luis,5.0,Exelente atención unos grosos esta gente muy rica cerveza pero tengo q probar algunas más ja,2024-01-09,Hace 2 años,"https://www.google.com/maps/place/MUTISIA+Cerveza+%7C+Cerveceria+,+Bar+y+F%C3%A1brica/data=!4m7!3m6!1s0x960a31a7b90a8569:0xf32bfd289fa66e35!8m2!3d-38.957132!4d-68.0428413!16s%2Fg%2F11t2595vly!19sChIJaYUKuacxCpYRNW6mnyj9K_M?authuser=0&hl=en&rclk=1",2026-01-08T04:30:31.029823,3b50fb21c031d406
"MUTISIA Cerveza | Cerveceria , Bar y Fábrica",Beer hall,"4,9",76,"Bartolomé Mitre 1174, Q8300 Neuquén, Argentina",-38.957132,-68.0428413,patricio insaurralde,5.0,Excelente lugar. Apartado. Tranquilo. Buen ambiente,2024-01-09,Hace 2 años,"https://www.google.com/maps/place/MUTISIA+Cerveza+%7C+Cerveceria+,+Bar+y+F%C3%A1brica/data=!4m7!3m6!1s0x960a31a7b90a8569:0xf32bfd289fa66e35!8m2!3d-38.957132!4d-68.0428413!16s%2Fg%2F11t2595vly!19sChIJaYUKuacxCpYRNW6mnyj9K_M?authuser=0&hl=en&rclk=1",2026-01-08T04:30:31.029823,c2fdb3985c334cf8
"MUTISIA Cerveza | Cerveceria , Bar y Fábrica",Beer hall,"4,9",76,"Bartolomé Mitre 1174, Q8300 Neuquén, Argentina",-38.957132,-68.0428413,Julio Cesar,5.0,"Excelente 👌 cerveza 🍺 muy rica . El sabor de golden particular suave,liviana .
Alquile el barril de 20 lts con la.canilla para servir Excelente.",2024-01-09,Hace 2 años,"https://www.google.com/maps/place/MUTISIA+Cerveza+%7C+Cerveceria+,+Bar+y+F%C3%A1brica/data=!4m7!3m6!1s0x960a31a7b90a8569:0xf32bfd289fa66e35!8m2!3d-38.957132!4d-68.0428413!16s%2Fg%2F11t2595vly!19sChIJaYUKuacxCpYRNW6mnyj9K_M?authuser=0&hl=en&rclk=1",2026-01-08T04:30:31.029823,96363588c803f7c5
"MUTISIA Cerveza | Cerveceria , Bar y Fábrica",Beer hall,"4,9",76,"Bartolomé Mitre 1174, Q8300 Neuquén, Argentina",-38.957132,-68.0428413,Sergio sebastian Garcia,5.0,Muy buena la cerveza y muy amables los chicos que atienden!!!,2024-01-09,Hace 2 años,"https://www.google.com/maps/place/MUTISIA+Cerveza+%7C+Cerveceria+,+Bar+y+F%C3%A1brica/data=!4m7!3m6!1s0x960a31a7b90a8569:0xf32bfd289fa66e35!8m2!3d-38.957132!4d-68.0428413!16s%2Fg%2F11t2595vly!19sChIJaYUKuacxCpYRNW6mnyj9K_M?authuser=0&hl=en&rclk=1",2026-01-08T04:30:31.029823,0516faa57d571768
"MUTISIA Cerveza | Cerveceria , Bar y Fábrica",Beer hall,"4,9",76,"Bartolomé Mitre 1174, Q8300 Neuquén, Argentina",-38.957132,-68.0428413,Maria Sol Estebanez,5.0,Excelente servicio. Los conocí en una feria. La cerveza es riquísima. Y contrate para el cumple de mi hijo un barril de 15 litros de Pilsen entendiendo que es una opción clásica para que le guste a todos los que toman cerveza. Fue un verdadero éxito. Los invitados chochos. Por otro lado destaco que me ofrecieron retirarlo fuera de su horario de trabajo para facilitarme las cosas. Fueron muy amables en todo momento. Los recomiendo 100%,2024-01-09,Hace 2 años,"https://www.google.com/maps/place/MUTISIA+Cerveza+%7C+Cerveceria+,+Bar+y+F%C3%A1brica/data=!4m7!3m6!1s0x960a31a7b90a8569:0xf32bfd289fa66e35!8m2!3d-38.957132!4d-68.0428413!16s%2Fg%2F11t2595vly!19sChIJaYUKuacxCpYRNW6mnyj9K_M?authuser=0&hl=en&rclk=1",2026-01-08T04:30:31.029823,8e4a78464386b9cb
"MUTISIA Cerveza | Cerveceria , Bar y Fábrica",Beer hall,"4,9",76,"Bartolomé Mitre 1174, Q8300 Neuquén, Argentina",-38.957132,-68.0428413,Darío Alejandro Correa,5.0,"Muy buena la cerveza la verdad!!! Excelente la predisposición para coordinar la entrega y muy buena onda!!
Voy a seguir comprando.",2024-01-09,Hace 2 años,"https://www.google.com/maps/place/MUTISIA+Cerveza+%7C+Cerveceria+,+Bar+y+F%C3%A1brica/data=!4m7!3m6!1s0x960a31a7b90a8569:0xf32bfd289fa66e35!8m2!3d-38.957132!4d-68.0428413!16s%2Fg%2F11t2595vly!19sChIJaYUKuacxCpYRNW6mnyj9K_M?authuser=0&hl=en&rclk=1",2026-01-08T04:30:31.029823,2f3cacfe14fd9b70
"MUTISIA Cerveza | Cerveceria , Bar y Fábrica",Beer hall,"4,9",76,"Bartolomé Mitre 1174, Q8300 Neuquén, Argentina",-38.957132,-68.0428413,Juan Pablo,5.0,Muy buen producto y muy buen servicio.,2024-01-09,Hace 2 años,"https://www.google.com/maps/place/MUTISIA+Cerveza+%7C+Cerveceria+,+Bar+y+F%C3%A1brica/data=!4m7!3m6!1s0x960a31a7b90a8569:0xf32bfd289fa66e35!8m2!3d-38.957132!4d-68.0428413!16s%2Fg%2F11t2595vly!19sChIJaYUKuacxCpYRNW6mnyj9K_M?authuser=0&hl=en&rclk=1",2026-01-08T04:30:31.029823,4f8dce1fb3e00bcf
"MUTISIA Cerveza | Cerveceria , Bar y Fábrica",Beer hall,"4,9",76,"Bartolomé Mitre 1174, Q8300 Neuquén, Argentina",-38.957132,-68.0428413,Jonathan Urra,5.0,Atencion increible y la calidad de la cerveza inmejorable!!!!!,2024-01-09,Fecha de edición: Hace 2 años,"https://www.google.com/maps/place/MUTISIA+Cerveza+%7C+Cerveceria+,+Bar+y+F%C3%A1brica/data=!4m7!3m6!1s0x960a31a7b90a8569:0xf32bfd289fa66e35!8m2!3d-38.957132!4d-68.0428413!16s%2Fg%2F11t2595vly!19sChIJaYUKuacxCpYRNW6mnyj9K_M?authuser=0&hl=en&rclk=1",2026-01-08T04:30:31.029823,c68e577948d97b7b
"MUTISIA Cerveza | Cerveceria , Bar y Fábrica",Beer hall,"4,9",76,"Bartolomé Mitre 1174, Q8300 Neuquén, Argentina",-38.957132,-68.0428413,Noel Milla,5.0,"Buenísimo todo ! Altas birras, buena atención y una hermosa fábrica.
Pienso volver siempre!",2024-01-09,Hace 2 años,"https://www.google.com/maps/place/MUTISIA+Cerveza+%7C+Cerveceria+,+Bar+y+F%C3%A1brica/data=!4m7!3m6!1s0x960a31a7b90a8569:0xf32bfd289fa66e35!8m2!3d-38.957132!4d-68.0428413!16s%2Fg%2F11t2595vly!19sChIJaYUKuacxCpYRNW6mnyj9K_M?authuser=0&hl=en&rclk=1",2026-01-08T04:30:31.029823,eee07ebc37a32dc1
"MUTISIA Cerveza | Cerveceria , Bar y Fábrica",Beer hall,"4,9",76,"Bartolomé Mitre 1174, Q8300 Neuquén, Argentina",-38.957132,-68.0428413,Raul Cruz,5.0,Excelente cerveza!!,2024-01-09,Hace 2 años,"https://www.google.com/maps/place/MUTISIA+Cerveza+%7C+Cerveceria+,+Bar+y+F%C3%A1brica/data=!4m7!3m6!1s0x960a31a7b90a8569:0xf32bfd289fa66e35!8m2!3d-38.957132!4d-68.0428413!16s%2Fg%2F11t2595vly!19sChIJaYUKuacxCpYRNW6mnyj9K_M?authuser=0&hl=en&rclk=1",2026-01-08T04:30:31.029823,b993916c3fba6a9c
"MUTISIA Cerveza | Cerveceria , Bar y Fábrica",Beer hall,"4,9",76,"Bartolomé Mitre 1174, Q8300 Neuquén, Argentina",-38.957132,-68.0428413,Alto Vuelo,5.0,"Encantada con Mutisia!! Alquile una chopera de 20lts, la disfrutamos un monton, accesible y rindio muy bien... ademas de ser exquisita! Buenos horarios tmb!!¡ graciasss !!!",2024-01-09,Hace 2 años,"https://www.google.com/maps/place/MUTISIA+Cerveza+%7C+Cerveceria+,+Bar+y+F%C3%A1brica/data=!4m7!3m6!1s0x960a31a7b90a8569:0xf32bfd289fa66e35!8m2!3d-38.957132!4d-68.0428413!16s%2Fg%2F11t2595vly!19sChIJaYUKuacxCpYRNW6mnyj9K_M?authuser=0&hl=en&rclk=1",2026-01-08T04:30:31.029823,0f8f932c11cfb38d
"MUTISIA Cerveza | Cerveceria , Bar y Fábrica",Beer hall,"4,9",76,"Bartolomé Mitre 1174, Q8300 Neuquén, Argentina",-38.957132,-68.0428413,JOSE,5.0,"Muy buena atencion y mas que recomendable el producto. (Pilsen)
Todos contentos en el cumpleaños.",2024-01-09,Hace 2 años,"https://www.google.com/maps/place/MUTISIA+Cerveza+%7C+Cerveceria+,+Bar+y+F%C3%A1brica/data=!4m7!3m6!1s0x960a31a7b90a8569:0xf32bfd289fa66e35!8m2!3d-38.957132!4d-68.0428413!16s%2Fg%2F11t2595vly!19sChIJaYUKuacxCpYRNW6mnyj9K_M?authuser=0&hl=en&rclk=1",2026-01-08T04:30:31.029823,6081b5614823faad
"MUTISIA Cerveza | Cerveceria , Bar y Fábrica",Beer hall,"4,9",76,"Bartolomé Mitre 1174, Q8300 Neuquén, Argentina",-38.957132,-68.0428413,Sebas L.,5.0,La mejor! Bien helada...👍🏼😙,2024-01-09,Hace 2 años,"https://www.google.com/maps/place/MUTISIA+Cerveza+%7C+Cerveceria+,+Bar+y+F%C3%A1brica/data=!4m7!3m6!1s0x960a31a7b90a8569:0xf32bfd289fa66e35!8m2!3d-38.957132!4d-68.0428413!16s%2Fg%2F11t2595vly!19sChIJaYUKuacxCpYRNW6mnyj9K_M?authuser=0&hl=en&rclk=1",2026-01-08T04:30:31.029823,d770a0166242e1a3
"MUTISIA Cerveza | Cerveceria , Bar y Fábrica",Beer hall,"4,9",76,"Bartolomé Mitre 1174, Q8300 Neuquén, Argentina",-38.957132,-68.0428413,Zari Menghini,5.0,Muy rica la cerveza!! Y la disponibilidad y la atención que tienen los chicos es buenísimas!,2024-01-09,Hace 2 años,"https://www.google.com/maps/place/MUTISIA+Cerveza+%7C+Cerveceria+,+Bar+y+F%C3%A1brica/data=!4m7!3m6!1s0x960a31a7b90a8569:0xf32bfd289fa66e35!8m2!3d-38.957132!4d-68.0428413!16s%2Fg%2F11t2595vly!19sChIJaYUKuacxCpYRNW6mnyj9K_M?authuser=0&hl=en&rclk=1",2026-01-08T04:30:31.029823,d280aefcb0f088a6
"MUTISIA Cerveza | Cerveceria , Bar y Fábrica",Beer hall,"4,9",76,"Bartolomé Mitre 1174, Q8300 Neuquén, Argentina",-38.957132,-68.0428413,Andres Costa,5.0,Muy buena birra!,2024-01-09,Hace 2 años,"https://www.google.com/maps/place/MUTISIA+Cerveza+%7C+Cerveceria+,+Bar+y+F%C3%A1brica/data=!4m7!3m6!1s0x960a31a7b90a8569:0xf32bfd289fa66e35!8m2!3d-38.957132!4d-68.0428413!16s%2Fg%2F11t2595vly!19sChIJaYUKuacxCpYRNW6mnyj9K_M?authuser=0&hl=en&rclk=1",2026-01-08T04:30:31.029823,307f61c6af46a53e
"MUTISIA Cerveza | Cerveceria , Bar y Fábrica",Beer hall,"4,9",76,"Bartolomé Mitre 1174, Q8300 Neuquén, Argentina",-38.957132,-68.0428413,samuel rodríguez,5.0,La mejor birra de Neuquen!! Lejos!!,2024-01-09,Hace 2 años,"https://www.google.com/maps/place/MUTISIA+Cerveza+%7C+Cerveceria+,+Bar+y+F%C3%A1brica/data=!4m7!3m6!1s0x960a31a7b90a8569:0xf32bfd289fa66e35!8m2!3d-38.957132!4d-68.0428413!16s%2Fg%2F11t2595vly!19sChIJaYUKuacxCpYRNW6mnyj9K_M?authuser=0&hl=en&rclk=1",2026-01-08T04:30:31.029823,3e0eaab2a69c5448
"MUTISIA Cerveza | Cerveceria , Bar y Fábrica",Beer hall,"4,9",76,"Bartolomé Mitre 1174, Q8300 Neuquén, Argentina",-38.957132,-68.0428413,Juan Cruz D'ambrosio,5.0,"Muy buena cerveza! La cual se ha ido ganando su lugar entre una de las mejores de la zona, gracias a la dedicación y cariño que le ponen sus maestros cerveceros  a la hora de elaborar cada una de las variedades que tienen para ofrecer al público.",2024-01-09,Hace 2 años,"https://www.google.com/maps/place/MUTISIA+Cerveza+%7C+Cerveceria+,+Bar+y+F%C3%A1brica/data=!4m7!3m6!1s0x960a31a7b90a8569:0xf32bfd289fa66e35!8m2!3d-38.957132!4d-68.0428413!16s%2Fg%2F11t2595vly!19sChIJaYUKuacxCpYRNW6mnyj9K_M?authuser=0&hl=en&rclk=1",2026-01-08T04:30:31.029823,591b45c9c780e43b
"MUTISIA Cerveza | Cerveceria , Bar y Fábrica",Beer hall,"4,9",76,"Bartolomé Mitre 1174, Q8300 Neuquén, Argentina",-38.957132,-68.0428413,Alejandra Ceballos,5.0,La mejor birra,2024-01-09,Hace 2 años,"https://www.google.com/maps/place/MUTISIA+Cerveza+%7C+Cerveceria+,+Bar+y+F%C3%A1brica/data=!4m7!3m6!1s0x960a31a7b90a8569:0xf32bfd289fa66e35!8m2!3d-38.957132!4d-68.0428413!16s%2Fg%2F11t2595vly!19sChIJaYUKuacxCpYRNW6mnyj9K_M?authuser=0&hl=en&rclk=1",2026-01-08T04:30:31.029823,c15c03f77365e6de
"MUTISIA Cerveza | Cerveceria , Bar y Fábrica",Beer hall,"4,9",76,"Bartolomé Mitre 1174, Q8300 Neuquén, Argentina",-38.957132,-68.0428413,Mailen Palacio,5.0,,2024-01-09,Hace 2 años,"https://www.google.com/maps/place/MUTISIA+Cerveza+%7C+Cerveceria+,+Bar+y+F%C3%A1brica/data=!4m7!3m6!1s0x960a31a7b90a8569:0xf32bfd289fa66e35!8m2!3d-38.957132!4d-68.0428413!16s%2Fg%2F11t2595vly!19sChIJaYUKuacxCpYRNW6mnyj9K_M?authuser=0&hl=en&rclk=1",2026-01-08T04:30:31.029823,82415068ddbaa5e2
"MUTISIA Cerveza | Cerveceria , Bar y Fábrica",Beer hall,"4,9",76,"Bartolomé Mitre 1174, Q8300 Neuquén, Argentina",-38.957132,-68.0428413,Monica Figueroa,5.0,Excelente cerveza 👏👏👏🍻🍻…,2024-01-09,Hace 2 años,"https://www.google.com/maps/place/MUTISIA+Cerveza+%7C+Cerveceria+,+Bar+y+F%C3%A1brica/data=!4m7!3m6!1s0x960a31a7b90a8569:0xf32bfd289fa66e35!8m2!3d-38.957132!4d-68.0428413!16s%2Fg%2F11t2595vly!19sChIJaYUKuacxCpYRNW6mnyj9K_M?authuser=0&hl=en&rclk=1",2026-01-08T04:30:31.029823,efc2b5a0dbe8029b
"MUTISIA Cerveza | Cerveceria , Bar y Fábrica",Beer hall,"4,9",76,"Bartolomé Mitre 1174, Q8300 Neuquén, Argentina",-38.957132,-68.0428413,Magdalena Echavarria,5.0,"Excelente cerveza, atendido por sus dueños. Muy buen ambiente",2024-01-09,Hace 2 años,"https://www.google.com/maps/place/MUTISIA+Cerveza+%7C+Cerveceria+,+Bar+y+F%C3%A1brica/data=!4m7!3m6!1s0x960a31a7b90a8569:0xf32bfd289fa66e35!8m2!3d-38.957132!4d-68.0428413!16s%2Fg%2F11t2595vly!19sChIJaYUKuacxCpYRNW6mnyj9K_M?authuser=0&hl=en&rclk=1",2026-01-08T04:30:31.029823,20e82ed8b43036e9
"MUTISIA Cerveza | Cerveceria , Bar y Fábrica",Beer hall,"4,9",76,"Bartolomé Mitre 1174, Q8300 Neuquén, Argentina",-38.957132,-68.0428413,Walter Momberg,5.0,,2024-01-09,Hace 2 años,"https://www.google.com/maps/place/MUTISIA+Cerveza+%7C+Cerveceria+,+Bar+y+F%C3%A1brica/data=!4m7!3m6!1s0x960a31a7b90a8569:0xf32bfd289fa66e35!8m2!3d-38.957132!4d-68.0428413!16s%2Fg%2F11t2595vly!19sChIJaYUKuacxCpYRNW6mnyj9K_M?authuser=0&hl=en&rclk=1",2026-01-08T04:30:31.029823,c97d17e8943cb3aa
"MUTISIA Cerveza | Cerveceria , Bar y Fábrica",Beer hall,"4,9",76,"Bartolomé Mitre 1174, Q8300 Neuquén, Argentina",-38.957132,-68.0428413,Miguel Cofre,5.0,"Lo mejor de la zona en cervecería artesanal!!
Mi recomendación 100 de 100!",2024-01-09,Hace 2 años,"https://www.google.com/maps/place/MUTISIA+Cerveza+%7C+Cerveceria+,+Bar+y+F%C3%A1brica/data=!4m7!3m6!1s0x960a31a7b90a8569:0xf32bfd289fa66e35!8m2!3d-38.957132!4d-68.0428413!16s%2Fg%2F11t2595vly!19sChIJaYUKuacxCpYRNW6mnyj9K_M?authuser=0&hl=en&rclk=1",2026-01-08T04:30:31.029823,b3375123fd906e7c
"MUTISIA Cerveza | Cerveceria , Bar y Fábrica",Beer hall,"4,9",76,"Bartolomé Mitre 1174, Q8300 Neuquén, Argentina",-38.957132,-68.0428413,Facundo Cis,5.0,Excelente la birra. Muy buena atención de los muchachos,2024-01-09,Hace 2 años,"https://www.google.com/maps/place/MUTISIA+Cerveza+%7C+Cerveceria+,+Bar+y+F%C3%A1brica/data=!4m7!3m6!1s0x960a31a7b90a8569:0xf32bfd289fa66e35!8m2!3d-38.957132!4d-68.0428413!16s%2Fg%2F11t2595vly!19sChIJaYUKuacxCpYRNW6mnyj9K_M?authuser=0&hl=en&rclk=1",2026-01-08T04:30:31.029823,e11a68aac4805db0
"MUTISIA Cerveza | Cerveceria , Bar y Fábrica",Beer hall,"4,9",76,"Bartolomé Mitre 1174, Q8300 Neuquén, Argentina",-38.957132,-68.0428413,Cynthia Carolina García,5.0,,2024-01-09,Hace 2 años,"https://www.google.com/maps/place/MUTISIA+Cerveza+%7C+Cerveceria+,+Bar+y+F%C3%A1brica/data=!4m7!3m6!1s0x960a31a7b90a8569:0xf32bfd289fa66e35!8m2!3d-38.957132!4d-68.0428413!16s%2Fg%2F11t2595vly!19sChIJaYUKuacxCpYRNW6mnyj9K_M?authuser=0&hl=en&rclk=1",2026-01-08T04:30:31.029823,9a3f06741bf8858a
"MUTISIA Cerveza | Cerveceria , Bar y Fábrica",Beer hall,"4,9",76,"Bartolomé Mitre 1174, Q8300 Neuquén, Argentina",-38.957132,-68.0428413,Martín Cisneros,5.0,Excelente cerveza y atención en la fábrica,2024-01-09,Hace 2 años,"https://www.google.com/maps/place/MUTISIA+Cerveza+%7C+Cerveceria+,+Bar+y+F%C3%A1brica/data=!4m7!3m6!1s0x960a31a7b90a8569:0xf32bfd289fa66e35!8m2!3d-38.957132!4d-68.0428413!16s%2Fg%2F11t2595vly!19sChIJaYUKuacxCpYRNW6mnyj9K_M?authuser=0&hl=en&rclk=1",2026-01-08T04:30:31.029823,b47c00dfc90015fb
"MUTISIA Cerveza | Cerveceria , Bar y Fábrica",Beer hall,"4,9",76,"Bartolomé Mitre 1174, Q8300 Neuquén, Argentina",-38.957132,-68.0428413,Omar Celaya,5.0,"Exelente la IPA session y la COCO scottish.
Muy recomendables",2024-01-09,Hace 2 años,"https://www.google.com/maps/place/MUTISIA+Cerveza+%7C+Cerveceria+,+Bar+y+F%C3%A1brica/data=!4m7!3m6!1s0x960a31a7b90a8569:0xf32bfd289fa66e35!8m2!3d-38.957132!4d-68.0428413!16s%2Fg%2F11t2595vly!19sChIJaYUKuacxCpYRNW6mnyj9K_M?authuser=0&hl=en&rclk=1",2026-01-08T04:30:31.029823,7df89c16b965a11f
"MUTISIA Cerveza | Cerveceria , Bar y Fábrica",Beer hall,"4,9",76,"Bartolomé Mitre 1174, Q8300 Neuquén, Argentina",-38.957132,-68.0428413,Mauro Valverde,5.0,,2023-01-09,Hace 3 años,"https://www.google.com/maps/place/MUTISIA+Cerveza+%7C+Cerveceria+,+Bar+y+F%C3%A1brica/data=!4m7!3m6!1s0x960a31a7b90a8569:0xf32bfd289fa66e35!8m2!3d-38.957132!4d-68.0428413!16s%2Fg%2F11t2595vly!19sChIJaYUKuacxCpYRNW6mnyj9K_M?authuser=0&hl=en&rclk=1",2026-01-08T04:30:31.029823,8164eec04ea37256
"MUTISIA Cerveza | Cerveceria , Bar y Fábrica",Beer hall,"4,9",76,"Bartolomé Mitre 1174, Q8300 Neuquén, Argentina",-38.957132,-68.0428413,Rick Be,5.0,De las mejores cerveza artesanales de la región. Han logrado no solo mantener sino que superar la calidad que ofrecen.,2023-01-09,Hace 3 años,"https://www.google.com/maps/place/MUTISIA+Cerveza+%7C+Cerveceria+,+Bar+y+F%C3%A1brica/data=!4m7!3m6!1s0x960a31a7b90a8569:0xf32bfd289fa66e35!8m2!3d-38.957132!4d-68.0428413!16s%2Fg%2F11t2595vly!19sChIJaYUKuacxCpYRNW6mnyj9K_M?authuser=0&hl=en&rclk=1",2026-01-08T04:30:31.029823,c62f2eca3a9ca43a
"MUTISIA Cerveza | Cerveceria , Bar y Fábrica",Beer hall,"4,9",76,"Bartolomé Mitre 1174, Q8300 Neuquén, Argentina",-38.957132,-68.0428413,María Victoria Marquez,5.0,Excelente cerveza!!!! Y los chicos super buena onda 10/10,2023-01-09,Hace 3 años,"https://www.google.com/maps/place/MUTISIA+Cerveza+%7C+Cerveceria+,+Bar+y+F%C3%A1brica/data=!4m7!3m6!1s0x960a31a7b90a8569:0xf32bfd289fa66e35!8m2!3d-38.957132!4d-68.0428413!16s%2Fg%2F11t2595vly!19sChIJaYUKuacxCpYRNW6mnyj9K_M?authuser=0&hl=en&rclk=1",2026-01-08T04:30:31.029823,6e4a102b629c894c
"MUTISIA Cerveza | Cerveceria , Bar y Fábrica",Beer hall,"4,9",76,"Bartolomé Mitre 1174, Q8300 Neuquén, Argentina",-38.957132,-68.0428413,Natalia Cabezas,5.0,Genial atención.  Ame las latas. Scottish Coco 🔥❤️…,2023-01-09,Hace 3 años,"https://www.google.com/maps/place/MUTISIA+Cerveza+%7C+Cerveceria+,+Bar+y+F%C3%A1brica/data=!4m7!3m6!1s0x960a31a7b90a8569:0xf32bfd289fa66e35!8m2!3d-38.957132!4d-68.0428413!16s%2Fg%2F11t2595vly!19sChIJaYUKuacxCpYRNW6mnyj9K_M?authuser=0&hl=en&rclk=1",2026-01-08T04:30:31.029823,36637689f88a432e
Bar Neuquen,Bar,"2,5",4,"Hipólito Yrigoyen 305 8300, Q8300 Neuquén, Argentina",-38.9524409,-68.0603991,Jonathan Aquines,1.0,"La verdad es un muy buen boliche ,pero con los patobas no se puede razonar ami me betaron por que le caía mal a uno de los patobas y solo por un mal entendido que no ubieron ni amenazas ,ni golpes pero dejan pasar cada tipo de cachivache asique gracias a uno  1 solo te arruina la noche",2025-07-12,Hace 6 meses,https://www.google.com/maps/place/Bar+Neuquen/data=!4m7!3m6!1s0x960a33a63efd32d1:0xa30bd62db6db015b!8m2!3d-38.9524409!4d-68.0603991!16s%2Fg%2F11ghfr6y1r!19sChIJ0TL9PqYzCpYRWwHbti3WC6M?authuser=0&hl=en&rclk=1,2026-01-08T04:37:50.568455,44ccee124e08f761
Bar Neuquen,Bar,"2,5",4,"Hipólito Yrigoyen 305 8300, Q8300 Neuquén, Argentina",-38.9524409,-68.0603991,Gastón Márquez,3.0,No tienen carta con lo cual pedir se hace complicado y mas aun saber lo que cobraran.,2023-01-09,Hace 3 años,https://www.google.com/maps/place/Bar+Neuquen/data=!4m7!3m6!1s0x960a33a63efd32d1:0xa30bd62db6db015b!8m2!3d-38.9524409!4d-68.0603991!16s%2Fg%2F11ghfr6y1r!19sChIJ0TL9PqYzCpYRWwHbti3WC6M?authuser=0&hl=en&rclk=1,2026-01-08T04:37:50.568455,e8932517812d143f
Bar Neuquen,Bar,"2,5",4,"Hipólito Yrigoyen 305 8300, Q8300 Neuquén, Argentina",-38.9524409,-68.0603991,Walter Oses,2.0,,2020-01-10,Hace 6 años,https://www.google.com/maps/place/Bar+Neuquen/data=!4m7!3m6!1s0x960a33a63efd32d1:0xa30bd62db6db015b!8m2!3d-38.9524409!4d-68.0603991!16s%2Fg%2F11ghfr6y1r!19sChIJ0TL9PqYzCpYRWwHbti3WC6M?authuser=0&hl=en&rclk=1,2026-01-08T04:37:50.568455,f7a96adf74030b26
Bar Neuquen,Bar,"2,5",4,"Hipólito Yrigoyen 305 8300, Q8300 Neuquén, Argentina",-38.9524409,-68.0603991,Vanina Nahir Quiles,4.0,Buena atención,2019-01-10,Hace 7 años,https://www.google.com/maps/place/Bar+Neuquen/data=!4m7!3m6!1s0x960a33a63efd32d1:0xa30bd62db6db015b!8m2!3d-38.9524409!4d-68.0603991!16s%2Fg%2F11ghfr6y1r!19sChIJ0TL9PqYzCpYRWwHbti3WC6M?authuser=0&hl=en&rclk=1,2026-01-08T04:37:50.568455,9684688834e67f87
Amedea,Lounge,"4,2",113,"Perito Moreno 677, Q8302GEA Neuquén, Argentina",-38.9583239,-68.0498646,noel jeckeln,5.0,Buena opción para alquilar salón.,2025-09-10,Hace 4 meses,https://www.google.com/maps/place/Amedea/data=!4m7!3m6!1s0x960a322aebfe6da3:0xaa9822283987eacf!8m2!3d-38.9583239!4d-68.0498646!16s%2Fg%2F1q629y02y!19sChIJo23-6yoyCpYRz-qHOSgimKo?authuser=0&hl=en&rclk=1,2026-01-08T04:38:12.222550,fd4c5d72339a911d
Amedea,Lounge,"4,2",113,"Perito Moreno 677, Q8302GEA Neuquén, Argentina",-38.9583239,-68.0498646,Silvia Romero,5.0,,2025-09-10,Hace 4 meses,https://www.google.com/maps/place/Amedea/data=!4m7!3m6!1s0x960a322aebfe6da3:0xaa9822283987eacf!8m2!3d-38.9583239!4d-68.0498646!16s%2Fg%2F1q629y02y!19sChIJo23-6yoyCpYRz-qHOSgimKo?authuser=0&hl=en&rclk=1,2026-01-08T04:38:12.222550,88708627f27bd500
Amedea,Lounge,"4,2",113,"Perito Moreno 677, Q8302GEA Neuquén, Argentina",-38.9583239,-68.0498646,Carlos Bonfiglioli,4.0,,2025-08-11,Hace 5 meses,https://www.google.com/maps/place/Amedea/data=!4m7!3m6!1s0x960a322aebfe6da3:0xaa9822283987eacf!8m2!3d-38.9583239!4d-68.0498646!16s%2Fg%2F1q629y02y!19sChIJo23-6yoyCpYRz-qHOSgimKo?authuser=0&hl=en&rclk=1,2026-01-08T04:38:12.222550,e7d260ce6bfdbae0
Amedea,Lounge,"4,2",113,"Perito Moreno 677, Q8302GEA Neuquén, Argentina",-38.9583239,-68.0498646,Cox Rocío,5.0,,2025-08-11,Hace 5 meses,https://www.google.com/maps/place/Amedea/data=!4m7!3m6!1s0x960a322aebfe6da3:0xaa9822283987eacf!8m2!3d-38.9583239!4d-68.0498646!16s%2Fg%2F1q629y02y!19sChIJo23-6yoyCpYRz-qHOSgimKo?authuser=0&hl=en&rclk=1,2026-01-08T04:38:12.222550,197b278a1515f5b4
Amedea,Lounge,"4,2",113,"Perito Moreno 677, Q8302GEA Neuquén, Argentina",-38.9583239,-68.0498646,Luis Alberto Abello,5.0,Buenísimo para co.partir en familia,2025-03-14,Hace 10 meses,https://www.google.com/maps/place/Amedea/data=!4m7!3m6!1s0x960a322aebfe6da3:0xaa9822283987eacf!8m2!3d-38.9583239!4d-68.0498646!16s%2Fg%2F1q629y02y!19sChIJo23-6yoyCpYRz-qHOSgimKo?authuser=0&hl=en&rclk=1,2026-01-08T04:38:12.222550,c396a49c9af0d3be
Amedea,Lounge,"4,2",113,"Perito Moreno 677, Q8302GEA Neuquén, Argentina",-38.9583239,-68.0498646,Luis Alberto Abello,5.0,Excelente lugar para fiesta familiar.!!!,2025-03-14,Hace 10 meses,https://www.google.com/maps/place/Amedea/data=!4m7!3m6!1s0x960a322aebfe6da3:0xaa9822283987eacf!8m2!3d-38.9583239!4d-68.0498646!16s%2Fg%2F1q629y02y!19sChIJo23-6yoyCpYRz-qHOSgimKo?authuser=0&hl=en&rclk=1,2026-01-08T04:38:12.222550,3568ead50a278bce
Amedea,Lounge,"4,2",113,"Perito Moreno 677, Q8302GEA Neuquén, Argentina",-38.9583239,-68.0498646,Analia Diaz,4.0,,2025-01-08,Hace un año,https://www.google.com/maps/place/Amedea/data=!4m7!3m6!1s0x960a322aebfe6da3:0xaa9822283987eacf!8m2!3d-38.9583239!4d-68.0498646!16s%2Fg%2F1q629y02y!19sChIJo23-6yoyCpYRz-qHOSgimKo?authuser=0&hl=en&rclk=1,2026-01-08T04:38:12.222550,7d2a5008ff44333f
Amedea,Lounge,"4,2",113,"Perito Moreno 677, Q8302GEA Neuquén, Argentina",-38.9583239,-68.0498646,Fabricio Garcia,4.0,,2025-01-08,Fecha de edición: Hace un año,https://www.google.com/maps/place/Amedea/data=!4m7!3m6!1s0x960a322aebfe6da3:0xaa9822283987eacf!8m2!3d-38.9583239!4d-68.0498646!16s%2Fg%2F1q629y02y!19sChIJo23-6yoyCpYRz-qHOSgimKo?authuser=0&hl=en&rclk=1,2026-01-08T04:38:12.222550,baf7747182a520aa
Amedea,Lounge,"4,2",113,"Perito Moreno 677, Q8302GEA Neuquén, Argentina",-38.9583239,-68.0498646,teresa benabides,5.0,,2025-01-08,Hace un año,https://www.google.com/maps/place/Amedea/data=!4m7!3m6!1s0x960a322aebfe6da3:0xaa9822283987eacf!8m2!3d-38.9583239!4d-68.0498646!16s%2Fg%2F1q629y02y!19sChIJo23-6yoyCpYRz-qHOSgimKo?authuser=0&hl=en&rclk=1,2026-01-08T04:38:12.222550,6af3d09379bf0aec
Amedea,Lounge,"4,2",113,"Perito Moreno 677, Q8302GEA Neuquén, Argentina",-38.9583239,-68.0498646,Elsa Martinez,5.0,,2025-01-08,Hace un año,https://www.google.com/maps/place/Amedea/data=!4m7!3m6!1s0x960a322aebfe6da3:0xaa9822283987eacf!8m2!3d-38.9583239!4d-68.0498646!16s%2Fg%2F1q629y02y!19sChIJo23-6yoyCpYRz-qHOSgimKo?authuser=0&hl=en&rclk=1,2026-01-08T04:38:12.222550,b316fe15a195f60d
Amedea,Lounge,"4,2",113,"Perito Moreno 677, Q8302GEA Neuquén, Argentina",-38.9583239,-68.0498646,Ortiz Soledad,1.0,,2025-01-08,Hace un año,https://www.google.com/maps/place/Amedea/data=!4m7!3m6!1s0x960a322aebfe6da3:0xaa9822283987eacf!8m2!3d-38.9583239!4d-68.0498646!16s%2Fg%2F1q629y02y!19sChIJo23-6yoyCpYRz-qHOSgimKo?authuser=0&hl=en&rclk=1,2026-01-08T04:38:12.222550,d37e3273153518f6
Amedea,Lounge,"4,2",113,"Perito Moreno 677, Q8302GEA Neuquén, Argentina",-38.9583239,-68.0498646,Alicia Carrasco,5.0,,2025-01-08,Hace un año,https://www.google.com/maps/place/Amedea/data=!4m7!3m6!1s0x960a322aebfe6da3:0xaa9822283987eacf!8m2!3d-38.9583239!4d-68.0498646!16s%2Fg%2F1q629y02y!19sChIJo23-6yoyCpYRz-qHOSgimKo?authuser=0&hl=en&rclk=1,2026-01-08T04:38:12.222550,497c182623ae62ab
Amedea,Lounge,"4,2",113,"Perito Moreno 677, Q8302GEA Neuquén, Argentina",-38.9583239,-68.0498646,milagros lima,5.0,,2025-01-08,Hace un año,https://www.google.com/maps/place/Amedea/data=!4m7!3m6!1s0x960a322aebfe6da3:0xaa9822283987eacf!8m2!3d-38.9583239!4d-68.0498646!16s%2Fg%2F1q629y02y!19sChIJo23-6yoyCpYRz-qHOSgimKo?authuser=0&hl=en&rclk=1,2026-01-08T04:38:12.222550,685e8cb8016268b3
Amedea,Lounge,"4,2",113,"Perito Moreno 677, Q8302GEA Neuquén, Argentina",-38.9583239,-68.0498646,jesica ema marin,5.0,Muy lindo!!,2024-01-09,Hace 2 años,https://www.google.com/maps/place/Amedea/data=!4m7!3m6!1s0x960a322aebfe6da3:0xaa9822283987eacf!8m2!3d-38.9583239!4d-68.0498646!16s%2Fg%2F1q629y02y!19sChIJo23-6yoyCpYRz-qHOSgimKo?authuser=0&hl=en&rclk=1,2026-01-08T04:38:12.222550,cee7cd01dba6d4eb
Amedea,Lounge,"4,2",113,"Perito Moreno 677, Q8302GEA Neuquén, Argentina",-38.9583239,-68.0498646,LaurA ZygAdlo,3.0,,2024-01-09,Hace 2 años,https://www.google.com/maps/place/Amedea/data=!4m7!3m6!1s0x960a322aebfe6da3:0xaa9822283987eacf!8m2!3d-38.9583239!4d-68.0498646!16s%2Fg%2F1q629y02y!19sChIJo23-6yoyCpYRz-qHOSgimKo?authuser=0&hl=en&rclk=1,2026-01-08T04:38:12.222550,8353187af98bf7e2
Amedea,Lounge,"4,2",113,"Perito Moreno 677, Q8302GEA Neuquén, Argentina",-38.9583239,-68.0498646,Gustavo Soteras Conti,4.0,"Deben cambiar urgente esos frizzer que deben tener más de 15 años. Y agregar una heladera, porque para 70,80 o más personas es poco espacio para guardar, bebida comida, torta o cosas que neseciten frío todo el tiempo.",2024-01-09,Hace 2 años,https://www.google.com/maps/place/Amedea/data=!4m7!3m6!1s0x960a322aebfe6da3:0xaa9822283987eacf!8m2!3d-38.9583239!4d-68.0498646!16s%2Fg%2F1q629y02y!19sChIJo23-6yoyCpYRz-qHOSgimKo?authuser=0&hl=en&rclk=1,2026-01-08T04:38:12.222550,a1fa1fdffdd15934
Amedea,Lounge,"4,2",113,"Perito Moreno 677, Q8302GEA Neuquén, Argentina",-38.9583239,-68.0498646,Paola Volante,4.0,,2024-01-09,Hace 2 años,https://www.google.com/maps/place/Amedea/data=!4m7!3m6!1s0x960a322aebfe6da3:0xaa9822283987eacf!8m2!3d-38.9583239!4d-68.0498646!16s%2Fg%2F1q629y02y!19sChIJo23-6yoyCpYRz-qHOSgimKo?authuser=0&hl=en&rclk=1,2026-01-08T04:38:12.222550,7e4d4589d1db12c6
Amedea,Lounge,"4,2",113,"Perito Moreno 677, Q8302GEA Neuquén, Argentina",-38.9583239,-68.0498646,Exequiel Giusti,5.0,,2024-01-09,Hace 2 años,https://www.google.com/maps/place/Amedea/data=!4m7!3m6!1s0x960a322aebfe6da3:0xaa9822283987eacf!8m2!3d-38.9583239!4d-68.0498646!16s%2Fg%2F1q629y02y!19sChIJo23-6yoyCpYRz-qHOSgimKo?authuser=0&hl=en&rclk=1,2026-01-08T04:38:12.222550,872501b255b774c9
Amedea,Lounge,"4,2",113,"Perito Moreno 677, Q8302GEA Neuquén, Argentina",-38.9583239,-68.0498646,Luciano Vasquez,5.0,,2024-01-09,Hace 2 años,https://www.google.com/maps/place/Amedea/data=!4m7!3m6!1s0x960a322aebfe6da3:0xaa9822283987eacf!8m2!3d-38.9583239!4d-68.0498646!16s%2Fg%2F1q629y02y!19sChIJo23-6yoyCpYRz-qHOSgimKo?authuser=0&hl=en&rclk=1,2026-01-08T04:38:12.222550,a24749a52243ca8a
Amedea,Lounge,"4,2",113,"Perito Moreno 677, Q8302GEA Neuquén, Argentina",-38.9583239,-68.0498646,Cecilia Casanova,5.0,"Muy lindo salón.  La comida,  ambiente ym servicio fue a cargo de otra empresa",2024-01-09,Hace 2 años,https://www.google.com/maps/place/Amedea/data=!4m7!3m6!1s0x960a322aebfe6da3:0xaa9822283987eacf!8m2!3d-38.9583239!4d-68.0498646!16s%2Fg%2F1q629y02y!19sChIJo23-6yoyCpYRz-qHOSgimKo?authuser=0&hl=en&rclk=1,2026-01-08T04:38:12.222550,6341fa719450bde1
Amedea,Lounge,"4,2",113,"Perito Moreno 677, Q8302GEA Neuquén, Argentina",-38.9583239,-68.0498646,marcelo canteros,1.0,Solo se interesan en cobrar y tratar de sacar más plata del valor del alquiler del salón después de un evento. Cero responsabilidad y compromiso en la atención,2024-01-09,Hace 2 años,https://www.google.com/maps/place/Amedea/data=!4m7!3m6!1s0x960a322aebfe6da3:0xaa9822283987eacf!8m2!3d-38.9583239!4d-68.0498646!16s%2Fg%2F1q629y02y!19sChIJo23-6yoyCpYRz-qHOSgimKo?authuser=0&hl=en&rclk=1,2026-01-08T04:38:12.222550,3d409bcb5f38c568
Amedea,Lounge,"4,2",113,"Perito Moreno 677, Q8302GEA Neuquén, Argentina",-38.9583239,-68.0498646,Luis Fabian Reynoso,5.0,Muy cómodo para disfrutar un lugar como para 50 a 70 personas  buen ambiente  recomendable,2024-01-09,Hace 2 años,https://www.google.com/maps/place/Amedea/data=!4m7!3m6!1s0x960a322aebfe6da3:0xaa9822283987eacf!8m2!3d-38.9583239!4d-68.0498646!16s%2Fg%2F1q629y02y!19sChIJo23-6yoyCpYRz-qHOSgimKo?authuser=0&hl=en&rclk=1,2026-01-08T04:38:12.222550,4d397e49d16ae3fb
Amedea,Lounge,"4,2",113,"Perito Moreno 677, Q8302GEA Neuquén, Argentina",-38.9583239,-68.0498646,Raquel Vallejos,4.0,"Muy lindos salones para un evento. (Cumples, bodas, o sólo asado con amigos),buena vajilla, parrillas, baños,",2024-01-09,Hace 2 años,https://www.google.com/maps/place/Amedea/data=!4m7!3m6!1s0x960a322aebfe6da3:0xaa9822283987eacf!8m2!3d-38.9583239!4d-68.0498646!16s%2Fg%2F1q629y02y!19sChIJo23-6yoyCpYRz-qHOSgimKo?authuser=0&hl=en&rclk=1,2026-01-08T04:38:12.222550,bda33f7ec08e73fd
Amedea,Lounge,"4,2",113,"Perito Moreno 677, Q8302GEA Neuquén, Argentina",-38.9583239,-68.0498646,Cecilia Ocampos,5.0,Fiesta sorpresa de 40! Todo impecable! El lugar es muy cómodo y acogedor. Ubicación ideal Neuquén centro este.,2024-01-09,Hace 2 años,https://www.google.com/maps/place/Amedea/data=!4m7!3m6!1s0x960a322aebfe6da3:0xaa9822283987eacf!8m2!3d-38.9583239!4d-68.0498646!16s%2Fg%2F1q629y02y!19sChIJo23-6yoyCpYRz-qHOSgimKo?authuser=0&hl=en&rclk=1,2026-01-08T04:38:12.222550,1755186cdae851e0
Amedea,Lounge,"4,2",113,"Perito Moreno 677, Q8302GEA Neuquén, Argentina",-38.9583239,-68.0498646,Ruben Valor,3.0,,2024-01-09,Hace 2 años,https://www.google.com/maps/place/Amedea/data=!4m7!3m6!1s0x960a322aebfe6da3:0xaa9822283987eacf!8m2!3d-38.9583239!4d-68.0498646!16s%2Fg%2F1q629y02y!19sChIJo23-6yoyCpYRz-qHOSgimKo?authuser=0&hl=en&rclk=1,2026-01-08T04:38:12.222550,4f81d12e5239247d
Amedea,Lounge,"4,2",113,"Perito Moreno 677, Q8302GEA Neuquén, Argentina",-38.9583239,-68.0498646,Dany El,5.0,,2024-01-09,Hace 2 años,https://www.google.com/maps/place/Amedea/data=!4m7!3m6!1s0x960a322aebfe6da3:0xaa9822283987eacf!8m2!3d-38.9583239!4d-68.0498646!16s%2Fg%2F1q629y02y!19sChIJo23-6yoyCpYRz-qHOSgimKo?authuser=0&hl=en&rclk=1,2026-01-08T04:38:12.222550,3987619ff54b4c60
Amedea,Lounge,"4,2",113,"Perito Moreno 677, Q8302GEA Neuquén, Argentina",-38.9583239,-68.0498646,Daniel Malara,5.0,,2024-01-09,Hace 2 años,https://www.google.com/maps/place/Amedea/data=!4m7!3m6!1s0x960a322aebfe6da3:0xaa9822283987eacf!8m2!3d-38.9583239!4d-68.0498646!16s%2Fg%2F1q629y02y!19sChIJo23-6yoyCpYRz-qHOSgimKo?authuser=0&hl=en&rclk=1,2026-01-08T04:38:12.222550,669766ad54d049a3
Amedea,Lounge,"4,2",113,"Perito Moreno 677, Q8302GEA Neuquén, Argentina",-38.9583239,-68.0498646,marisa soto,4.0,,2024-01-09,Hace 2 años,https://www.google.com/maps/place/Amedea/data=!4m7!3m6!1s0x960a322aebfe6da3:0xaa9822283987eacf!8m2!3d-38.9583239!4d-68.0498646!16s%2Fg%2F1q629y02y!19sChIJo23-6yoyCpYRz-qHOSgimKo?authuser=0&hl=en&rclk=1,2026-01-08T04:38:12.222550,24d4ebe5532e3b21
Amedea,Lounge,"4,2",113,"Perito Moreno 677, Q8302GEA Neuquén, Argentina",-38.9583239,-68.0498646,Ariel Silveyra,3.0,,2024-01-09,Hace 2 años,https://www.google.com/maps/place/Amedea/data=!4m7!3m6!1s0x960a322aebfe6da3:0xaa9822283987eacf!8m2!3d-38.9583239!4d-68.0498646!16s%2Fg%2F1q629y02y!19sChIJo23-6yoyCpYRz-qHOSgimKo?authuser=0&hl=en&rclk=1,2026-01-08T04:38:12.222550,f0f027e6553d01f1
Amedea,Lounge,"4,2",113,"Perito Moreno 677, Q8302GEA Neuquén, Argentina",-38.9583239,-68.0498646,D. Pio Baradello,5.0,,2024-01-09,Hace 2 años,https://www.google.com/maps/place/Amedea/data=!4m7!3m6!1s0x960a322aebfe6da3:0xaa9822283987eacf!8m2!3d-38.9583239!4d-68.0498646!16s%2Fg%2F1q629y02y!19sChIJo23-6yoyCpYRz-qHOSgimKo?authuser=0&hl=en&rclk=1,2026-01-08T04:38:12.222550,3efbc2a092476354
Amedea,Lounge,"4,2",113,"Perito Moreno 677, Q8302GEA Neuquén, Argentina",-38.9583239,-68.0498646,Carola,5.0,,2024-01-09,Hace 2 años,https://www.google.com/maps/place/Amedea/data=!4m7!3m6!1s0x960a322aebfe6da3:0xaa9822283987eacf!8m2!3d-38.9583239!4d-68.0498646!16s%2Fg%2F1q629y02y!19sChIJo23-6yoyCpYRz-qHOSgimKo?authuser=0&hl=en&rclk=1,2026-01-08T04:38:12.222550,c00778c5d87fa517
Amedea,Lounge,"4,2",113,"Perito Moreno 677, Q8302GEA Neuquén, Argentina",-38.9583239,-68.0498646,Carlos Barros,5.0,Excelente,2024-01-09,Hace 2 años,https://www.google.com/maps/place/Amedea/data=!4m7!3m6!1s0x960a322aebfe6da3:0xaa9822283987eacf!8m2!3d-38.9583239!4d-68.0498646!16s%2Fg%2F1q629y02y!19sChIJo23-6yoyCpYRz-qHOSgimKo?authuser=0&hl=en&rclk=1,2026-01-08T04:38:12.222550,caa7cc81627151d4
Amedea,Lounge,"4,2",113,"Perito Moreno 677, Q8302GEA Neuquén, Argentina",-38.9583239,-68.0498646,Damian cuello,4.0,,2024-01-09,Hace 2 años,https://www.google.com/maps/place/Amedea/data=!4m7!3m6!1s0x960a322aebfe6da3:0xaa9822283987eacf!8m2!3d-38.9583239!4d-68.0498646!16s%2Fg%2F1q629y02y!19sChIJo23-6yoyCpYRz-qHOSgimKo?authuser=0&hl=en&rclk=1,2026-01-08T04:38:12.222550,111707f1c5eeba14
Amedea,Lounge,"4,2",113,"Perito Moreno 677, Q8302GEA Neuquén, Argentina",-38.9583239,-68.0498646,Paola Albornoz,4.0,"Complejo encontrar la dirección, pero si lugar hermoso y cómodo",2024-01-09,Hace 2 años,https://www.google.com/maps/place/Amedea/data=!4m7!3m6!1s0x960a322aebfe6da3:0xaa9822283987eacf!8m2!3d-38.9583239!4d-68.0498646!16s%2Fg%2F1q629y02y!19sChIJo23-6yoyCpYRz-qHOSgimKo?authuser=0&hl=en&rclk=1,2026-01-08T04:38:12.222550,166f4848e8a42d23
Amedea,Lounge,"4,2",113,"Perito Moreno 677, Q8302GEA Neuquén, Argentina",-38.9583239,-68.0498646,Andy Bauer,4.0,,2024-01-09,Hace 2 años,https://www.google.com/maps/place/Amedea/data=!4m7!3m6!1s0x960a322aebfe6da3:0xaa9822283987eacf!8m2!3d-38.9583239!4d-68.0498646!16s%2Fg%2F1q629y02y!19sChIJo23-6yoyCpYRz-qHOSgimKo?authuser=0&hl=en&rclk=1,2026-01-08T04:38:12.222550,039b2e01e715d986
Amedea,Lounge,"4,2",113,"Perito Moreno 677, Q8302GEA Neuquén, Argentina",-38.9583239,-68.0498646,Dario Lucero,1.0,Es muy buena la esperencia en,2024-01-09,Fecha de edición: Hace 2 años,https://www.google.com/maps/place/Amedea/data=!4m7!3m6!1s0x960a322aebfe6da3:0xaa9822283987eacf!8m2!3d-38.9583239!4d-68.0498646!16s%2Fg%2F1q629y02y!19sChIJo23-6yoyCpYRz-qHOSgimKo?authuser=0&hl=en&rclk=1,2026-01-08T04:38:12.222550,ed0d291530a549d8
Amedea,Lounge,"4,2",113,"Perito Moreno 677, Q8302GEA Neuquén, Argentina",-38.9583239,-68.0498646,Mayra Cortez,4.0,,2023-01-09,Hace 3 años,https://www.google.com/maps/place/Amedea/data=!4m7!3m6!1s0x960a322aebfe6da3:0xaa9822283987eacf!8m2!3d-38.9583239!4d-68.0498646!16s%2Fg%2F1q629y02y!19sChIJo23-6yoyCpYRz-qHOSgimKo?authuser=0&hl=en&rclk=1,2026-01-08T04:38:12.222550,a42a7624e371ed11
Amedea,Lounge,"4,2",113,"Perito Moreno 677, Q8302GEA Neuquén, Argentina",-38.9583239,-68.0498646,Sergio Guzman,4.0,Cómodo y apropiado para reuniones de amigos,2023-01-09,Hace 3 años,https://www.google.com/maps/place/Amedea/data=!4m7!3m6!1s0x960a322aebfe6da3:0xaa9822283987eacf!8m2!3d-38.9583239!4d-68.0498646!16s%2Fg%2F1q629y02y!19sChIJo23-6yoyCpYRz-qHOSgimKo?authuser=0&hl=en&rclk=1,2026-01-08T04:38:12.222550,28c1951af0f85b44
Amedea,Lounge,"4,2",113,"Perito Moreno 677, Q8302GEA Neuquén, Argentina",-38.9583239,-68.0498646,Margarita Ulloa,4.0,Fui al cumple de  15 de mi nieta,2023-01-09,Hace 3 años,https://www.google.com/maps/place/Amedea/data=!4m7!3m6!1s0x960a322aebfe6da3:0xaa9822283987eacf!8m2!3d-38.9583239!4d-68.0498646!16s%2Fg%2F1q629y02y!19sChIJo23-6yoyCpYRz-qHOSgimKo?authuser=0&hl=en&rclk=1,2026-01-08T04:38:12.222550,38b2cc22253142f5
Amedea,Lounge,"4,2",113,"Perito Moreno 677, Q8302GEA Neuquén, Argentina",-38.9583239,-68.0498646,Judith Rozar,4.0,Muy lindo el salón y el quincho. Buena ubicación!!,2023-01-09,Hace 3 años,https://www.google.com/maps/place/Amedea/data=!4m7!3m6!1s0x960a322aebfe6da3:0xaa9822283987eacf!8m2!3d-38.9583239!4d-68.0498646!16s%2Fg%2F1q629y02y!19sChIJo23-6yoyCpYRz-qHOSgimKo?authuser=0&hl=en&rclk=1,2026-01-08T04:38:12.222550,7a7925ee344cc582
Amedea,Lounge,"4,2",113,"Perito Moreno 677, Q8302GEA Neuquén, Argentina",-38.9583239,-68.0498646,Marga Sandoval,5.0,,2023-01-09,Hace 3 años,https://www.google.com/maps/place/Amedea/data=!4m7!3m6!1s0x960a322aebfe6da3:0xaa9822283987eacf!8m2!3d-38.9583239!4d-68.0498646!16s%2Fg%2F1q629y02y!19sChIJo23-6yoyCpYRz-qHOSgimKo?authuser=0&hl=en&rclk=1,2026-01-08T04:38:12.222550,c49bfb22da93803f
Amedea,Lounge,"4,2",113,"Perito Moreno 677, Q8302GEA Neuquén, Argentina",-38.9583239,-68.0498646,Virginia Valdez,5.0,Muy cómodo y seguro el salon,2023-01-09,Hace 3 años,https://www.google.com/maps/place/Amedea/data=!4m7!3m6!1s0x960a322aebfe6da3:0xaa9822283987eacf!8m2!3d-38.9583239!4d-68.0498646!16s%2Fg%2F1q629y02y!19sChIJo23-6yoyCpYRz-qHOSgimKo?authuser=0&hl=en&rclk=1,2026-01-08T04:38:12.222550,1852b65e4baed9cc
Amedea,Lounge,"4,2",113,"Perito Moreno 677, Q8302GEA Neuquén, Argentina",-38.9583239,-68.0498646,Cacho Bonfanti,1.0,,2023-01-09,Hace 3 años,https://www.google.com/maps/place/Amedea/data=!4m7!3m6!1s0x960a322aebfe6da3:0xaa9822283987eacf!8m2!3d-38.9583239!4d-68.0498646!16s%2Fg%2F1q629y02y!19sChIJo23-6yoyCpYRz-qHOSgimKo?authuser=0&hl=en&rclk=1,2026-01-08T04:38:12.222550,fbc856a0884c0f4a
Amedea,Lounge,"4,2",113,"Perito Moreno 677, Q8302GEA Neuquén, Argentina",-38.9583239,-68.0498646,Ivana Martinez Rios,5.0,,2023-01-09,Hace 3 años,https://www.google.com/maps/place/Amedea/data=!4m7!3m6!1s0x960a322aebfe6da3:0xaa9822283987eacf!8m2!3d-38.9583239!4d-68.0498646!16s%2Fg%2F1q629y02y!19sChIJo23-6yoyCpYRz-qHOSgimKo?authuser=0&hl=en&rclk=1,2026-01-08T04:38:12.222550,7cbeb3886017c6b1
Amedea,Lounge,"4,2",113,"Perito Moreno 677, Q8302GEA Neuquén, Argentina",-38.9583239,-68.0498646,Mari Valenzuela,5.0,,2023-01-09,Hace 3 años,https://www.google.com/maps/place/Amedea/data=!4m7!3m6!1s0x960a322aebfe6da3:0xaa9822283987eacf!8m2!3d-38.9583239!4d-68.0498646!16s%2Fg%2F1q629y02y!19sChIJo23-6yoyCpYRz-qHOSgimKo?authuser=0&hl=en&rclk=1,2026-01-08T04:38:12.222550,d1a3efe70cb53c19
Amedea,Lounge,"4,2",113,"Perito Moreno 677, Q8302GEA Neuquén, Argentina",-38.9583239,-68.0498646,gabriela palacios,4.0,,2023-01-09,Hace 3 años,https://www.google.com/maps/place/Amedea/data=!4m7!3m6!1s0x960a322aebfe6da3:0xaa9822283987eacf!8m2!3d-38.9583239!4d-68.0498646!16s%2Fg%2F1q629y02y!19sChIJo23-6yoyCpYRz-qHOSgimKo?authuser=0&hl=en&rclk=1,2026-01-08T04:38:12.222550,dffed7dfec173660
Amedea,Lounge,"4,2",113,"Perito Moreno 677, Q8302GEA Neuquén, Argentina",-38.9583239,-68.0498646,Oscar Rodriguez,5.0,"Excelente, para un buen festejo",2023-01-09,Hace 3 años,https://www.google.com/maps/place/Amedea/data=!4m7!3m6!1s0x960a322aebfe6da3:0xaa9822283987eacf!8m2!3d-38.9583239!4d-68.0498646!16s%2Fg%2F1q629y02y!19sChIJo23-6yoyCpYRz-qHOSgimKo?authuser=0&hl=en&rclk=1,2026-01-08T04:38:12.222550,caa9fc57aae4daa2
Amedea,Lounge,"4,2",113,"Perito Moreno 677, Q8302GEA Neuquén, Argentina",-38.9583239,-68.0498646,Hugo Capozzoli,2.0,,2023-01-09,Hace 3 años,https://www.google.com/maps/place/Amedea/data=!4m7!3m6!1s0x960a322aebfe6da3:0xaa9822283987eacf!8m2!3d-38.9583239!4d-68.0498646!16s%2Fg%2F1q629y02y!19sChIJo23-6yoyCpYRz-qHOSgimKo?authuser=0&hl=en&rclk=1,2026-01-08T04:38:12.222550,59ee5b3b3d2af649
Amedea,Lounge,"4,2",113,"Perito Moreno 677, Q8302GEA Neuquén, Argentina",-38.9583239,-68.0498646,Luis,5.0,Lindo quincho,2023-01-09,Fecha de edición: Hace 3 años,https://www.google.com/maps/place/Amedea/data=!4m7!3m6!1s0x960a322aebfe6da3:0xaa9822283987eacf!8m2!3d-38.9583239!4d-68.0498646!16s%2Fg%2F1q629y02y!19sChIJo23-6yoyCpYRz-qHOSgimKo?authuser=0&hl=en&rclk=1,2026-01-08T04:38:12.222550,a29f88a2337d9d81
Amedea,Lounge,"4,2",113,"Perito Moreno 677, Q8302GEA Neuquén, Argentina",-38.9583239,-68.0498646,Eduardo Lira,4.0,Un lindo lugar para reunirnos con todos los servicios gracias un abrazo 🤗…,2023-01-09,Hace 3 años,https://www.google.com/maps/place/Amedea/data=!4m7!3m6!1s0x960a322aebfe6da3:0xaa9822283987eacf!8m2!3d-38.9583239!4d-68.0498646!16s%2Fg%2F1q629y02y!19sChIJo23-6yoyCpYRz-qHOSgimKo?authuser=0&hl=en&rclk=1,2026-01-08T04:38:12.222550,2630208abf27641a
Amedea,Lounge,"4,2",113,"Perito Moreno 677, Q8302GEA Neuquén, Argentina",-38.9583239,-68.0498646,Diego González,4.0,,2023-01-09,Hace 3 años,https://www.google.com/maps/place/Amedea/data=!4m7!3m6!1s0x960a322aebfe6da3:0xaa9822283987eacf!8m2!3d-38.9583239!4d-68.0498646!16s%2Fg%2F1q629y02y!19sChIJo23-6yoyCpYRz-qHOSgimKo?authuser=0&hl=en&rclk=1,2026-01-08T04:38:12.222550,746d1a42447eb520
Amedea,Lounge,"4,2",113,"Perito Moreno 677, Q8302GEA Neuquén, Argentina",-38.9583239,-68.0498646,Zaida Acasio,5.0,,2023-01-09,Hace 3 años,https://www.google.com/maps/place/Amedea/data=!4m7!3m6!1s0x960a322aebfe6da3:0xaa9822283987eacf!8m2!3d-38.9583239!4d-68.0498646!16s%2Fg%2F1q629y02y!19sChIJo23-6yoyCpYRz-qHOSgimKo?authuser=0&hl=en&rclk=1,2026-01-08T04:38:12.222550,9a257e92890eb00e
Amedea,Lounge,"4,2",113,"Perito Moreno 677, Q8302GEA Neuquén, Argentina",-38.9583239,-68.0498646,Daniel Saez,4.0,Buen espacio para reuniones,2023-01-09,Hace 3 años,https://www.google.com/maps/place/Amedea/data=!4m7!3m6!1s0x960a322aebfe6da3:0xaa9822283987eacf!8m2!3d-38.9583239!4d-68.0498646!16s%2Fg%2F1q629y02y!19sChIJo23-6yoyCpYRz-qHOSgimKo?authuser=0&hl=en&rclk=1,2026-01-08T04:38:12.222550,acb147ff205dd233
Amedea,Lounge,"4,2",113,"Perito Moreno 677, Q8302GEA Neuquén, Argentina",-38.9583239,-68.0498646,Sergio Alejandro Benitez,5.0,Excelente salón! Y ubicación!,2023-01-09,Hace 3 años,https://www.google.com/maps/place/Amedea/data=!4m7!3m6!1s0x960a322aebfe6da3:0xaa9822283987eacf!8m2!3d-38.9583239!4d-68.0498646!16s%2Fg%2F1q629y02y!19sChIJo23-6yoyCpYRz-qHOSgimKo?authuser=0&hl=en&rclk=1,2026-01-08T04:38:12.222550,7e2e80b8e45034ef
Amedea,Lounge,"4,2",113,"Perito Moreno 677, Q8302GEA Neuquén, Argentina",-38.9583239,-68.0498646,Vale Herrera,5.0,,2023-01-09,Hace 3 años,https://www.google.com/maps/place/Amedea/data=!4m7!3m6!1s0x960a322aebfe6da3:0xaa9822283987eacf!8m2!3d-38.9583239!4d-68.0498646!16s%2Fg%2F1q629y02y!19sChIJo23-6yoyCpYRz-qHOSgimKo?authuser=0&hl=en&rclk=1,2026-01-08T04:38:12.222550,47af4e5620d7c972
Amedea,Lounge,"4,2",113,"Perito Moreno 677, Q8302GEA Neuquén, Argentina",-38.9583239,-68.0498646,Graciela Di Giusto,5.0,Excelente lugar...,2023-01-09,Hace 3 años,https://www.google.com/maps/place/Amedea/data=!4m7!3m6!1s0x960a322aebfe6da3:0xaa9822283987eacf!8m2!3d-38.9583239!4d-68.0498646!16s%2Fg%2F1q629y02y!19sChIJo23-6yoyCpYRz-qHOSgimKo?authuser=0&hl=en&rclk=1,2026-01-08T04:38:12.222550,a650ed18a7c6e4f1
Amedea,Lounge,"4,2",113,"Perito Moreno 677, Q8302GEA Neuquén, Argentina",-38.9583239,-68.0498646,Alejandra Vidal,5.0,,2023-01-09,Hace 3 años,https://www.google.com/maps/place/Amedea/data=!4m7!3m6!1s0x960a322aebfe6da3:0xaa9822283987eacf!8m2!3d-38.9583239!4d-68.0498646!16s%2Fg%2F1q629y02y!19sChIJo23-6yoyCpYRz-qHOSgimKo?authuser=0&hl=en&rclk=1,2026-01-08T04:38:12.222550,8352d87d8abfb061
Amedea,Lounge,"4,2",113,"Perito Moreno 677, Q8302GEA Neuquén, Argentina",-38.9583239,-68.0498646,Dionel Daddario,5.0,Excelente atención y respuestas a todas las inquietudes presentadas ¡¡¡¡,2023-01-09,Hace 3 años,https://www.google.com/maps/place/Amedea/data=!4m7!3m6!1s0x960a322aebfe6da3:0xaa9822283987eacf!8m2!3d-38.9583239!4d-68.0498646!16s%2Fg%2F1q629y02y!19sChIJo23-6yoyCpYRz-qHOSgimKo?authuser=0&hl=en&rclk=1,2026-01-08T04:38:12.222550,d9eda59a8d359d04
Amedea,Lounge,"4,2",113,"Perito Moreno 677, Q8302GEA Neuquén, Argentina",-38.9583239,-68.0498646,Miguel Arigon,5.0,Muy buen lugar excelente limpieza,2023-01-09,Hace 3 años,https://www.google.com/maps/place/Amedea/data=!4m7!3m6!1s0x960a322aebfe6da3:0xaa9822283987eacf!8m2!3d-38.9583239!4d-68.0498646!16s%2Fg%2F1q629y02y!19sChIJo23-6yoyCpYRz-qHOSgimKo?authuser=0&hl=en&rclk=1,2026-01-08T04:38:12.222550,b1d31bff2ecdd1c6
Amedea,Lounge,"4,2",113,"Perito Moreno 677, Q8302GEA Neuquén, Argentina",-38.9583239,-68.0498646,sergio beroiza,5.0,,2022-01-09,Hace 4 años,https://www.google.com/maps/place/Amedea/data=!4m7!3m6!1s0x960a322aebfe6da3:0xaa9822283987eacf!8m2!3d-38.9583239!4d-68.0498646!16s%2Fg%2F1q629y02y!19sChIJo23-6yoyCpYRz-qHOSgimKo?authuser=0&hl=en&rclk=1,2026-01-08T04:38:12.222550,7fa9952fde82232b
Amedea,Lounge,"4,2",113,"Perito Moreno 677, Q8302GEA Neuquén, Argentina",-38.9583239,-68.0498646,Jesica Guevea,5.0,,2022-01-09,Hace 4 años,https://www.google.com/maps/place/Amedea/data=!4m7!3m6!1s0x960a322aebfe6da3:0xaa9822283987eacf!8m2!3d-38.9583239!4d-68.0498646!16s%2Fg%2F1q629y02y!19sChIJo23-6yoyCpYRz-qHOSgimKo?authuser=0&hl=en&rclk=1,2026-01-08T04:38:12.222550,bf4142c4cc0a0937
Amedea,Lounge,"4,2",113,"Perito Moreno 677, Q8302GEA Neuquén, Argentina",-38.9583239,-68.0498646,Marta Canario,3.0,,2022-01-09,Hace 4 años,https://www.google.com/maps/place/Amedea/data=!4m7!3m6!1s0x960a322aebfe6da3:0xaa9822283987eacf!8m2!3d-38.9583239!4d-68.0498646!16s%2Fg%2F1q629y02y!19sChIJo23-6yoyCpYRz-qHOSgimKo?authuser=0&hl=en&rclk=1,2026-01-08T04:38:12.222550,6ddf9202a44db93a
Amedea,Lounge,"4,2",113,"Perito Moreno 677, Q8302GEA Neuquén, Argentina",-38.9583239,-68.0498646,Cristina Liliana Fabregas,4.0,"Excelente lugar para realizar una cena , una fiesta  realmente lo recomiendo..",2022-01-09,Hace 4 años,https://www.google.com/maps/place/Amedea/data=!4m7!3m6!1s0x960a322aebfe6da3:0xaa9822283987eacf!8m2!3d-38.9583239!4d-68.0498646!16s%2Fg%2F1q629y02y!19sChIJo23-6yoyCpYRz-qHOSgimKo?authuser=0&hl=en&rclk=1,2026-01-08T04:38:12.222550,6a65365c2486632c
Amedea,Lounge,"4,2",113,"Perito Moreno 677, Q8302GEA Neuquén, Argentina",-38.9583239,-68.0498646,Maximiliano Painetru,5.0,,2022-01-09,Hace 4 años,https://www.google.com/maps/place/Amedea/data=!4m7!3m6!1s0x960a322aebfe6da3:0xaa9822283987eacf!8m2!3d-38.9583239!4d-68.0498646!16s%2Fg%2F1q629y02y!19sChIJo23-6yoyCpYRz-qHOSgimKo?authuser=0&hl=en&rclk=1,2026-01-08T04:38:12.222550,2db35f998c748b39
Amedea,Lounge,"4,2",113,"Perito Moreno 677, Q8302GEA Neuquén, Argentina",-38.9583239,-68.0498646,Monica Roberts,4.0,,2022-01-09,Hace 4 años,https://www.google.com/maps/place/Amedea/data=!4m7!3m6!1s0x960a322aebfe6da3:0xaa9822283987eacf!8m2!3d-38.9583239!4d-68.0498646!16s%2Fg%2F1q629y02y!19sChIJo23-6yoyCpYRz-qHOSgimKo?authuser=0&hl=en&rclk=1,2026-01-08T04:38:12.222550,71a57f394e34922e
Amedea,Lounge,"4,2",113,"Perito Moreno 677, Q8302GEA Neuquén, Argentina",-38.9583239,-68.0498646,Lilian Ledesma,4.0,,2021-01-09,Hace 5 años,https://www.google.com/maps/place/Amedea/data=!4m7!3m6!1s0x960a322aebfe6da3:0xaa9822283987eacf!8m2!3d-38.9583239!4d-68.0498646!16s%2Fg%2F1q629y02y!19sChIJo23-6yoyCpYRz-qHOSgimKo?authuser=0&hl=en&rclk=1,2026-01-08T04:38:12.222550,55db09bb992fc533
Amedea,Lounge,"4,2",113,"Perito Moreno 677, Q8302GEA Neuquén, Argentina",-38.9583239,-68.0498646,Eduardo Nuñez,5.0,,2021-01-09,Hace 5 años,https://www.google.com/maps/place/Amedea/data=!4m7!3m6!1s0x960a322aebfe6da3:0xaa9822283987eacf!8m2!3d-38.9583239!4d-68.0498646!16s%2Fg%2F1q629y02y!19sChIJo23-6yoyCpYRz-qHOSgimKo?authuser=0&hl=en&rclk=1,2026-01-08T04:38:12.222550,1f6b3181cbc556c3
Amedea,Lounge,"4,2",113,"Perito Moreno 677, Q8302GEA Neuquén, Argentina",-38.9583239,-68.0498646,Lautaro Salazar,5.0,Excelente,2021-01-09,Hace 5 años,https://www.google.com/maps/place/Amedea/data=!4m7!3m6!1s0x960a322aebfe6da3:0xaa9822283987eacf!8m2!3d-38.9583239!4d-68.0498646!16s%2Fg%2F1q629y02y!19sChIJo23-6yoyCpYRz-qHOSgimKo?authuser=0&hl=en&rclk=1,2026-01-08T04:38:12.222550,fc0a0a5d10bfd786
Amedea,Lounge,"4,2",113,"Perito Moreno 677, Q8302GEA Neuquén, Argentina",-38.9583239,-68.0498646,Caro Dada,4.0,Hermoso lugar! Super comodo!,2021-01-09,Hace 5 años,https://www.google.com/maps/place/Amedea/data=!4m7!3m6!1s0x960a322aebfe6da3:0xaa9822283987eacf!8m2!3d-38.9583239!4d-68.0498646!16s%2Fg%2F1q629y02y!19sChIJo23-6yoyCpYRz-qHOSgimKo?authuser=0&hl=en&rclk=1,2026-01-08T04:38:12.222550,991297e83f775fad
Amedea,Lounge,"4,2",113,"Perito Moreno 677, Q8302GEA Neuquén, Argentina",-38.9583239,-68.0498646,Sofia Cruz,5.0,,2021-01-09,Hace 5 años,https://www.google.com/maps/place/Amedea/data=!4m7!3m6!1s0x960a322aebfe6da3:0xaa9822283987eacf!8m2!3d-38.9583239!4d-68.0498646!16s%2Fg%2F1q629y02y!19sChIJo23-6yoyCpYRz-qHOSgimKo?authuser=0&hl=en&rclk=1,2026-01-08T04:38:12.222550,5c83ab7da967839e
Amedea,Lounge,"4,2",113,"Perito Moreno 677, Q8302GEA Neuquén, Argentina",-38.9583239,-68.0498646,Adriana Garcia,1.0,Si te olvidas de algo como en mi caso ..te lo roban. Hice el reclamo y nadie se hace cargo. Una falta de respeto total.Malisimo .,2021-01-09,Hace 5 años,https://www.google.com/maps/place/Amedea/data=!4m7!3m6!1s0x960a322aebfe6da3:0xaa9822283987eacf!8m2!3d-38.9583239!4d-68.0498646!16s%2Fg%2F1q629y02y!19sChIJo23-6yoyCpYRz-qHOSgimKo?authuser=0&hl=en&rclk=1,2026-01-08T04:38:12.222550,ccfa205038eb3bf8
Amedea,Lounge,"4,2",113,"Perito Moreno 677, Q8302GEA Neuquén, Argentina",-38.9583239,-68.0498646,Yanina Diocares,5.0,Muy lindo salon,2021-01-09,Hace 5 años,https://www.google.com/maps/place/Amedea/data=!4m7!3m6!1s0x960a322aebfe6da3:0xaa9822283987eacf!8m2!3d-38.9583239!4d-68.0498646!16s%2Fg%2F1q629y02y!19sChIJo23-6yoyCpYRz-qHOSgimKo?authuser=0&hl=en&rclk=1,2026-01-08T04:38:12.222550,814480d0f39d246d
Amedea,Lounge,"4,2",113,"Perito Moreno 677, Q8302GEA Neuquén, Argentina",-38.9583239,-68.0498646,nelson garcia lopez,3.0,,2021-01-09,Hace 5 años,https://www.google.com/maps/place/Amedea/data=!4m7!3m6!1s0x960a322aebfe6da3:0xaa9822283987eacf!8m2!3d-38.9583239!4d-68.0498646!16s%2Fg%2F1q629y02y!19sChIJo23-6yoyCpYRz-qHOSgimKo?authuser=0&hl=en&rclk=1,2026-01-08T04:38:12.222550,5ea9fa434e8a53bb
Amedea,Lounge,"4,2",113,"Perito Moreno 677, Q8302GEA Neuquén, Argentina",-38.9583239,-68.0498646,Jorge,5.0,Muy bien el aire acondicionado!,2021-01-09,Hace 5 años,https://www.google.com/maps/place/Amedea/data=!4m7!3m6!1s0x960a322aebfe6da3:0xaa9822283987eacf!8m2!3d-38.9583239!4d-68.0498646!16s%2Fg%2F1q629y02y!19sChIJo23-6yoyCpYRz-qHOSgimKo?authuser=0&hl=en&rclk=1,2026-01-08T04:38:12.222550,e4fcba7d10391829
Amedea,Lounge,"4,2",113,"Perito Moreno 677, Q8302GEA Neuquén, Argentina",-38.9583239,-68.0498646,Olga Mergen,4.0,,2021-01-09,Hace 5 años,https://www.google.com/maps/place/Amedea/data=!4m7!3m6!1s0x960a322aebfe6da3:0xaa9822283987eacf!8m2!3d-38.9583239!4d-68.0498646!16s%2Fg%2F1q629y02y!19sChIJo23-6yoyCpYRz-qHOSgimKo?authuser=0&hl=en&rclk=1,2026-01-08T04:38:12.222550,c0b4a281c406441a
Amedea,Lounge,"4,2",113,"Perito Moreno 677, Q8302GEA Neuquén, Argentina",-38.9583239,-68.0498646,Sandra Llambi,5.0,,2021-01-09,Hace 5 años,https://www.google.com/maps/place/Amedea/data=!4m7!3m6!1s0x960a322aebfe6da3:0xaa9822283987eacf!8m2!3d-38.9583239!4d-68.0498646!16s%2Fg%2F1q629y02y!19sChIJo23-6yoyCpYRz-qHOSgimKo?authuser=0&hl=en&rclk=1,2026-01-08T04:38:12.222550,ce773b35b7019fbb
Amedea,Lounge,"4,2",113,"Perito Moreno 677, Q8302GEA Neuquén, Argentina",-38.9583239,-68.0498646,Andrea Mutizabal,4.0,"Buena ubicación, amplio, limpio",2021-01-09,Hace 5 años,https://www.google.com/maps/place/Amedea/data=!4m7!3m6!1s0x960a322aebfe6da3:0xaa9822283987eacf!8m2!3d-38.9583239!4d-68.0498646!16s%2Fg%2F1q629y02y!19sChIJo23-6yoyCpYRz-qHOSgimKo?authuser=0&hl=en&rclk=1,2026-01-08T04:38:12.222550,be749771359215a2
Amedea,Lounge,"4,2",113,"Perito Moreno 677, Q8302GEA Neuquén, Argentina",-38.9583239,-68.0498646,Cecilia Saez,5.0,Excelente atención personal. Los salones para fieatas una maravilla!,2021-01-09,Hace 5 años,https://www.google.com/maps/place/Amedea/data=!4m7!3m6!1s0x960a322aebfe6da3:0xaa9822283987eacf!8m2!3d-38.9583239!4d-68.0498646!16s%2Fg%2F1q629y02y!19sChIJo23-6yoyCpYRz-qHOSgimKo?authuser=0&hl=en&rclk=1,2026-01-08T04:38:12.222550,727f3f803f98b7d2
Amedea,Lounge,"4,2",113,"Perito Moreno 677, Q8302GEA Neuquén, Argentina",-38.9583239,-68.0498646,Julii Garrido,1.0,,2020-01-10,Hace 6 años,https://www.google.com/maps/place/Amedea/data=!4m7!3m6!1s0x960a322aebfe6da3:0xaa9822283987eacf!8m2!3d-38.9583239!4d-68.0498646!16s%2Fg%2F1q629y02y!19sChIJo23-6yoyCpYRz-qHOSgimKo?authuser=0&hl=en&rclk=1,2026-01-08T04:38:12.222550,1e8faa13f6595525
Amedea,Lounge,"4,2",113,"Perito Moreno 677, Q8302GEA Neuquén, Argentina",-38.9583239,-68.0498646,Carina D. Salvatierra,4.0,,2020-01-10,Hace 6 años,https://www.google.com/maps/place/Amedea/data=!4m7!3m6!1s0x960a322aebfe6da3:0xaa9822283987eacf!8m2!3d-38.9583239!4d-68.0498646!16s%2Fg%2F1q629y02y!19sChIJo23-6yoyCpYRz-qHOSgimKo?authuser=0&hl=en&rclk=1,2026-01-08T04:38:12.222550,8072049bb3aa7404
Amedea,Lounge,"4,2",113,"Perito Moreno 677, Q8302GEA Neuquén, Argentina",-38.9583239,-68.0498646,Hugo Capo,3.0,,2020-01-10,Hace 6 años,https://www.google.com/maps/place/Amedea/data=!4m7!3m6!1s0x960a322aebfe6da3:0xaa9822283987eacf!8m2!3d-38.9583239!4d-68.0498646!16s%2Fg%2F1q629y02y!19sChIJo23-6yoyCpYRz-qHOSgimKo?authuser=0&hl=en&rclk=1,2026-01-08T04:38:12.222550,658921bd2af4a33b
Amedea,Lounge,"4,2",113,"Perito Moreno 677, Q8302GEA Neuquén, Argentina",-38.9583239,-68.0498646,Graciela Ortiz,5.0,,2020-01-10,Hace 6 años,https://www.google.com/maps/place/Amedea/data=!4m7!3m6!1s0x960a322aebfe6da3:0xaa9822283987eacf!8m2!3d-38.9583239!4d-68.0498646!16s%2Fg%2F1q629y02y!19sChIJo23-6yoyCpYRz-qHOSgimKo?authuser=0&hl=en&rclk=1,2026-01-08T04:38:12.222550,e43db25bf7b59aa8
Amedea,Lounge,"4,2",113,"Perito Moreno 677, Q8302GEA Neuquén, Argentina",-38.9583239,-68.0498646,Gustavo Gonzalez,4.0,"Si uno es socio es muy accesible el precio, de todas formas para ser céntrico tiene buen precio y ahí dos opciones, kincho para 90 personas y local grande para 200 cómodos, no tiene patio verde...al ser céntrico ahí seguridad",2020-01-10,Hace 6 años,https://www.google.com/maps/place/Amedea/data=!4m7!3m6!1s0x960a322aebfe6da3:0xaa9822283987eacf!8m2!3d-38.9583239!4d-68.0498646!16s%2Fg%2F1q629y02y!19sChIJo23-6yoyCpYRz-qHOSgimKo?authuser=0&hl=en&rclk=1,2026-01-08T04:38:12.222550,7fa5c893f8726b15
Amedea,Lounge,"4,2",113,"Perito Moreno 677, Q8302GEA Neuquén, Argentina",-38.9583239,-68.0498646,Martin Herrera,5.0,Lindo lindo,2020-01-10,Hace 6 años,https://www.google.com/maps/place/Amedea/data=!4m7!3m6!1s0x960a322aebfe6da3:0xaa9822283987eacf!8m2!3d-38.9583239!4d-68.0498646!16s%2Fg%2F1q629y02y!19sChIJo23-6yoyCpYRz-qHOSgimKo?authuser=0&hl=en&rclk=1,2026-01-08T04:38:12.222550,4a8780b8edd01151
Amedea,Lounge,"4,2",113,"Perito Moreno 677, Q8302GEA Neuquén, Argentina",-38.9583239,-68.0498646,Criss Marcolini,5.0,Muy recomendable,2020-01-10,Hace 6 años,https://www.google.com/maps/place/Amedea/data=!4m7!3m6!1s0x960a322aebfe6da3:0xaa9822283987eacf!8m2!3d-38.9583239!4d-68.0498646!16s%2Fg%2F1q629y02y!19sChIJo23-6yoyCpYRz-qHOSgimKo?authuser=0&hl=en&rclk=1,2026-01-08T04:38:12.222550,36fa3e18018d5be9
Amedea,Lounge,"4,2",113,"Perito Moreno 677, Q8302GEA Neuquén, Argentina",-38.9583239,-68.0498646,claudia rosales,2.0,"Cómodo..seguro para los niños,ya que no es fácil el acceso a la calle..( lo malo no hay estacionamiento en el lugar.)",2020-01-10,Hace 6 años,https://www.google.com/maps/place/Amedea/data=!4m7!3m6!1s0x960a322aebfe6da3:0xaa9822283987eacf!8m2!3d-38.9583239!4d-68.0498646!16s%2Fg%2F1q629y02y!19sChIJo23-6yoyCpYRz-qHOSgimKo?authuser=0&hl=en&rclk=1,2026-01-08T04:38:12.222550,2335885a9cf9f966
Amedea,Lounge,"4,2",113,"Perito Moreno 677, Q8302GEA Neuquén, Argentina",-38.9583239,-68.0498646,Quique Sepulveda,4.0,,2019-01-10,Hace 7 años,https://www.google.com/maps/place/Amedea/data=!4m7!3m6!1s0x960a322aebfe6da3:0xaa9822283987eacf!8m2!3d-38.9583239!4d-68.0498646!16s%2Fg%2F1q629y02y!19sChIJo23-6yoyCpYRz-qHOSgimKo?authuser=0&hl=en&rclk=1,2026-01-08T04:38:12.222550,f6859b598611dd4b
Amedea,Lounge,"4,2",113,"Perito Moreno 677, Q8302GEA Neuquén, Argentina",-38.9583239,-68.0498646,Juan Lucero,5.0,,2019-01-10,Hace 7 años,https://www.google.com/maps/place/Amedea/data=!4m7!3m6!1s0x960a322aebfe6da3:0xaa9822283987eacf!8m2!3d-38.9583239!4d-68.0498646!16s%2Fg%2F1q629y02y!19sChIJo23-6yoyCpYRz-qHOSgimKo?authuser=0&hl=en&rclk=1,2026-01-08T04:38:12.222550,c172576734b8704a
Amedea,Lounge,"4,2",113,"Perito Moreno 677, Q8302GEA Neuquén, Argentina",-38.9583239,-68.0498646,Fabian Polizzo,5.0,,2019-01-10,Hace 7 años,https://www.google.com/maps/place/Amedea/data=!4m7!3m6!1s0x960a322aebfe6da3:0xaa9822283987eacf!8m2!3d-38.9583239!4d-68.0498646!16s%2Fg%2F1q629y02y!19sChIJo23-6yoyCpYRz-qHOSgimKo?authuser=0&hl=en&rclk=1,2026-01-08T04:38:12.222550,7d3684bedc52e3a2
Amedea,Lounge,"4,2",113,"Perito Moreno 677, Q8302GEA Neuquén, Argentina",-38.9583239,-68.0498646,Ana María Passi,5.0,Amplio cómodo y bien ubicado,2019-01-10,Hace 7 años,https://www.google.com/maps/place/Amedea/data=!4m7!3m6!1s0x960a322aebfe6da3:0xaa9822283987eacf!8m2!3d-38.9583239!4d-68.0498646!16s%2Fg%2F1q629y02y!19sChIJo23-6yoyCpYRz-qHOSgimKo?authuser=0&hl=en&rclk=1,2026-01-08T04:38:12.222550,42e86b09a565ea90
Amedea,Lounge,"4,2",113,"Perito Moreno 677, Q8302GEA Neuquén, Argentina",-38.9583239,-68.0498646,Jorge Daniel Taboada,3.0,Salón de fiestas para 100 personas cómodas en mesas redondas de 8. Amplio sector de cocina y parrilla.,2019-01-10,Hace 7 años,https://www.google.com/maps/place/Amedea/data=!4m7!3m6!1s0x960a322aebfe6da3:0xaa9822283987eacf!8m2!3d-38.9583239!4d-68.0498646!16s%2Fg%2F1q629y02y!19sChIJo23-6yoyCpYRz-qHOSgimKo?authuser=0&hl=en&rclk=1,2026-01-08T04:38:12.222550,fd611222860e94fe
Amedea,Lounge,"4,2",113,"Perito Moreno 677, Q8302GEA Neuquén, Argentina",-38.9583239,-68.0498646,Ariel gustavo Curiñanco,1.0,Muy lindo lugar.,2019-01-10,Hace 7 años,https://www.google.com/maps/place/Amedea/data=!4m7!3m6!1s0x960a322aebfe6da3:0xaa9822283987eacf!8m2!3d-38.9583239!4d-68.0498646!16s%2Fg%2F1q629y02y!19sChIJo23-6yoyCpYRz-qHOSgimKo?authuser=0&hl=en&rclk=1,2026-01-08T04:38:12.222550,f6da3923c875537c
Amedea,Lounge,"4,2",113,"Perito Moreno 677, Q8302GEA Neuquén, Argentina",-38.9583239,-68.0498646,Silvana Cirer,4.0,,2019-01-10,Hace 7 años,https://www.google.com/maps/place/Amedea/data=!4m7!3m6!1s0x960a322aebfe6da3:0xaa9822283987eacf!8m2!3d-38.9583239!4d-68.0498646!16s%2Fg%2F1q629y02y!19sChIJo23-6yoyCpYRz-qHOSgimKo?authuser=0&hl=en&rclk=1,2026-01-08T04:38:12.222550,cafa6069d10354a5
Amedea,Lounge,"4,2",113,"Perito Moreno 677, Q8302GEA Neuquén, Argentina",-38.9583239,-68.0498646,ismael alarcon,5.0,,2019-01-10,Hace 7 años,https://www.google.com/maps/place/Amedea/data=!4m7!3m6!1s0x960a322aebfe6da3:0xaa9822283987eacf!8m2!3d-38.9583239!4d-68.0498646!16s%2Fg%2F1q629y02y!19sChIJo23-6yoyCpYRz-qHOSgimKo?authuser=0&hl=en&rclk=1,2026-01-08T04:38:12.222550,bca237b1c023758b
Amedea,Lounge,"4,2",113,"Perito Moreno 677, Q8302GEA Neuquén, Argentina",-38.9583239,-68.0498646,RAMIRO MUÑOZ,5.0,,2019-01-10,Hace 7 años,https://www.google.com/maps/place/Amedea/data=!4m7!3m6!1s0x960a322aebfe6da3:0xaa9822283987eacf!8m2!3d-38.9583239!4d-68.0498646!16s%2Fg%2F1q629y02y!19sChIJo23-6yoyCpYRz-qHOSgimKo?authuser=0&hl=en&rclk=1,2026-01-08T04:38:12.222550,24688de9157a04d3
Amedea,Lounge,"4,2",113,"Perito Moreno 677, Q8302GEA Neuquén, Argentina",-38.9583239,-68.0498646,Martina Sandoval,5.0,,2019-01-10,Hace 7 años,https://www.google.com/maps/place/Amedea/data=!4m7!3m6!1s0x960a322aebfe6da3:0xaa9822283987eacf!8m2!3d-38.9583239!4d-68.0498646!16s%2Fg%2F1q629y02y!19sChIJo23-6yoyCpYRz-qHOSgimKo?authuser=0&hl=en&rclk=1,2026-01-08T04:38:12.222550,2d4f15106952148a
Amedea,Lounge,"4,2",113,"Perito Moreno 677, Q8302GEA Neuquén, Argentina",-38.9583239,-68.0498646,Horacio Sanchez,4.0,Apto para eventos con mediana cantidad de gente.,2019-01-10,Hace 7 años,https://www.google.com/maps/place/Amedea/data=!4m7!3m6!1s0x960a322aebfe6da3:0xaa9822283987eacf!8m2!3d-38.9583239!4d-68.0498646!16s%2Fg%2F1q629y02y!19sChIJo23-6yoyCpYRz-qHOSgimKo?authuser=0&hl=en&rclk=1,2026-01-08T04:38:12.222550,1329bbe508f3a579
Amedea,Lounge,"4,2",113,"Perito Moreno 677, Q8302GEA Neuquén, Argentina",-38.9583239,-68.0498646,edgardo ramon inda,4.0,Lindo teatro de artistas independientes,2019-01-10,Hace 7 años,https://www.google.com/maps/place/Amedea/data=!4m7!3m6!1s0x960a322aebfe6da3:0xaa9822283987eacf!8m2!3d-38.9583239!4d-68.0498646!16s%2Fg%2F1q629y02y!19sChIJo23-6yoyCpYRz-qHOSgimKo?authuser=0&hl=en&rclk=1,2026-01-08T04:38:12.222550,26a8bd2aa12f8f45
Amedea,Lounge,"4,2",113,"Perito Moreno 677, Q8302GEA Neuquén, Argentina",-38.9583239,-68.0498646,Nancy Moreno,5.0,Excelente,2019-01-10,Hace 7 años,https://www.google.com/maps/place/Amedea/data=!4m7!3m6!1s0x960a322aebfe6da3:0xaa9822283987eacf!8m2!3d-38.9583239!4d-68.0498646!16s%2Fg%2F1q629y02y!19sChIJo23-6yoyCpYRz-qHOSgimKo?authuser=0&hl=en&rclk=1,2026-01-08T04:38:12.222550,f62365a1f21e48f3
Amedea,Lounge,"4,2",113,"Perito Moreno 677, Q8302GEA Neuquén, Argentina",-38.9583239,-68.0498646,Kena Manqui Lara,3.0,"El lugar es muy lindo para divertirse y pasarlo bien, pero todo eso se echa a perder por qué el lugar es un HORNO CUANDO COMIENZA EL BAILE ES IMPOSIBLE DIVERTIRSE EL CALOR ES INSOPORTABLE, AL PEDIR QUE ENCIENDAN EL AIRE LOS CONTROLES NO EXISTIAN.
IMAGINENSE EN INVIERNO NO SE PODÍA ESTAR DENTRO DEL SALON , COMO SERA PARA EL VERANO!
Yo no lo alquilaría para ni un solo evento este salon .",2019-01-10,Hace 7 años,https://www.google.com/maps/place/Amedea/data=!4m7!3m6!1s0x960a322aebfe6da3:0xaa9822283987eacf!8m2!3d-38.9583239!4d-68.0498646!16s%2Fg%2F1q629y02y!19sChIJo23-6yoyCpYRz-qHOSgimKo?authuser=0&hl=en&rclk=1,2026-01-08T04:38:12.222550,a0f18cec5c8c978b
Amedea,Lounge,"4,2",113,"Perito Moreno 677, Q8302GEA Neuquén, Argentina",-38.9583239,-68.0498646,Marcela Vitton,5.0,Lindo quincho,2019-01-10,Hace 7 años,https://www.google.com/maps/place/Amedea/data=!4m7!3m6!1s0x960a322aebfe6da3:0xaa9822283987eacf!8m2!3d-38.9583239!4d-68.0498646!16s%2Fg%2F1q629y02y!19sChIJo23-6yoyCpYRz-qHOSgimKo?authuser=0&hl=en&rclk=1,2026-01-08T04:38:12.222550,a9167765fee1a058
Amedea,Lounge,"4,2",113,"Perito Moreno 677, Q8302GEA Neuquén, Argentina",-38.9583239,-68.0498646,Leo Moreno,5.0,,2019-01-10,Hace 7 años,https://www.google.com/maps/place/Amedea/data=!4m7!3m6!1s0x960a322aebfe6da3:0xaa9822283987eacf!8m2!3d-38.9583239!4d-68.0498646!16s%2Fg%2F1q629y02y!19sChIJo23-6yoyCpYRz-qHOSgimKo?authuser=0&hl=en&rclk=1,2026-01-08T04:38:12.222550,3b6249dc9a9daaf4
Amedea,Lounge,"4,2",113,"Perito Moreno 677, Q8302GEA Neuquén, Argentina",-38.9583239,-68.0498646,DEBORA PIVETTI,3.0,"Conocemos y hemos usado el Salón pequeño (quincho), no el grande. Espacio ideal para juntada con amigos o en familia. Buena parrilla aunque muy separada del suelo lo que hace que se demore la cocción del asado. De medianas dimensiones pero con buena capacidad. Aire acondicionado. Calefacción. Y el alquiler incluye limpieza!!",2019-01-10,Hace 7 años,https://www.google.com/maps/place/Amedea/data=!4m7!3m6!1s0x960a322aebfe6da3:0xaa9822283987eacf!8m2!3d-38.9583239!4d-68.0498646!16s%2Fg%2F1q629y02y!19sChIJo23-6yoyCpYRz-qHOSgimKo?authuser=0&hl=en&rclk=1,2026-01-08T04:38:12.222550,9a8eb0b1ab7488c9
Amedea,Lounge,"4,2",113,"Perito Moreno 677, Q8302GEA Neuquén, Argentina",-38.9583239,-68.0498646,pamela loyola,4.0,,2019-01-10,Hace 7 años,https://www.google.com/maps/place/Amedea/data=!4m7!3m6!1s0x960a322aebfe6da3:0xaa9822283987eacf!8m2!3d-38.9583239!4d-68.0498646!16s%2Fg%2F1q629y02y!19sChIJo23-6yoyCpYRz-qHOSgimKo?authuser=0&hl=en&rclk=1,2026-01-08T04:38:12.222550,30067619ca42cf5c
Amedea,Lounge,"4,2",113,"Perito Moreno 677, Q8302GEA Neuquén, Argentina",-38.9583239,-68.0498646,Estela Morales,4.0,Lastima los baños afuera. Y la poca caleccion de salon. Una noche fria.. y no se la pasa tan bien. Sobre todo con los adolescentes entrando y saliendo a cada rato. La puerta no tiene cierre autonmatizado.,2019-01-10,Hace 7 años,https://www.google.com/maps/place/Amedea/data=!4m7!3m6!1s0x960a322aebfe6da3:0xaa9822283987eacf!8m2!3d-38.9583239!4d-68.0498646!16s%2Fg%2F1q629y02y!19sChIJo23-6yoyCpYRz-qHOSgimKo?authuser=0&hl=en&rclk=1,2026-01-08T04:38:12.222550,f93eadca6b678b3d
Amedea,Lounge,"4,2",113,"Perito Moreno 677, Q8302GEA Neuquén, Argentina",-38.9583239,-68.0498646,Luisa Ines Fernandez,3.0,,2019-01-10,Hace 7 años,https://www.google.com/maps/place/Amedea/data=!4m7!3m6!1s0x960a322aebfe6da3:0xaa9822283987eacf!8m2!3d-38.9583239!4d-68.0498646!16s%2Fg%2F1q629y02y!19sChIJo23-6yoyCpYRz-qHOSgimKo?authuser=0&hl=en&rclk=1,2026-01-08T04:38:12.222550,5a4852b148c1ac3c
Amedea,Lounge,"4,2",113,"Perito Moreno 677, Q8302GEA Neuquén, Argentina",-38.9583239,-68.0498646,Jorge Ortiz,3.0,Lindo lugar,2019-01-10,Hace 7 años,https://www.google.com/maps/place/Amedea/data=!4m7!3m6!1s0x960a322aebfe6da3:0xaa9822283987eacf!8m2!3d-38.9583239!4d-68.0498646!16s%2Fg%2F1q629y02y!19sChIJo23-6yoyCpYRz-qHOSgimKo?authuser=0&hl=en&rclk=1,2026-01-08T04:38:12.222550,242dc41212becf74
Amedea,Lounge,"4,2",113,"Perito Moreno 677, Q8302GEA Neuquén, Argentina",-38.9583239,-68.0498646,macarena salinas,3.0,,2019-01-10,Hace 7 años,https://www.google.com/maps/place/Amedea/data=!4m7!3m6!1s0x960a322aebfe6da3:0xaa9822283987eacf!8m2!3d-38.9583239!4d-68.0498646!16s%2Fg%2F1q629y02y!19sChIJo23-6yoyCpYRz-qHOSgimKo?authuser=0&hl=en&rclk=1,2026-01-08T04:38:12.222550,28f766f152881f72
Amedea,Lounge,"4,2",113,"Perito Moreno 677, Q8302GEA Neuquén, Argentina",-38.9583239,-68.0498646,Sergio Sepulveda,5.0,Hermoso lugar... Muy comodo,2019-01-10,Hace 7 años,https://www.google.com/maps/place/Amedea/data=!4m7!3m6!1s0x960a322aebfe6da3:0xaa9822283987eacf!8m2!3d-38.9583239!4d-68.0498646!16s%2Fg%2F1q629y02y!19sChIJo23-6yoyCpYRz-qHOSgimKo?authuser=0&hl=en&rclk=1,2026-01-08T04:38:12.222550,6241114c1a05b890
Amedea,Lounge,"4,2",113,"Perito Moreno 677, Q8302GEA Neuquén, Argentina",-38.9583239,-68.0498646,Guido Gonzalez,4.0,,2018-01-10,Hace 8 años,https://www.google.com/maps/place/Amedea/data=!4m7!3m6!1s0x960a322aebfe6da3:0xaa9822283987eacf!8m2!3d-38.9583239!4d-68.0498646!16s%2Fg%2F1q629y02y!19sChIJo23-6yoyCpYRz-qHOSgimKo?authuser=0&hl=en&rclk=1,2026-01-08T04:38:12.222550,85abd8d745f8ae63
Amedea,Lounge,"4,2",113,"Perito Moreno 677, Q8302GEA Neuquén, Argentina",-38.9583239,-68.0498646,Gise Furlon,5.0,Amplio  excelentes instalaciones,2018-01-10,Hace 8 años,https://www.google.com/maps/place/Amedea/data=!4m7!3m6!1s0x960a322aebfe6da3:0xaa9822283987eacf!8m2!3d-38.9583239!4d-68.0498646!16s%2Fg%2F1q629y02y!19sChIJo23-6yoyCpYRz-qHOSgimKo?authuser=0&hl=en&rclk=1,2026-01-08T04:38:12.222550,f92921eaebd02171
Amedea,Lounge,"4,2",113,"Perito Moreno 677, Q8302GEA Neuquén, Argentina",-38.9583239,-68.0498646,Ariel Curinanco,5.0,,2018-01-10,Hace 8 años,https://www.google.com/maps/place/Amedea/data=!4m7!3m6!1s0x960a322aebfe6da3:0xaa9822283987eacf!8m2!3d-38.9583239!4d-68.0498646!16s%2Fg%2F1q629y02y!19sChIJo23-6yoyCpYRz-qHOSgimKo?authuser=0&hl=en&rclk=1,2026-01-08T04:38:12.222550,cfb7a8317b11d474
Amedea,Lounge,"4,2",113,"Perito Moreno 677, Q8302GEA Neuquén, Argentina",-38.9583239,-68.0498646,Jorge Tear,3.0,,2018-01-10,Hace 8 años,https://www.google.com/maps/place/Amedea/data=!4m7!3m6!1s0x960a322aebfe6da3:0xaa9822283987eacf!8m2!3d-38.9583239!4d-68.0498646!16s%2Fg%2F1q629y02y!19sChIJo23-6yoyCpYRz-qHOSgimKo?authuser=0&hl=en&rclk=1,2026-01-08T04:38:12.222550,e374c3cfcfba0f9f
DALLA'S,Bar,"3,1",74,"Bv. 25 de Mayo 66, Q8302 Neuquén, Argentina",-38.9523627,-68.0580599,Eze Gallusi,1.0,"Jaa son unos caraduras!!
Ni siquiera ponen el nombre nuevo (Otto)
En el bar nixx nos devolvieron el dinero por la frapera
Pero este boliche ni eso no lo recomiendo gente",2025-12-09,Hace un mes,https://www.google.com/maps/place/DALLA%27S/data=!4m7!3m6!1s0x960a33003f6cc6eb:0x2eda2c98831b7ee1!8m2!3d-38.9523627!4d-68.0580599!16s%2Fg%2F11y7d_1clt!19sChIJ68ZsPwAzCpYR4X4bg5gs2i4?authuser=0&hl=en&rclk=1,2026-01-08T04:38:32.180847,dc5984d2107354cc
DALLA'S,Bar,"3,1",74,"Bv. 25 de Mayo 66, Q8302 Neuquén, Argentina",-38.9523627,-68.0580599,Andrea Cala,4.0,,2025-12-09,Hace un mes,https://www.google.com/maps/place/DALLA%27S/data=!4m7!3m6!1s0x960a33003f6cc6eb:0x2eda2c98831b7ee1!8m2!3d-38.9523627!4d-68.0580599!16s%2Fg%2F11y7d_1clt!19sChIJ68ZsPwAzCpYR4X4bg5gs2i4?authuser=0&hl=en&rclk=1,2026-01-08T04:38:32.180847,8a266f147dba71a9
DALLA'S,Bar,"3,1",74,"Bv. 25 de Mayo 66, Q8302 Neuquén, Argentina",-38.9523627,-68.0580599,Neyen Vall,4.0,"Un lindo lugar, musica y espectáculos en vivo muy bueno.  Cuenta con seguridad. En cuanto la comida y postres puede ser un lugar mejor. Me gustó su momento de baile",2025-12-09,Hace un mes,https://www.google.com/maps/place/DALLA%27S/data=!4m7!3m6!1s0x960a33003f6cc6eb:0x2eda2c98831b7ee1!8m2!3d-38.9523627!4d-68.0580599!16s%2Fg%2F11y7d_1clt!19sChIJ68ZsPwAzCpYR4X4bg5gs2i4?authuser=0&hl=en&rclk=1,2026-01-08T04:38:32.180847,a19ad919cff02009
DALLA'S,Bar,"3,1",74,"Bv. 25 de Mayo 66, Q8302 Neuquén, Argentina",-38.9523627,-68.0580599,Luz Lema,4.0,,2025-12-09,Hace un mes,https://www.google.com/maps/place/DALLA%27S/data=!4m7!3m6!1s0x960a33003f6cc6eb:0x2eda2c98831b7ee1!8m2!3d-38.9523627!4d-68.0580599!16s%2Fg%2F11y7d_1clt!19sChIJ68ZsPwAzCpYR4X4bg5gs2i4?authuser=0&hl=en&rclk=1,2026-01-08T04:38:32.180847,17755dd7a62dcc07
DALLA'S,Bar,"3,1",74,"Bv. 25 de Mayo 66, Q8302 Neuquén, Argentina",-38.9523627,-68.0580599,lourdes candia,1.0,"OTTO el olor a caca que sale de esos sillones que tienen es impresionante, me descompuso",2025-11-09,Hace 2 meses,https://www.google.com/maps/place/DALLA%27S/data=!4m7!3m6!1s0x960a33003f6cc6eb:0x2eda2c98831b7ee1!8m2!3d-38.9523627!4d-68.0580599!16s%2Fg%2F11y7d_1clt!19sChIJ68ZsPwAzCpYR4X4bg5gs2i4?authuser=0&hl=en&rclk=1,2026-01-08T04:38:32.180847,4ca39e7817981ec5
DALLA'S,Bar,"3,1",74,"Bv. 25 de Mayo 66, Q8302 Neuquén, Argentina",-38.9523627,-68.0580599,Cristian Rozas,1.0,,2025-11-09,Hace 2 meses,https://www.google.com/maps/place/DALLA%27S/data=!4m7!3m6!1s0x960a33003f6cc6eb:0x2eda2c98831b7ee1!8m2!3d-38.9523627!4d-68.0580599!16s%2Fg%2F11y7d_1clt!19sChIJ68ZsPwAzCpYR4X4bg5gs2i4?authuser=0&hl=en&rclk=1,2026-01-08T04:38:32.180847,5ca28f56c2edde98
DALLA'S,Bar,"3,1",74,"Bv. 25 de Mayo 66, Q8302 Neuquén, Argentina",-38.9523627,-68.0580599,Alejandro Emilio Aguilera,1.0,,2025-11-09,Hace 2 meses,https://www.google.com/maps/place/DALLA%27S/data=!4m7!3m6!1s0x960a33003f6cc6eb:0x2eda2c98831b7ee1!8m2!3d-38.9523627!4d-68.0580599!16s%2Fg%2F11y7d_1clt!19sChIJ68ZsPwAzCpYR4X4bg5gs2i4?authuser=0&hl=en&rclk=1,2026-01-08T04:38:32.180847,83b433eeae5217f2
DALLA'S,Bar,"3,1",74,"Bv. 25 de Mayo 66, Q8302 Neuquén, Argentina",-38.9523627,-68.0580599,Santiago Duran Caceres,1.0,,2025-11-09,Hace 2 meses,https://www.google.com/maps/place/DALLA%27S/data=!4m7!3m6!1s0x960a33003f6cc6eb:0x2eda2c98831b7ee1!8m2!3d-38.9523627!4d-68.0580599!16s%2Fg%2F11y7d_1clt!19sChIJ68ZsPwAzCpYR4X4bg5gs2i4?authuser=0&hl=en&rclk=1,2026-01-08T04:38:32.180847,70f304eb1bbecf50
DALLA'S,Bar,"3,1",74,"Bv. 25 de Mayo 66, Q8302 Neuquén, Argentina",-38.9523627,-68.0580599,Pablo Persico,5.0,,2025-08-11,Hace 5 meses,https://www.google.com/maps/place/DALLA%27S/data=!4m7!3m6!1s0x960a33003f6cc6eb:0x2eda2c98831b7ee1!8m2!3d-38.9523627!4d-68.0580599!16s%2Fg%2F11y7d_1clt!19sChIJ68ZsPwAzCpYR4X4bg5gs2i4?authuser=0&hl=en&rclk=1,2026-01-08T04:38:32.180847,4b74161e444d949d
DALLA'S,Bar,"3,1",74,"Bv. 25 de Mayo 66, Q8302 Neuquén, Argentina",-38.9523627,-68.0580599,gabriela aravena,3.0,,2025-07-12,Hace 6 meses,https://www.google.com/maps/place/DALLA%27S/data=!4m7!3m6!1s0x960a33003f6cc6eb:0x2eda2c98831b7ee1!8m2!3d-38.9523627!4d-68.0580599!16s%2Fg%2F11y7d_1clt!19sChIJ68ZsPwAzCpYR4X4bg5gs2i4?authuser=0&hl=en&rclk=1,2026-01-08T04:38:32.180847,8d07b76f44349513
DALLA'S,Bar,"3,1",74,"Bv. 25 de Mayo 66, Q8302 Neuquén, Argentina",-38.9523627,-68.0580599,Narella ariana,1.0,Me trataron horrible falta de respeto por Whatsapp solo había preguntado si habían entrada cuántos salían y cuánto estaba la comida pésimo lugar para ir ni lo recomiendo,2025-07-12,Hace 6 meses,https://www.google.com/maps/place/DALLA%27S/data=!4m7!3m6!1s0x960a33003f6cc6eb:0x2eda2c98831b7ee1!8m2!3d-38.9523627!4d-68.0580599!16s%2Fg%2F11y7d_1clt!19sChIJ68ZsPwAzCpYR4X4bg5gs2i4?authuser=0&hl=en&rclk=1,2026-01-08T04:38:32.180847,86e7eb8012343f6e
DALLA'S,Bar,"3,1",74,"Bv. 25 de Mayo 66, Q8302 Neuquén, Argentina",-38.9523627,-68.0580599,Mecci Lopez Torres,5.0,,2025-07-12,Hace 6 meses,https://www.google.com/maps/place/DALLA%27S/data=!4m7!3m6!1s0x960a33003f6cc6eb:0x2eda2c98831b7ee1!8m2!3d-38.9523627!4d-68.0580599!16s%2Fg%2F11y7d_1clt!19sChIJ68ZsPwAzCpYR4X4bg5gs2i4?authuser=0&hl=en&rclk=1,2026-01-08T04:38:32.180847,93b9776a381cc2b5
DALLA'S,Bar,"3,1",74,"Bv. 25 de Mayo 66, Q8302 Neuquén, Argentina",-38.9523627,-68.0580599,Chinaa .E,5.0,,2025-06-12,Hace 7 meses,https://www.google.com/maps/place/DALLA%27S/data=!4m7!3m6!1s0x960a33003f6cc6eb:0x2eda2c98831b7ee1!8m2!3d-38.9523627!4d-68.0580599!16s%2Fg%2F11y7d_1clt!19sChIJ68ZsPwAzCpYR4X4bg5gs2i4?authuser=0&hl=en&rclk=1,2026-01-08T04:38:32.180847,f07ace1dcb81c218
DALLA'S,Bar,"3,1",74,"Bv. 25 de Mayo 66, Q8302 Neuquén, Argentina",-38.9523627,-68.0580599,Pablo Bordon,5.0,No comimos pero que nos bailamos todo eso si muy lindo lugar,2025-06-12,Hace 7 meses,https://www.google.com/maps/place/DALLA%27S/data=!4m7!3m6!1s0x960a33003f6cc6eb:0x2eda2c98831b7ee1!8m2!3d-38.9523627!4d-68.0580599!16s%2Fg%2F11y7d_1clt!19sChIJ68ZsPwAzCpYR4X4bg5gs2i4?authuser=0&hl=en&rclk=1,2026-01-08T04:38:32.180847,07b4d87a0df91156
DALLA'S,Bar,"3,1",74,"Bv. 25 de Mayo 66, Q8302 Neuquén, Argentina",-38.9523627,-68.0580599,Carlos Margarido,4.0,"Precios normales,porciones abundantes,un  poco sobrecocidos  los  lomitos.Pero sin dudas volveré. Lo mas importante musica en vivo",2025-06-12,Hace 7 meses,https://www.google.com/maps/place/DALLA%27S/data=!4m7!3m6!1s0x960a33003f6cc6eb:0x2eda2c98831b7ee1!8m2!3d-38.9523627!4d-68.0580599!16s%2Fg%2F11y7d_1clt!19sChIJ68ZsPwAzCpYR4X4bg5gs2i4?authuser=0&hl=en&rclk=1,2026-01-08T04:38:32.180847,e45d878f23eead72
DALLA'S,Bar,"3,1",74,"Bv. 25 de Mayo 66, Q8302 Neuquén, Argentina",-38.9523627,-68.0580599,Lilian Dominguez,5.0,,2025-06-12,Hace 7 meses,https://www.google.com/maps/place/DALLA%27S/data=!4m7!3m6!1s0x960a33003f6cc6eb:0x2eda2c98831b7ee1!8m2!3d-38.9523627!4d-68.0580599!16s%2Fg%2F11y7d_1clt!19sChIJ68ZsPwAzCpYR4X4bg5gs2i4?authuser=0&hl=en&rclk=1,2026-01-08T04:38:32.180847,506f4605764fa8c8
DALLA'S,Bar,"3,1",74,"Bv. 25 de Mayo 66, Q8302 Neuquén, Argentina",-38.9523627,-68.0580599,gisela Evangelina Benitez,5.0,Noche de @rolagitana!!! Sublime,2025-06-12,Hace 7 meses,https://www.google.com/maps/place/DALLA%27S/data=!4m7!3m6!1s0x960a33003f6cc6eb:0x2eda2c98831b7ee1!8m2!3d-38.9523627!4d-68.0580599!16s%2Fg%2F11y7d_1clt!19sChIJ68ZsPwAzCpYR4X4bg5gs2i4?authuser=0&hl=en&rclk=1,2026-01-08T04:38:32.180847,48fa7ae33a5f182f
DALLA'S,Bar,"3,1",74,"Bv. 25 de Mayo 66, Q8302 Neuquén, Argentina",-38.9523627,-68.0580599,Jeremias Jalfon,4.0,,2025-06-12,Hace 7 meses,https://www.google.com/maps/place/DALLA%27S/data=!4m7!3m6!1s0x960a33003f6cc6eb:0x2eda2c98831b7ee1!8m2!3d-38.9523627!4d-68.0580599!16s%2Fg%2F11y7d_1clt!19sChIJ68ZsPwAzCpYR4X4bg5gs2i4?authuser=0&hl=en&rclk=1,2026-01-08T04:38:32.180847,5c9538eb30b1f2b9
DALLA'S,Bar,"3,1",74,"Bv. 25 de Mayo 66, Q8302 Neuquén, Argentina",-38.9523627,-68.0580599,Yesica Camaño,4.0,,2025-06-12,Hace 7 meses,https://www.google.com/maps/place/DALLA%27S/data=!4m7!3m6!1s0x960a33003f6cc6eb:0x2eda2c98831b7ee1!8m2!3d-38.9523627!4d-68.0580599!16s%2Fg%2F11y7d_1clt!19sChIJ68ZsPwAzCpYR4X4bg5gs2i4?authuser=0&hl=en&rclk=1,2026-01-08T04:38:32.180847,64b6976fc592391f
DALLA'S,Bar,"3,1",74,"Bv. 25 de Mayo 66, Q8302 Neuquén, Argentina",-38.9523627,-68.0580599,Rocio Maldonado,4.0,,2025-06-12,Hace 7 meses,https://www.google.com/maps/place/DALLA%27S/data=!4m7!3m6!1s0x960a33003f6cc6eb:0x2eda2c98831b7ee1!8m2!3d-38.9523627!4d-68.0580599!16s%2Fg%2F11y7d_1clt!19sChIJ68ZsPwAzCpYR4X4bg5gs2i4?authuser=0&hl=en&rclk=1,2026-01-08T04:38:32.180847,1f4fe8eeab166569
DALLA'S,Bar,"3,1",74,"Bv. 25 de Mayo 66, Q8302 Neuquén, Argentina",-38.9523627,-68.0580599,C M,1.0,"Increíble que un viernes en la noche NO tengan cerveza industrial fría y no tengan coca (se quedaron si Coca Cola a las 21 hs) increíble. Anoche fuimos en familia a ver tocar unas bandas y la verdad el sonido fue pésimo, si realmente quieren que sea un Pub para que las bandas puedan tocar y hacerse conocer mejoren el sonido y el escenario, un desastre. Otro tema es que cerraron las cortinas! Dijeron que era un evento privado cuando la publicidad era entrada gratis .. inexplicable ya que se quedó mucha gente sin poder ingresar. La verdad mucho para mejorar, ojalá puedan salvar el local a tiempo y que la gente pueda disfrutar de una buena noche neuquina. Saludos!",2025-06-12,Hace 7 meses,https://www.google.com/maps/place/DALLA%27S/data=!4m7!3m6!1s0x960a33003f6cc6eb:0x2eda2c98831b7ee1!8m2!3d-38.9523627!4d-68.0580599!16s%2Fg%2F11y7d_1clt!19sChIJ68ZsPwAzCpYR4X4bg5gs2i4?authuser=0&hl=en&rclk=1,2026-01-08T04:38:32.180847,9a6a322136bdf6c7
DALLA'S,Bar,"3,1",74,"Bv. 25 de Mayo 66, Q8302 Neuquén, Argentina",-38.9523627,-68.0580599,Carolina Caluva,1.0,"Sonido espantoso! Sonidista un desastre! No tenían Coca Cola, estuve más de 3 horas en el.lugar y no tenían cerveza fría!!!!  Cero recomendable",2025-06-12,Hace 7 meses,https://www.google.com/maps/place/DALLA%27S/data=!4m7!3m6!1s0x960a33003f6cc6eb:0x2eda2c98831b7ee1!8m2!3d-38.9523627!4d-68.0580599!16s%2Fg%2F11y7d_1clt!19sChIJ68ZsPwAzCpYR4X4bg5gs2i4?authuser=0&hl=en&rclk=1,2026-01-08T04:38:32.180847,034b9e6120331e56
DALLA'S,Bar,"3,1",74,"Bv. 25 de Mayo 66, Q8302 Neuquén, Argentina",-38.9523627,-68.0580599,Fede crespin,1.0,,2025-05-13,Hace 8 meses,https://www.google.com/maps/place/DALLA%27S/data=!4m7!3m6!1s0x960a33003f6cc6eb:0x2eda2c98831b7ee1!8m2!3d-38.9523627!4d-68.0580599!16s%2Fg%2F11y7d_1clt!19sChIJ68ZsPwAzCpYR4X4bg5gs2i4?authuser=0&hl=en&rclk=1,2026-01-08T04:38:32.180847,c9fd56d99f4b2be4
DALLA'S,Bar,"3,1",74,"Bv. 25 de Mayo 66, Q8302 Neuquén, Argentina",-38.9523627,-68.0580599,Florencia Borda,4.0,"El sonido es espectacular, y la pista para bailar super recomendable. La zona VIP es muy calurosa. Hace falta ventilación o ventiladores.
Excelente servicio de Bartender. La comida no la calificó pies aún no he probado nada...",2025-05-13,Hace 8 meses,https://www.google.com/maps/place/DALLA%27S/data=!4m7!3m6!1s0x960a33003f6cc6eb:0x2eda2c98831b7ee1!8m2!3d-38.9523627!4d-68.0580599!16s%2Fg%2F11y7d_1clt!19sChIJ68ZsPwAzCpYR4X4bg5gs2i4?authuser=0&hl=en&rclk=1,2026-01-08T04:38:32.180847,5a11ee2430b21c41
DALLA'S,Bar,"3,1",74,"Bv. 25 de Mayo 66, Q8302 Neuquén, Argentina",-38.9523627,-68.0580599,Fabio Flores,3.0,La hacen muy larga con karaoke. El resto esta muyy bien,2025-05-13,Hace 8 meses,https://www.google.com/maps/place/DALLA%27S/data=!4m7!3m6!1s0x960a33003f6cc6eb:0x2eda2c98831b7ee1!8m2!3d-38.9523627!4d-68.0580599!16s%2Fg%2F11y7d_1clt!19sChIJ68ZsPwAzCpYR4X4bg5gs2i4?authuser=0&hl=en&rclk=1,2026-01-08T04:38:32.180847,cbf6d57fb97d803a
DALLA'S,Bar,"3,1",74,"Bv. 25 de Mayo 66, Q8302 Neuquén, Argentina",-38.9523627,-68.0580599,Malena Guadalupe Arias,1.0,"Pésimo servicio, ponen precios y combos que después no te dan, nos estafaron",2025-05-13,Hace 8 meses,https://www.google.com/maps/place/DALLA%27S/data=!4m7!3m6!1s0x960a33003f6cc6eb:0x2eda2c98831b7ee1!8m2!3d-38.9523627!4d-68.0580599!16s%2Fg%2F11y7d_1clt!19sChIJ68ZsPwAzCpYR4X4bg5gs2i4?authuser=0&hl=en&rclk=1,2026-01-08T04:38:32.180847,f41232bec9a572e0
DALLA'S,Bar,"3,1",74,"Bv. 25 de Mayo 66, Q8302 Neuquén, Argentina",-38.9523627,-68.0580599,Trinidad Leal,3.0,,2025-04-13,Hace 9 meses,https://www.google.com/maps/place/DALLA%27S/data=!4m7!3m6!1s0x960a33003f6cc6eb:0x2eda2c98831b7ee1!8m2!3d-38.9523627!4d-68.0580599!16s%2Fg%2F11y7d_1clt!19sChIJ68ZsPwAzCpYR4X4bg5gs2i4?authuser=0&hl=en&rclk=1,2026-01-08T04:38:32.180847,def2d0e27180bacf
DALLA'S,Bar,"3,1",74,"Bv. 25 de Mayo 66, Q8302 Neuquén, Argentina",-38.9523627,-68.0580599,Patricia Montecino,3.0,"Solo fui a bailar, pero como en la mayoría de los lugares hacia demasiado calor y no vi ventilación por ningún  lado ( eso que fui un jueves y no había mucha gente)",2025-04-13,Hace 9 meses,https://www.google.com/maps/place/DALLA%27S/data=!4m7!3m6!1s0x960a33003f6cc6eb:0x2eda2c98831b7ee1!8m2!3d-38.9523627!4d-68.0580599!16s%2Fg%2F11y7d_1clt!19sChIJ68ZsPwAzCpYR4X4bg5gs2i4?authuser=0&hl=en&rclk=1,2026-01-08T04:38:32.180847,47b4488bd72d1e40
DALLA'S,Bar,"3,1",74,"Bv. 25 de Mayo 66, Q8302 Neuquén, Argentina",-38.9523627,-68.0580599,eduardo kutnowski,5.0,,2025-04-13,Hace 9 meses,https://www.google.com/maps/place/DALLA%27S/data=!4m7!3m6!1s0x960a33003f6cc6eb:0x2eda2c98831b7ee1!8m2!3d-38.9523627!4d-68.0580599!16s%2Fg%2F11y7d_1clt!19sChIJ68ZsPwAzCpYR4X4bg5gs2i4?authuser=0&hl=en&rclk=1,2026-01-08T04:38:32.180847,ea00972e342bb88a
DALLA'S,Bar,"3,1",74,"Bv. 25 de Mayo 66, Q8302 Neuquén, Argentina",-38.9523627,-68.0580599,Alejandro Mangin,5.0,"Muy lindo lugar, todo limpio y ordenado.
Comida de 10 abundante",2025-04-13,Hace 9 meses,https://www.google.com/maps/place/DALLA%27S/data=!4m7!3m6!1s0x960a33003f6cc6eb:0x2eda2c98831b7ee1!8m2!3d-38.9523627!4d-68.0580599!16s%2Fg%2F11y7d_1clt!19sChIJ68ZsPwAzCpYR4X4bg5gs2i4?authuser=0&hl=en&rclk=1,2026-01-08T04:38:32.180847,fad2d987a0a51dda
DALLA'S,Bar,"3,1",74,"Bv. 25 de Mayo 66, Q8302 Neuquén, Argentina",-38.9523627,-68.0580599,Diego Puglisi,1.0,"Si pudiera darles  0 estrella lo haría, pésimo servicio de la moza y su supervisor. No saben nada de customer service. Mala atención, cómida fría. No quisieron compartir el wifi y respondiendo de mala manera cuando el internet es algo de todos los días. Ojalá mejoren por qué el lugar tiene potencial",2025-04-13,Hace 9 meses,https://www.google.com/maps/place/DALLA%27S/data=!4m7!3m6!1s0x960a33003f6cc6eb:0x2eda2c98831b7ee1!8m2!3d-38.9523627!4d-68.0580599!16s%2Fg%2F11y7d_1clt!19sChIJ68ZsPwAzCpYR4X4bg5gs2i4?authuser=0&hl=en&rclk=1,2026-01-08T04:38:32.180847,de32f2f327ccf1ba
DALLA'S,Bar,"3,1",74,"Bv. 25 de Mayo 66, Q8302 Neuquén, Argentina",-38.9523627,-68.0580599,Diliamny Hernandez,5.0,"Lugar con música en vivo, la comida bastante rica, los tragos no son tan buenos, tardan en atenderte si estas en las mesas de afuera.",2025-03-14,Hace 10 meses,https://www.google.com/maps/place/DALLA%27S/data=!4m7!3m6!1s0x960a33003f6cc6eb:0x2eda2c98831b7ee1!8m2!3d-38.9523627!4d-68.0580599!16s%2Fg%2F11y7d_1clt!19sChIJ68ZsPwAzCpYR4X4bg5gs2i4?authuser=0&hl=en&rclk=1,2026-01-08T04:38:32.180847,77d094cbe36c0174
DALLA'S,Bar,"3,1",74,"Bv. 25 de Mayo 66, Q8302 Neuquén, Argentina",-38.9523627,-68.0580599,Teo Barrera,5.0,,2025-03-14,Hace 10 meses,https://www.google.com/maps/place/DALLA%27S/data=!4m7!3m6!1s0x960a33003f6cc6eb:0x2eda2c98831b7ee1!8m2!3d-38.9523627!4d-68.0580599!16s%2Fg%2F11y7d_1clt!19sChIJ68ZsPwAzCpYR4X4bg5gs2i4?authuser=0&hl=en&rclk=1,2026-01-08T04:38:32.180847,24d7f4a6a9512ec8
DALLA'S,Bar,"3,1",74,"Bv. 25 de Mayo 66, Q8302 Neuquén, Argentina",-38.9523627,-68.0580599,Damaris Lopez,2.0,"Tenían la mitad de las cosas de la carta, mala atención de las mozas.",2025-03-14,Hace 10 meses,https://www.google.com/maps/place/DALLA%27S/data=!4m7!3m6!1s0x960a33003f6cc6eb:0x2eda2c98831b7ee1!8m2!3d-38.9523627!4d-68.0580599!16s%2Fg%2F11y7d_1clt!19sChIJ68ZsPwAzCpYR4X4bg5gs2i4?authuser=0&hl=en&rclk=1,2026-01-08T04:38:32.180847,424d904c81bf3e1f
DALLA'S,Bar,"3,1",74,"Bv. 25 de Mayo 66, Q8302 Neuquén, Argentina",-38.9523627,-68.0580599,Fábio,1.0,"Cero respeto al turista, bar regionalista... 🤢🤮",2025-03-14,Hace 10 meses,https://www.google.com/maps/place/DALLA%27S/data=!4m7!3m6!1s0x960a33003f6cc6eb:0x2eda2c98831b7ee1!8m2!3d-38.9523627!4d-68.0580599!16s%2Fg%2F11y7d_1clt!19sChIJ68ZsPwAzCpYR4X4bg5gs2i4?authuser=0&hl=en&rclk=1,2026-01-08T04:38:32.180847,c7b1f5098c3918c2
DALLA'S,Bar,"3,1",74,"Bv. 25 de Mayo 66, Q8302 Neuquén, Argentina",-38.9523627,-68.0580599,florencia castro,1.0,Un poco violentos los de seguridad!,2025-03-14,Hace 10 meses,https://www.google.com/maps/place/DALLA%27S/data=!4m7!3m6!1s0x960a33003f6cc6eb:0x2eda2c98831b7ee1!8m2!3d-38.9523627!4d-68.0580599!16s%2Fg%2F11y7d_1clt!19sChIJ68ZsPwAzCpYR4X4bg5gs2i4?authuser=0&hl=en&rclk=1,2026-01-08T04:38:32.180847,ffb55a2f658bee01
DALLA'S,Bar,"3,1",74,"Bv. 25 de Mayo 66, Q8302 Neuquén, Argentina",-38.9523627,-68.0580599,Valeria Galiano,2.0,"Siempre se puede mejorar, vamos por eso",2025-03-14,Hace 10 meses,https://www.google.com/maps/place/DALLA%27S/data=!4m7!3m6!1s0x960a33003f6cc6eb:0x2eda2c98831b7ee1!8m2!3d-38.9523627!4d-68.0580599!16s%2Fg%2F11y7d_1clt!19sChIJ68ZsPwAzCpYR4X4bg5gs2i4?authuser=0&hl=en&rclk=1,2026-01-08T04:38:32.180847,2f8ebad662c91309
DALLA'S,Bar,"3,1",74,"Bv. 25 de Mayo 66, Q8302 Neuquén, Argentina",-38.9523627,-68.0580599,Belen Vallejos,1.0,"La comida es buena, la atención muy mala. Tardan para traer pedidos tanto comida como tragos. Habíamos ido a festejar un cumple y pedimos de entrada papas y tequeños, y para comer pizzas. Directamente nos trajeron las pizzas, la comida entrada por lo visto se olvidaron. Nos dieron una carta con unos precios y después nos cambiaron por otro con precios mucho más elevados. Tipo 1.30 salimos a dejar algo al auto y a la entrada nuevamente nos quisieron cobrar 40mil por el show de la noche siendo que habíamos cenado ahí. MUY PESIMA LA ATENCIÓN.",2025-03-14,Hace 10 meses,https://www.google.com/maps/place/DALLA%27S/data=!4m7!3m6!1s0x960a33003f6cc6eb:0x2eda2c98831b7ee1!8m2!3d-38.9523627!4d-68.0580599!16s%2Fg%2F11y7d_1clt!19sChIJ68ZsPwAzCpYR4X4bg5gs2i4?authuser=0&hl=en&rclk=1,2026-01-08T04:38:32.180847,d1b317e12c05185c
DALLA'S,Bar,"3,1",74,"Bv. 25 de Mayo 66, Q8302 Neuquén, Argentina",-38.9523627,-68.0580599,Melani Serú,1.0,"Pésima atención. Fuimos con mi pareja y mi bebé, estuvimos dos horas esperando y nunca nos atendieron. Había gente que llegó mucho después que nosotros, cenaron y se fueron, y nosotros seguíamos esperando para que nos traigan la comida. No los recomiendo, pésimo servicio!",2025-03-14,Hace 10 meses,https://www.google.com/maps/place/DALLA%27S/data=!4m7!3m6!1s0x960a33003f6cc6eb:0x2eda2c98831b7ee1!8m2!3d-38.9523627!4d-68.0580599!16s%2Fg%2F11y7d_1clt!19sChIJ68ZsPwAzCpYR4X4bg5gs2i4?authuser=0&hl=en&rclk=1,2026-01-08T04:38:32.180847,1a2db140df0b290a
DALLA'S,Bar,"3,1",74,"Bv. 25 de Mayo 66, Q8302 Neuquén, Argentina",-38.9523627,-68.0580599,Daniel MKO,1.0,"Me recomendaron el lugar, fui con mucha expectativa,  consulte por lugar para sentarme, eramos 3 personas, solo por sentarme me dijeron que eran 30.000 porque había un show, acepte y espere que me atiendan,  50 minutos esperando, llego gente después que nosotros y los atendieron primeros, llamamos 2 veces a las mozas y nos dijeron que teníamos que esperar... en fin, una mala experiencia.",2025-03-14,Hace 10 meses,https://www.google.com/maps/place/DALLA%27S/data=!4m7!3m6!1s0x960a33003f6cc6eb:0x2eda2c98831b7ee1!8m2!3d-38.9523627!4d-68.0580599!16s%2Fg%2F11y7d_1clt!19sChIJ68ZsPwAzCpYR4X4bg5gs2i4?authuser=0&hl=en&rclk=1,2026-01-08T04:38:32.180847,a76d8909a9e01808
DALLA'S,Bar,"3,1",74,"Bv. 25 de Mayo 66, Q8302 Neuquén, Argentina",-38.9523627,-68.0580599,Alejandra Leiva,4.0,"Fuimos ayer ,lo malo mucho regueros aburre cansa.
El fernet mal preparado.
Excelente ambiente y personal.
Todos educados y amables",2025-03-14,Hace 10 meses,https://www.google.com/maps/place/DALLA%27S/data=!4m7!3m6!1s0x960a33003f6cc6eb:0x2eda2c98831b7ee1!8m2!3d-38.9523627!4d-68.0580599!16s%2Fg%2F11y7d_1clt!19sChIJ68ZsPwAzCpYR4X4bg5gs2i4?authuser=0&hl=en&rclk=1,2026-01-08T04:38:32.180847,63983ed382586229
DALLA'S,Bar,"3,1",74,"Bv. 25 de Mayo 66, Q8302 Neuquén, Argentina",-38.9523627,-68.0580599,Mateo De matteis,3.0,"Muy bueno aparte x el cumple de un amigo nos regalaron un trago en la barra al ser 10 personas
Pero a mitad de la noche mi amigo se tropezó xq una chica se le atravesó y el patova dijo q estaba ebrio y lo saco y no nos dejó darle explicaciones siendo que mi amigo no toma alcohol así q sacando ese momento incómodo muy bueno",2025-02-12,Hace 11 meses,https://www.google.com/maps/place/DALLA%27S/data=!4m7!3m6!1s0x960a33003f6cc6eb:0x2eda2c98831b7ee1!8m2!3d-38.9523627!4d-68.0580599!16s%2Fg%2F11y7d_1clt!19sChIJ68ZsPwAzCpYR4X4bg5gs2i4?authuser=0&hl=en&rclk=1,2026-01-08T04:38:32.180847,e0f7ab318ddae4d9
DALLA'S,Bar,"3,1",74,"Bv. 25 de Mayo 66, Q8302 Neuquén, Argentina",-38.9523627,-68.0580599,Diego Sevila,1.0,Pongan ventiladores,2025-02-12,Hace 11 meses,https://www.google.com/maps/place/DALLA%27S/data=!4m7!3m6!1s0x960a33003f6cc6eb:0x2eda2c98831b7ee1!8m2!3d-38.9523627!4d-68.0580599!16s%2Fg%2F11y7d_1clt!19sChIJ68ZsPwAzCpYR4X4bg5gs2i4?authuser=0&hl=en&rclk=1,2026-01-08T04:38:32.180847,6396ec5c3fab4df4
DALLA'S,Bar,"3,1",74,"Bv. 25 de Mayo 66, Q8302 Neuquén, Argentina",-38.9523627,-68.0580599,Pablo Espinosa,2.0,,2025-01-08,Hace un año,https://www.google.com/maps/place/DALLA%27S/data=!4m7!3m6!1s0x960a33003f6cc6eb:0x2eda2c98831b7ee1!8m2!3d-38.9523627!4d-68.0580599!16s%2Fg%2F11y7d_1clt!19sChIJ68ZsPwAzCpYR4X4bg5gs2i4?authuser=0&hl=en&rclk=1,2026-01-08T04:38:32.180847,a1dc5d22013f7b0d
DALLA'S,Bar,"3,1",74,"Bv. 25 de Mayo 66, Q8302 Neuquén, Argentina",-38.9523627,-68.0580599,Karina Vazquez,5.0,Muy buen lugar y excelente atención,2025-01-08,Hace un año,https://www.google.com/maps/place/DALLA%27S/data=!4m7!3m6!1s0x960a33003f6cc6eb:0x2eda2c98831b7ee1!8m2!3d-38.9523627!4d-68.0580599!16s%2Fg%2F11y7d_1clt!19sChIJ68ZsPwAzCpYR4X4bg5gs2i4?authuser=0&hl=en&rclk=1,2026-01-08T04:38:32.180847,3d686e0d9ce372ea
DALLA'S,Bar,"3,1",74,"Bv. 25 de Mayo 66, Q8302 Neuquén, Argentina",-38.9523627,-68.0580599,Eliza De Adell,1.0,"Tragos sin sabor, pésimo sonido, explotados los parlantes 👎🏻…",2025-01-08,Hace un año,https://www.google.com/maps/place/DALLA%27S/data=!4m7!3m6!1s0x960a33003f6cc6eb:0x2eda2c98831b7ee1!8m2!3d-38.9523627!4d-68.0580599!16s%2Fg%2F11y7d_1clt!19sChIJ68ZsPwAzCpYR4X4bg5gs2i4?authuser=0&hl=en&rclk=1,2026-01-08T04:38:32.180847,6bedcb9fae22e990
DALLA'S,Bar,"3,1",74,"Bv. 25 de Mayo 66, Q8302 Neuquén, Argentina",-38.9523627,-68.0580599,Juan Coa,3.0,Un horno adentro 🥵…,2025-01-08,Hace un año,https://www.google.com/maps/place/DALLA%27S/data=!4m7!3m6!1s0x960a33003f6cc6eb:0x2eda2c98831b7ee1!8m2!3d-38.9523627!4d-68.0580599!16s%2Fg%2F11y7d_1clt!19sChIJ68ZsPwAzCpYR4X4bg5gs2i4?authuser=0&hl=en&rclk=1,2026-01-08T04:38:32.180847,c40493c6b9d3a2d8
DALLA'S,Bar,"3,1",74,"Bv. 25 de Mayo 66, Q8302 Neuquén, Argentina",-38.9523627,-68.0580599,Manuela Aguilar,5.0,,2025-01-08,Hace un año,https://www.google.com/maps/place/DALLA%27S/data=!4m7!3m6!1s0x960a33003f6cc6eb:0x2eda2c98831b7ee1!8m2!3d-38.9523627!4d-68.0580599!16s%2Fg%2F11y7d_1clt!19sChIJ68ZsPwAzCpYR4X4bg5gs2i4?authuser=0&hl=en&rclk=1,2026-01-08T04:38:32.180847,0adb57e7fd34ca35
DALLA'S,Bar,"3,1",74,"Bv. 25 de Mayo 66, Q8302 Neuquén, Argentina",-38.9523627,-68.0580599,Ricardo Nicola,4.0,,2025-01-08,Hace un año,https://www.google.com/maps/place/DALLA%27S/data=!4m7!3m6!1s0x960a33003f6cc6eb:0x2eda2c98831b7ee1!8m2!3d-38.9523627!4d-68.0580599!16s%2Fg%2F11y7d_1clt!19sChIJ68ZsPwAzCpYR4X4bg5gs2i4?authuser=0&hl=en&rclk=1,2026-01-08T04:38:32.180847,cbfc5a8dde2bcd7f
DALLA'S,Bar,"3,1",74,"Bv. 25 de Mayo 66, Q8302 Neuquén, Argentina",-38.9523627,-68.0580599,Mara Cifuentes,4.0,He ido a tocar y nos trataron muy bien,2025-01-08,Hace un año,https://www.google.com/maps/place/DALLA%27S/data=!4m7!3m6!1s0x960a33003f6cc6eb:0x2eda2c98831b7ee1!8m2!3d-38.9523627!4d-68.0580599!16s%2Fg%2F11y7d_1clt!19sChIJ68ZsPwAzCpYR4X4bg5gs2i4?authuser=0&hl=en&rclk=1,2026-01-08T04:38:32.180847,86780c83893f9494
DALLA'S,Bar,"3,1",74,"Bv. 25 de Mayo 66, Q8302 Neuquén, Argentina",-38.9523627,-68.0580599,Virginia Diaz,3.0,,2025-01-08,Hace un año,https://www.google.com/maps/place/DALLA%27S/data=!4m7!3m6!1s0x960a33003f6cc6eb:0x2eda2c98831b7ee1!8m2!3d-38.9523627!4d-68.0580599!16s%2Fg%2F11y7d_1clt!19sChIJ68ZsPwAzCpYR4X4bg5gs2i4?authuser=0&hl=en&rclk=1,2026-01-08T04:38:32.180847,0a19964ebe1c8d48
DALLA'S,Bar,"3,1",74,"Bv. 25 de Mayo 66, Q8302 Neuquén, Argentina",-38.9523627,-68.0580599,Emy Rifo,1.0,Atencion pesima. Los mozos se creen que son los dueños. Mucho menu pero a la hora de pedir no tienen nada. No lo recomiendo,2025-01-08,Hace un año,https://www.google.com/maps/place/DALLA%27S/data=!4m7!3m6!1s0x960a33003f6cc6eb:0x2eda2c98831b7ee1!8m2!3d-38.9523627!4d-68.0580599!16s%2Fg%2F11y7d_1clt!19sChIJ68ZsPwAzCpYR4X4bg5gs2i4?authuser=0&hl=en&rclk=1,2026-01-08T04:38:32.180847,012a86884de6a248
DALLA'S,Bar,"3,1",74,"Bv. 25 de Mayo 66, Q8302 Neuquén, Argentina",-38.9523627,-68.0580599,Julieta Valdes,5.0,,2025-01-08,Hace un año,https://www.google.com/maps/place/DALLA%27S/data=!4m7!3m6!1s0x960a33003f6cc6eb:0x2eda2c98831b7ee1!8m2!3d-38.9523627!4d-68.0580599!16s%2Fg%2F11y7d_1clt!19sChIJ68ZsPwAzCpYR4X4bg5gs2i4?authuser=0&hl=en&rclk=1,2026-01-08T04:38:32.180847,3d80c7e31a79989b
DALLA'S,Bar,"3,1",74,"Bv. 25 de Mayo 66, Q8302 Neuquén, Argentina",-38.9523627,-68.0580599,Jorgelina Velezmoro podobnik,3.0,,2025-01-08,Hace un año,https://www.google.com/maps/place/DALLA%27S/data=!4m7!3m6!1s0x960a33003f6cc6eb:0x2eda2c98831b7ee1!8m2!3d-38.9523627!4d-68.0580599!16s%2Fg%2F11y7d_1clt!19sChIJ68ZsPwAzCpYR4X4bg5gs2i4?authuser=0&hl=en&rclk=1,2026-01-08T04:38:32.180847,db3d36cc980400f6
DALLA'S,Bar,"3,1",74,"Bv. 25 de Mayo 66, Q8302 Neuquén, Argentina",-38.9523627,-68.0580599,Barbara Vera,1.0,Nunca nos tomaron el pedido....el mozo nos dijo: somos 3 nada más después te atiendo.... nunca nos tomaron el pedido....nos fuimos cagados de hambre y sed. Gracias por cuidar nuestra billetera 😄…,2025-01-08,Hace un año,https://www.google.com/maps/place/DALLA%27S/data=!4m7!3m6!1s0x960a33003f6cc6eb:0x2eda2c98831b7ee1!8m2!3d-38.9523627!4d-68.0580599!16s%2Fg%2F11y7d_1clt!19sChIJ68ZsPwAzCpYR4X4bg5gs2i4?authuser=0&hl=en&rclk=1,2026-01-08T04:38:32.180847,225e2025b82821cc
DALLA'S,Bar,"3,1",74,"Bv. 25 de Mayo 66, Q8302 Neuquén, Argentina",-38.9523627,-68.0580599,Custodio José De Piño Rodríguez,5.0,,2025-01-08,Hace un año,https://www.google.com/maps/place/DALLA%27S/data=!4m7!3m6!1s0x960a33003f6cc6eb:0x2eda2c98831b7ee1!8m2!3d-38.9523627!4d-68.0580599!16s%2Fg%2F11y7d_1clt!19sChIJ68ZsPwAzCpYR4X4bg5gs2i4?authuser=0&hl=en&rclk=1,2026-01-08T04:38:32.180847,7df82113ac1cf3cd
DALLA'S,Bar,"3,1",74,"Bv. 25 de Mayo 66, Q8302 Neuquén, Argentina",-38.9523627,-68.0580599,Wan Banegas,4.0,Excelente atención y lugar para disfrutar espectaculos y cenar,2025-01-08,Hace un año,https://www.google.com/maps/place/DALLA%27S/data=!4m7!3m6!1s0x960a33003f6cc6eb:0x2eda2c98831b7ee1!8m2!3d-38.9523627!4d-68.0580599!16s%2Fg%2F11y7d_1clt!19sChIJ68ZsPwAzCpYR4X4bg5gs2i4?authuser=0&hl=en&rclk=1,2026-01-08T04:38:32.180847,e6316de956ccbfbd
DALLA'S,Bar,"3,1",74,"Bv. 25 de Mayo 66, Q8302 Neuquén, Argentina",-38.9523627,-68.0580599,melisa martinez,4.0,,2025-01-08,Hace un año,https://www.google.com/maps/place/DALLA%27S/data=!4m7!3m6!1s0x960a33003f6cc6eb:0x2eda2c98831b7ee1!8m2!3d-38.9523627!4d-68.0580599!16s%2Fg%2F11y7d_1clt!19sChIJ68ZsPwAzCpYR4X4bg5gs2i4?authuser=0&hl=en&rclk=1,2026-01-08T04:38:32.180847,cd3fc811e03c7482
DALLA'S,Bar,"3,1",74,"Bv. 25 de Mayo 66, Q8302 Neuquén, Argentina",-38.9523627,-68.0580599,Maria Eugenia Peri,5.0,Tienen que mejorar el pan de la hamburguesa y las papas pero es muy rico,2025-01-08,Hace un año,https://www.google.com/maps/place/DALLA%27S/data=!4m7!3m6!1s0x960a33003f6cc6eb:0x2eda2c98831b7ee1!8m2!3d-38.9523627!4d-68.0580599!16s%2Fg%2F11y7d_1clt!19sChIJ68ZsPwAzCpYR4X4bg5gs2i4?authuser=0&hl=en&rclk=1,2026-01-08T04:38:32.180847,b5973309a517f89c
DALLA'S,Bar,"3,1",74,"Bv. 25 de Mayo 66, Q8302 Neuquén, Argentina",-38.9523627,-68.0580599,Agustin Abrahan DJ,5.0,,2025-01-08,Hace un año,https://www.google.com/maps/place/DALLA%27S/data=!4m7!3m6!1s0x960a33003f6cc6eb:0x2eda2c98831b7ee1!8m2!3d-38.9523627!4d-68.0580599!16s%2Fg%2F11y7d_1clt!19sChIJ68ZsPwAzCpYR4X4bg5gs2i4?authuser=0&hl=en&rclk=1,2026-01-08T04:38:32.180847,0a13bafdef8817ee
DALLA'S,Bar,"3,1",74,"Bv. 25 de Mayo 66, Q8302 Neuquén, Argentina",-38.9523627,-68.0580599,Natalia Carcamo Fonfach,4.0,,2025-01-08,Hace un año,https://www.google.com/maps/place/DALLA%27S/data=!4m7!3m6!1s0x960a33003f6cc6eb:0x2eda2c98831b7ee1!8m2!3d-38.9523627!4d-68.0580599!16s%2Fg%2F11y7d_1clt!19sChIJ68ZsPwAzCpYR4X4bg5gs2i4?authuser=0&hl=en&rclk=1,2026-01-08T04:38:32.180847,28712f0ce778351b
DALLA'S,Bar,"3,1",74,"Bv. 25 de Mayo 66, Q8302 Neuquén, Argentina",-38.9523627,-68.0580599,Meli Trubiano,3.0,,2025-01-08,Hace un año,https://www.google.com/maps/place/DALLA%27S/data=!4m7!3m6!1s0x960a33003f6cc6eb:0x2eda2c98831b7ee1!8m2!3d-38.9523627!4d-68.0580599!16s%2Fg%2F11y7d_1clt!19sChIJ68ZsPwAzCpYR4X4bg5gs2i4?authuser=0&hl=en&rclk=1,2026-01-08T04:38:32.180847,0c8ac2e36bee4fb7
DALLA'S,Bar,"3,1",74,"Bv. 25 de Mayo 66, Q8302 Neuquén, Argentina",-38.9523627,-68.0580599,Valeria Croci,4.0,"Lindo lugar para bailar, y bailar mucho reggaeton si te gusta 😏
Fui en 2 oportunidades, me encantó...
La segunda, a la fiesta de disfraces de Halloween del 12/10",2025-01-08,Hace un año,https://www.google.com/maps/place/DALLA%27S/data=!4m7!3m6!1s0x960a33003f6cc6eb:0x2eda2c98831b7ee1!8m2!3d-38.9523627!4d-68.0580599!16s%2Fg%2F11y7d_1clt!19sChIJ68ZsPwAzCpYR4X4bg5gs2i4?authuser=0&hl=en&rclk=1,2026-01-08T04:38:32.180847,562691a80bf978f0
DALLA'S,Bar,"3,1",74,"Bv. 25 de Mayo 66, Q8302 Neuquén, Argentina",-38.9523627,-68.0580599,alejo amadeo,4.0,,2025-01-08,Hace un año,https://www.google.com/maps/place/DALLA%27S/data=!4m7!3m6!1s0x960a33003f6cc6eb:0x2eda2c98831b7ee1!8m2!3d-38.9523627!4d-68.0580599!16s%2Fg%2F11y7d_1clt!19sChIJ68ZsPwAzCpYR4X4bg5gs2i4?authuser=0&hl=en&rclk=1,2026-01-08T04:38:32.180847,ae9a539ac33fa1ca
DALLA'S,Bar,"3,1",74,"Bv. 25 de Mayo 66, Q8302 Neuquén, Argentina",-38.9523627,-68.0580599,Floppy Pucheta,4.0,"Me gusto como organizaron el lugar, tuve la oportunidad de ir a ver un show en vivo y todo armonioso. La atención muy buena y la comida también.",2025-01-08,Hace un año,https://www.google.com/maps/place/DALLA%27S/data=!4m7!3m6!1s0x960a33003f6cc6eb:0x2eda2c98831b7ee1!8m2!3d-38.9523627!4d-68.0580599!16s%2Fg%2F11y7d_1clt!19sChIJ68ZsPwAzCpYR4X4bg5gs2i4?authuser=0&hl=en&rclk=1,2026-01-08T04:38:32.180847,a7f6cdd4b0a575e8
DALLA'S,Bar,"3,1",74,"Bv. 25 de Mayo 66, Q8302 Neuquén, Argentina",-38.9523627,-68.0580599,Jessi Garat,1.0,"Anoche fuimos a conocer el lugar ya que era el cumpleaños de una amiga y teníamos muchas expectativas en ir a conocerlo. A mitad de la noche la gente de seguridad nos sacan, no entendíamos el motivo y fue porque mi amiga “estaba ebria”. Lo único que hicimos es estar bailando toda la noche con un grupo con el que habíamos invitado, sin embargo, nos sacaron porque sí. Totalmente desilusionada. No recomiendo para nada. Nos hicieron pasar un momento súper desagradable e incómodo.",2025-01-08,Hace un año,https://www.google.com/maps/place/DALLA%27S/data=!4m7!3m6!1s0x960a33003f6cc6eb:0x2eda2c98831b7ee1!8m2!3d-38.9523627!4d-68.0580599!16s%2Fg%2F11y7d_1clt!19sChIJ68ZsPwAzCpYR4X4bg5gs2i4?authuser=0&hl=en&rclk=1,2026-01-08T04:38:32.180847,b0a992aebd41aee6
DALLA'S,Bar,"3,1",74,"Bv. 25 de Mayo 66, Q8302 Neuquén, Argentina",-38.9523627,-68.0580599,Marcos Cámpora,3.0,"La pizza estuvo bien. En cerveza tenían solo corona y Kuruf (casi al mismo precio). Gaseosas en botellas de 350cc y el Old fashion con un colchón de azúcar y Wishkey malo.
Fui la noche que tocó AeroStereo y les metieron una reserva de cumpleaños al fondo. La mitad de la música no se escuchaba, puros gritos del fondo.
Mi reserva fue debajo de una luz azul que me quemaba la vista, cuando el resto del salón eran luces amarillas.
Broche de oro, sin elementos de higiene en el baño",2025-01-08,Hace un año,https://www.google.com/maps/place/DALLA%27S/data=!4m7!3m6!1s0x960a33003f6cc6eb:0x2eda2c98831b7ee1!8m2!3d-38.9523627!4d-68.0580599!16s%2Fg%2F11y7d_1clt!19sChIJ68ZsPwAzCpYR4X4bg5gs2i4?authuser=0&hl=en&rclk=1,2026-01-08T04:38:32.180847,9aeaa5517cf5285a
DALLA'S,Bar,"3,1",74,"Bv. 25 de Mayo 66, Q8302 Neuquén, Argentina",-38.9523627,-68.0580599,diego aquito,3.0,"El ambiente esta bueno, pero la verdad es que tienen que mejorar la cocina. Las porciones diminutas y menos onda que parecian la comida de una roti de barrio. Por otro lado, un sabado sin cerveza!? Es jodaa ja a mejorar chicos",2025-01-08,Hace un año,https://www.google.com/maps/place/DALLA%27S/data=!4m7!3m6!1s0x960a33003f6cc6eb:0x2eda2c98831b7ee1!8m2!3d-38.9523627!4d-68.0580599!16s%2Fg%2F11y7d_1clt!19sChIJ68ZsPwAzCpYR4X4bg5gs2i4?authuser=0&hl=en&rclk=1,2026-01-08T04:38:32.180847,d125407116476383
DALLA'S,Bar,"3,1",74,"Bv. 25 de Mayo 66, Q8302 Neuquén, Argentina",-38.9523627,-68.0580599,Mariano Ancaten Ureta,4.0,Un poco chico pero el lugar está bueno,2025-01-08,Hace un año,https://www.google.com/maps/place/DALLA%27S/data=!4m7!3m6!1s0x960a33003f6cc6eb:0x2eda2c98831b7ee1!8m2!3d-38.9523627!4d-68.0580599!16s%2Fg%2F11y7d_1clt!19sChIJ68ZsPwAzCpYR4X4bg5gs2i4?authuser=0&hl=en&rclk=1,2026-01-08T04:38:32.180847,846c9615c4e5374c
DALLA'S,Bar,"3,1",74,"Bv. 25 de Mayo 66, Q8302 Neuquén, Argentina",-38.9523627,-68.0580599,Sebastian Perez Gregori,5.0,,2025-01-08,Hace un año,https://www.google.com/maps/place/DALLA%27S/data=!4m7!3m6!1s0x960a33003f6cc6eb:0x2eda2c98831b7ee1!8m2!3d-38.9523627!4d-68.0580599!16s%2Fg%2F11y7d_1clt!19sChIJ68ZsPwAzCpYR4X4bg5gs2i4?authuser=0&hl=en&rclk=1,2026-01-08T04:38:32.180847,0a28ea501be4fb34
DALLA'S,Bar,"3,1",74,"Bv. 25 de Mayo 66, Q8302 Neuquén, Argentina",-38.9523627,-68.0580599,MaryJo fernandez,5.0,,2025-01-08,Hace un año,https://www.google.com/maps/place/DALLA%27S/data=!4m7!3m6!1s0x960a33003f6cc6eb:0x2eda2c98831b7ee1!8m2!3d-38.9523627!4d-68.0580599!16s%2Fg%2F11y7d_1clt!19sChIJ68ZsPwAzCpYR4X4bg5gs2i4?authuser=0&hl=en&rclk=1,2026-01-08T04:38:32.180847,0d9f61ca163faeed
DALLA'S,Bar,"3,1",74,"Bv. 25 de Mayo 66, Q8302 Neuquén, Argentina",-38.9523627,-68.0580599,George Cubi,5.0,"Ayer 31 de agosto fui a conocer el lugar un muy buen ambiente bandas en vivo, la relación precio calidad presentación de la pizza me gustó además  no son mezquinos con  los ingredientes buena masa muy buena onda del personal de mesa y recepción lo que vi fue que son dinámicos y están atentos la verdad que para hacer mi primera experiencia me voy muy contento",2025-01-08,Hace un año,https://www.google.com/maps/place/DALLA%27S/data=!4m7!3m6!1s0x960a33003f6cc6eb:0x2eda2c98831b7ee1!8m2!3d-38.9523627!4d-68.0580599!16s%2Fg%2F11y7d_1clt!19sChIJ68ZsPwAzCpYR4X4bg5gs2i4?authuser=0&hl=en&rclk=1,2026-01-08T04:38:32.180847,67aead1592a6748a
DALLA'S,Bar,"3,1",74,"Bv. 25 de Mayo 66, Q8302 Neuquén, Argentina",-38.9523627,-68.0580599,Micaela Soares,3.0,"Muy buen ambiente, las papas muy ricas pero las pizzas no nos gustaron, estaban pasadas y parecían compradas en el super 🫠",2025-01-08,Hace un año,https://www.google.com/maps/place/DALLA%27S/data=!4m7!3m6!1s0x960a33003f6cc6eb:0x2eda2c98831b7ee1!8m2!3d-38.9523627!4d-68.0580599!16s%2Fg%2F11y7d_1clt!19sChIJ68ZsPwAzCpYR4X4bg5gs2i4?authuser=0&hl=en&rclk=1,2026-01-08T04:38:32.180847,d409a419ece023cd
DALLA'S,Bar,"3,1",74,"Bv. 25 de Mayo 66, Q8302 Neuquén, Argentina",-38.9523627,-68.0580599,Marina Martinez,3.0,"Recién abre ,vamos a darle tiempo para que mejore en la cocina .
La ambientacion ,música, mobiliario en general bien ! Muy actual .
La atención impecable.
La comida no nos gustó.
Pizza y papas fritas con falta de cocción.
Hamburguesa muy bien
Bebidas ( limonadas ) muy poco sabor.
Ojalá mejore ,tiene mucho potencial .",2025-01-08,Hace un año,https://www.google.com/maps/place/DALLA%27S/data=!4m7!3m6!1s0x960a33003f6cc6eb:0x2eda2c98831b7ee1!8m2!3d-38.9523627!4d-68.0580599!16s%2Fg%2F11y7d_1clt!19sChIJ68ZsPwAzCpYR4X4bg5gs2i4?authuser=0&hl=en&rclk=1,2026-01-08T04:38:32.180847,2cb6ac45ea168733
Perroni Pizza - Elordi,Pizza restaurant,"4,8",35,"Gdor. Elordi 801, Q8300 Neuquén, Argentina",-38.9494742,-68.0706795,Hugo Marcoppido,5.0,,2026-01-05,hace 3 días,https://www.google.com/maps/place/Perroni+Pizza+-+Elordi/data=!4m7!3m6!1s0x960a33df6fd8cde7:0x1fbeb877e8ac88df!8m2!3d-38.9494742!4d-68.0706795!16s%2Fg%2F11xs1ypvnh!19sChIJ583Yb98zCpYR34is6He4vh8?authuser=0&hl=en&rclk=1,2026-01-08T04:38:48.019175,72c9fcc34e1f2f4b
Perroni Pizza - Elordi,Pizza restaurant,"4,8",35,"Gdor. Elordi 801, Q8300 Neuquén, Argentina",-38.9494742,-68.0706795,Diego García - ORL,4.0,,2026-01-04,hace 4 días,https://www.google.com/maps/place/Perroni+Pizza+-+Elordi/data=!4m7!3m6!1s0x960a33df6fd8cde7:0x1fbeb877e8ac88df!8m2!3d-38.9494742!4d-68.0706795!16s%2Fg%2F11xs1ypvnh!19sChIJ583Yb98zCpYR34is6He4vh8?authuser=0&hl=en&rclk=1,2026-01-08T04:38:48.019175,1fa161ef1e303f6d
Perroni Pizza - Elordi,Pizza restaurant,"4,8",35,"Gdor. Elordi 801, Q8300 Neuquén, Argentina",-38.9494742,-68.0706795,Maria Angeles Gorriti,5.0,,2026-01-01,Hace una semana,https://www.google.com/maps/place/Perroni+Pizza+-+Elordi/data=!4m7!3m6!1s0x960a33df6fd8cde7:0x1fbeb877e8ac88df!8m2!3d-38.9494742!4d-68.0706795!16s%2Fg%2F11xs1ypvnh!19sChIJ583Yb98zCpYR34is6He4vh8?authuser=0&hl=en&rclk=1,2026-01-08T04:38:48.019175,d6461affe80da21f
Perroni Pizza - Elordi,Pizza restaurant,"4,8",35,"Gdor. Elordi 801, Q8300 Neuquén, Argentina",-38.9494742,-68.0706795,Gabriela Hernandez García,5.0,"Nos encantó, tienen unas pizzas exquisitas con masa fina y ligera. Las combinaciones un lujo, el local es limpio y acogedor, la atención de las chicas fue excelente, la cerveza fría como en poco lugares y además estacionamiento fácil. Aquí ganaron unos
fieles clientes!",2025-12-18,Hace 3 semanas,https://www.google.com/maps/place/Perroni+Pizza+-+Elordi/data=!4m7!3m6!1s0x960a33df6fd8cde7:0x1fbeb877e8ac88df!8m2!3d-38.9494742!4d-68.0706795!16s%2Fg%2F11xs1ypvnh!19sChIJ583Yb98zCpYR34is6He4vh8?authuser=0&hl=en&rclk=1,2026-01-08T04:38:48.019175,c847e575fd56f25c
Perroni Pizza - Elordi,Pizza restaurant,"4,8",35,"Gdor. Elordi 801, Q8300 Neuquén, Argentina",-38.9494742,-68.0706795,Gabriel Tourn,5.0,,2025-12-11,Fecha de edición: Hace 4 semanas,https://www.google.com/maps/place/Perroni+Pizza+-+Elordi/data=!4m7!3m6!1s0x960a33df6fd8cde7:0x1fbeb877e8ac88df!8m2!3d-38.9494742!4d-68.0706795!16s%2Fg%2F11xs1ypvnh!19sChIJ583Yb98zCpYR34is6He4vh8?authuser=0&hl=en&rclk=1,2026-01-08T04:38:48.019175,2ecd186c97d3f6ca
Perroni Pizza - Elordi,Pizza restaurant,"4,8",35,"Gdor. Elordi 801, Q8300 Neuquén, Argentina",-38.9494742,-68.0706795,Maye Alcantara,4.0,"Primero que nada, quiero decir que las pizzas son deliciosas y siguen siendo de mis favoritas. Sin embargo, en esta ocasión pedimos una pizza para llevar y llegó cortada para que entrara en la caja. Lamentablemente, una parte quedó sin borde y esa sección terminó embebida en aceite.

Lo comento como sugerencia de mejora, porque realmente disfruto mucho sus pizzas, pero este detalle resultó bastante des prolijo.",2025-12-09,Hace un mes,https://www.google.com/maps/place/Perroni+Pizza+-+Elordi/data=!4m7!3m6!1s0x960a33df6fd8cde7:0x1fbeb877e8ac88df!8m2!3d-38.9494742!4d-68.0706795!16s%2Fg%2F11xs1ypvnh!19sChIJ583Yb98zCpYR34is6He4vh8?authuser=0&hl=en&rclk=1,2026-01-08T04:38:48.019175,5b8b69a06412dde3
Perroni Pizza - Elordi,Pizza restaurant,"4,8",35,"Gdor. Elordi 801, Q8300 Neuquén, Argentina",-38.9494742,-68.0706795,Carlos Chiarotto,5.0,Muy buenas las pizzas. Felicitaciones por la calidad y atención.,2025-12-09,Hace un mes,https://www.google.com/maps/place/Perroni+Pizza+-+Elordi/data=!4m7!3m6!1s0x960a33df6fd8cde7:0x1fbeb877e8ac88df!8m2!3d-38.9494742!4d-68.0706795!16s%2Fg%2F11xs1ypvnh!19sChIJ583Yb98zCpYR34is6He4vh8?authuser=0&hl=en&rclk=1,2026-01-08T04:38:48.019175,42d36da16f256cdf
Perroni Pizza - Elordi,Pizza restaurant,"4,8",35,"Gdor. Elordi 801, Q8300 Neuquén, Argentina",-38.9494742,-68.0706795,"*,* ;D",5.0,"La comida el sabor excelente, el ambiente agradable pero puede mejorar..",2025-10-10,Hace 3 meses,https://www.google.com/maps/place/Perroni+Pizza+-+Elordi/data=!4m7!3m6!1s0x960a33df6fd8cde7:0x1fbeb877e8ac88df!8m2!3d-38.9494742!4d-68.0706795!16s%2Fg%2F11xs1ypvnh!19sChIJ583Yb98zCpYR34is6He4vh8?authuser=0&hl=en&rclk=1,2026-01-08T04:38:48.019175,768c1213e8e15b45
Perroni Pizza - Elordi,Pizza restaurant,"4,8",35,"Gdor. Elordi 801, Q8300 Neuquén, Argentina",-38.9494742,-68.0706795,Exequiel Solis,1.0,Muy mala la atención. Pedimos empanadas cortada a cuchillo y nos trajeron carne picada. Nunca nos preguntaron por la bebida. No nos dieron cubiertos. Tuve q levantarme a pedir. La pizza llegó fría a la mesa. No volvería al local.,2025-10-10,Hace 3 meses,https://www.google.com/maps/place/Perroni+Pizza+-+Elordi/data=!4m7!3m6!1s0x960a33df6fd8cde7:0x1fbeb877e8ac88df!8m2!3d-38.9494742!4d-68.0706795!16s%2Fg%2F11xs1ypvnh!19sChIJ583Yb98zCpYR34is6He4vh8?authuser=0&hl=en&rclk=1,2026-01-08T04:38:48.019175,e5ff578fcb6464c3
Perroni Pizza - Elordi,Pizza restaurant,"4,8",35,"Gdor. Elordi 801, Q8300 Neuquén, Argentina",-38.9494742,-68.0706795,Tomas Bacre,5.0,"Excelente servicio, se come muy bien",2025-10-10,Hace 3 meses,https://www.google.com/maps/place/Perroni+Pizza+-+Elordi/data=!4m7!3m6!1s0x960a33df6fd8cde7:0x1fbeb877e8ac88df!8m2!3d-38.9494742!4d-68.0706795!16s%2Fg%2F11xs1ypvnh!19sChIJ583Yb98zCpYR34is6He4vh8?authuser=0&hl=en&rclk=1,2026-01-08T04:38:48.019175,067617df366b7592
Perroni Pizza - Elordi,Pizza restaurant,"4,8",35,"Gdor. Elordi 801, Q8300 Neuquén, Argentina",-38.9494742,-68.0706795,Yacsibet Lacruz,5.0,"Las mejores pizzas de Neuquén!!!
Calidad, limpieza y servicio excelentes, muy buena atención al cliente y llega rápido la comida. Espectacular, se convirtió en nuestro nuevo lugar favorito para comer ❤️",2025-10-10,Hace 3 meses,https://www.google.com/maps/place/Perroni+Pizza+-+Elordi/data=!4m7!3m6!1s0x960a33df6fd8cde7:0x1fbeb877e8ac88df!8m2!3d-38.9494742!4d-68.0706795!16s%2Fg%2F11xs1ypvnh!19sChIJ583Yb98zCpYR34is6He4vh8?authuser=0&hl=en&rclk=1,2026-01-08T04:38:48.019175,551067f9b5cfa8de
Perroni Pizza - Elordi,Pizza restaurant,"4,8",35,"Gdor. Elordi 801, Q8300 Neuquén, Argentina",-38.9494742,-68.0706795,Flavia Croche,5.0,Todo es un 10/10 como ya nos tiene acostumbrado PERRONI 👌🏻,2025-10-10,Hace 3 meses,https://www.google.com/maps/place/Perroni+Pizza+-+Elordi/data=!4m7!3m6!1s0x960a33df6fd8cde7:0x1fbeb877e8ac88df!8m2!3d-38.9494742!4d-68.0706795!16s%2Fg%2F11xs1ypvnh!19sChIJ583Yb98zCpYR34is6He4vh8?authuser=0&hl=en&rclk=1,2026-01-08T04:38:48.019175,46afc4a783589ccc
Perroni Pizza - Elordi,Pizza restaurant,"4,8",35,"Gdor. Elordi 801, Q8300 Neuquén, Argentina",-38.9494742,-68.0706795,migue aragon,5.0,"Riquísimas la pizzas ,,,,,,⭐⭐⭐⭐⭐",2025-10-10,Hace 3 meses,https://www.google.com/maps/place/Perroni+Pizza+-+Elordi/data=!4m7!3m6!1s0x960a33df6fd8cde7:0x1fbeb877e8ac88df!8m2!3d-38.9494742!4d-68.0706795!16s%2Fg%2F11xs1ypvnh!19sChIJ583Yb98zCpYR34is6He4vh8?authuser=0&hl=en&rclk=1,2026-01-08T04:38:48.019175,19d460245a0f4bc9
Perroni Pizza - Elordi,Pizza restaurant,"4,8",35,"Gdor. Elordi 801, Q8300 Neuquén, Argentina",-38.9494742,-68.0706795,Gustavo Bacre,5.0,,2025-10-10,Hace 3 meses,https://www.google.com/maps/place/Perroni+Pizza+-+Elordi/data=!4m7!3m6!1s0x960a33df6fd8cde7:0x1fbeb877e8ac88df!8m2!3d-38.9494742!4d-68.0706795!16s%2Fg%2F11xs1ypvnh!19sChIJ583Yb98zCpYR34is6He4vh8?authuser=0&hl=en&rclk=1,2026-01-08T04:38:48.019175,11f3b4a3aad6d692
Perroni Pizza - Elordi,Pizza restaurant,"4,8",35,"Gdor. Elordi 801, Q8300 Neuquén, Argentina",-38.9494742,-68.0706795,Mica Pavez,5.0,"Las pizzas son un mil!! Y ni hablar de la atención, super cálidos y amables !! Sigan así chicos",2025-10-10,Hace 3 meses,https://www.google.com/maps/place/Perroni+Pizza+-+Elordi/data=!4m7!3m6!1s0x960a33df6fd8cde7:0x1fbeb877e8ac88df!8m2!3d-38.9494742!4d-68.0706795!16s%2Fg%2F11xs1ypvnh!19sChIJ583Yb98zCpYR34is6He4vh8?authuser=0&hl=en&rclk=1,2026-01-08T04:38:48.019175,246c7142ef912b8d
Perroni Pizza - Elordi,Pizza restaurant,"4,8",35,"Gdor. Elordi 801, Q8300 Neuquén, Argentina",-38.9494742,-68.0706795,Martina Barahona,5.0,Las mejores pizzas y empanadas en Neuquen,2025-10-10,Hace 3 meses,https://www.google.com/maps/place/Perroni+Pizza+-+Elordi/data=!4m7!3m6!1s0x960a33df6fd8cde7:0x1fbeb877e8ac88df!8m2!3d-38.9494742!4d-68.0706795!16s%2Fg%2F11xs1ypvnh!19sChIJ583Yb98zCpYR34is6He4vh8?authuser=0&hl=en&rclk=1,2026-01-08T04:38:48.019175,5c59320d98518882
Perroni Pizza - Elordi,Pizza restaurant,"4,8",35,"Gdor. Elordi 801, Q8300 Neuquén, Argentina",-38.9494742,-68.0706795,Sandra Fuentes,5.0,Excelente atención y calidad!!,2025-10-10,Hace 3 meses,https://www.google.com/maps/place/Perroni+Pizza+-+Elordi/data=!4m7!3m6!1s0x960a33df6fd8cde7:0x1fbeb877e8ac88df!8m2!3d-38.9494742!4d-68.0706795!16s%2Fg%2F11xs1ypvnh!19sChIJ583Yb98zCpYR34is6He4vh8?authuser=0&hl=en&rclk=1,2026-01-08T04:38:48.019175,dcbfcf1f682e6b39
Perroni Pizza - Elordi,Pizza restaurant,"4,8",35,"Gdor. Elordi 801, Q8300 Neuquén, Argentina",-38.9494742,-68.0706795,Gonza Sotto,5.0,Las mejores pizzas de Neuquén sin duda. El precio es acorde a la cantidad y calidad de la comida.,2025-10-10,Hace 3 meses,https://www.google.com/maps/place/Perroni+Pizza+-+Elordi/data=!4m7!3m6!1s0x960a33df6fd8cde7:0x1fbeb877e8ac88df!8m2!3d-38.9494742!4d-68.0706795!16s%2Fg%2F11xs1ypvnh!19sChIJ583Yb98zCpYR34is6He4vh8?authuser=0&hl=en&rclk=1,2026-01-08T04:38:48.019175,6750c4dfa6c5076f
Perroni Pizza - Elordi,Pizza restaurant,"4,8",35,"Gdor. Elordi 801, Q8300 Neuquén, Argentina",-38.9494742,-68.0706795,Sofi Cabral,5.0,"Tremendas las pizzas y las empanadas, muy ricas 😋",2025-10-10,Hace 3 meses,https://www.google.com/maps/place/Perroni+Pizza+-+Elordi/data=!4m7!3m6!1s0x960a33df6fd8cde7:0x1fbeb877e8ac88df!8m2!3d-38.9494742!4d-68.0706795!16s%2Fg%2F11xs1ypvnh!19sChIJ583Yb98zCpYR34is6He4vh8?authuser=0&hl=en&rclk=1,2026-01-08T04:38:48.019175,78881b276b07f4cb
Perroni Pizza - Elordi,Pizza restaurant,"4,8",35,"Gdor. Elordi 801, Q8300 Neuquén, Argentina",-38.9494742,-68.0706795,Leonardo Santu,5.0,"Muy rico todo y variedad, recomendado",2025-10-10,Hace 3 meses,https://www.google.com/maps/place/Perroni+Pizza+-+Elordi/data=!4m7!3m6!1s0x960a33df6fd8cde7:0x1fbeb877e8ac88df!8m2!3d-38.9494742!4d-68.0706795!16s%2Fg%2F11xs1ypvnh!19sChIJ583Yb98zCpYR34is6He4vh8?authuser=0&hl=en&rclk=1,2026-01-08T04:38:48.019175,dfa02e72985dd0f9
Perroni Pizza - Elordi,Pizza restaurant,"4,8",35,"Gdor. Elordi 801, Q8300 Neuquén, Argentina",-38.9494742,-68.0706795,Paula M,5.0,Excelente atención y la pizza es riquísima!!! Las mejores empanadas de j&q que comí 😍,2025-10-10,Hace 3 meses,https://www.google.com/maps/place/Perroni+Pizza+-+Elordi/data=!4m7!3m6!1s0x960a33df6fd8cde7:0x1fbeb877e8ac88df!8m2!3d-38.9494742!4d-68.0706795!16s%2Fg%2F11xs1ypvnh!19sChIJ583Yb98zCpYR34is6He4vh8?authuser=0&hl=en&rclk=1,2026-01-08T04:38:48.019175,6213461a15ad739e
Perroni Pizza - Elordi,Pizza restaurant,"4,8",35,"Gdor. Elordi 801, Q8300 Neuquén, Argentina",-38.9494742,-68.0706795,Luciano Parada,5.0,Excelente 👌,2025-10-10,Hace 3 meses,https://www.google.com/maps/place/Perroni+Pizza+-+Elordi/data=!4m7!3m6!1s0x960a33df6fd8cde7:0x1fbeb877e8ac88df!8m2!3d-38.9494742!4d-68.0706795!16s%2Fg%2F11xs1ypvnh!19sChIJ583Yb98zCpYR34is6He4vh8?authuser=0&hl=en&rclk=1,2026-01-08T04:38:48.019175,d776eab6558336c8
Perroni Pizza - Elordi,Pizza restaurant,"4,8",35,"Gdor. Elordi 801, Q8300 Neuquén, Argentina",-38.9494742,-68.0706795,Valenn,5.0,"Riquisisisimo todo, recomiendo",2025-10-10,Hace 3 meses,https://www.google.com/maps/place/Perroni+Pizza+-+Elordi/data=!4m7!3m6!1s0x960a33df6fd8cde7:0x1fbeb877e8ac88df!8m2!3d-38.9494742!4d-68.0706795!16s%2Fg%2F11xs1ypvnh!19sChIJ583Yb98zCpYR34is6He4vh8?authuser=0&hl=en&rclk=1,2026-01-08T04:38:48.019175,de3677c4fdf47480
Perroni Pizza - Elordi,Pizza restaurant,"4,8",35,"Gdor. Elordi 801, Q8300 Neuquén, Argentina",-38.9494742,-68.0706795,El_chinito_leyton Music,5.0,Excelente servicio,2025-10-10,Hace 3 meses,https://www.google.com/maps/place/Perroni+Pizza+-+Elordi/data=!4m7!3m6!1s0x960a33df6fd8cde7:0x1fbeb877e8ac88df!8m2!3d-38.9494742!4d-68.0706795!16s%2Fg%2F11xs1ypvnh!19sChIJ583Yb98zCpYR34is6He4vh8?authuser=0&hl=en&rclk=1,2026-01-08T04:38:48.019175,a2f90d4b82f18a3d
Perroni Pizza - Elordi,Pizza restaurant,"4,8",35,"Gdor. Elordi 801, Q8300 Neuquén, Argentina",-38.9494742,-68.0706795,Jorge D. Aragon,5.0,Excelente atención! Y las pizzas son lo mejor,2025-09-10,Hace 4 meses,https://www.google.com/maps/place/Perroni+Pizza+-+Elordi/data=!4m7!3m6!1s0x960a33df6fd8cde7:0x1fbeb877e8ac88df!8m2!3d-38.9494742!4d-68.0706795!16s%2Fg%2F11xs1ypvnh!19sChIJ583Yb98zCpYR34is6He4vh8?authuser=0&hl=en&rclk=1,2026-01-08T04:38:48.019175,b41205d01236161a
Perroni Pizza - Elordi,Pizza restaurant,"4,8",35,"Gdor. Elordi 801, Q8300 Neuquén, Argentina",-38.9494742,-68.0706795,Ariel Aguirre,5.0,Si antes me gustaba ...ahora PERRONI...me enamoró...las mejores pizzas!!!!,2025-09-10,Hace 4 meses,https://www.google.com/maps/place/Perroni+Pizza+-+Elordi/data=!4m7!3m6!1s0x960a33df6fd8cde7:0x1fbeb877e8ac88df!8m2!3d-38.9494742!4d-68.0706795!16s%2Fg%2F11xs1ypvnh!19sChIJ583Yb98zCpYR34is6He4vh8?authuser=0&hl=en&rclk=1,2026-01-08T04:38:48.019175,d606c6c6d7acb10e
Perroni Pizza - Elordi,Pizza restaurant,"4,8",35,"Gdor. Elordi 801, Q8300 Neuquén, Argentina",-38.9494742,-68.0706795,Emiliano Talquenca,5.0,Las mejores pizzas de Nqn 💯,2025-09-10,Hace 4 meses,https://www.google.com/maps/place/Perroni+Pizza+-+Elordi/data=!4m7!3m6!1s0x960a33df6fd8cde7:0x1fbeb877e8ac88df!8m2!3d-38.9494742!4d-68.0706795!16s%2Fg%2F11xs1ypvnh!19sChIJ583Yb98zCpYR34is6He4vh8?authuser=0&hl=en&rclk=1,2026-01-08T04:38:48.019175,ee2d88674ce905c0
Perroni Pizza - Elordi,Pizza restaurant,"4,8",35,"Gdor. Elordi 801, Q8300 Neuquén, Argentina",-38.9494742,-68.0706795,Marcos Galian,5.0,"Muy rica pizza, grande Perrito!!!
Un joven neuquino haciendo la pizza mas rica!!!!!!!!!!",2025-09-10,Hace 4 meses,https://www.google.com/maps/place/Perroni+Pizza+-+Elordi/data=!4m7!3m6!1s0x960a33df6fd8cde7:0x1fbeb877e8ac88df!8m2!3d-38.9494742!4d-68.0706795!16s%2Fg%2F11xs1ypvnh!19sChIJ583Yb98zCpYR34is6He4vh8?authuser=0&hl=en&rclk=1,2026-01-08T04:38:48.019175,06b3f9dd48ca2b3a
Perroni Pizza - Elordi,Pizza restaurant,"4,8",35,"Gdor. Elordi 801, Q8300 Neuquén, Argentina",-38.9494742,-68.0706795,LEANDRO CHEUQUEPAN,5.0,"Exelente atención ,súper rico y económico,una acaricia al paladar una poesía a las papilas gustativas!!
Mejor opción sin dudarlo",2025-09-10,Hace 4 meses,https://www.google.com/maps/place/Perroni+Pizza+-+Elordi/data=!4m7!3m6!1s0x960a33df6fd8cde7:0x1fbeb877e8ac88df!8m2!3d-38.9494742!4d-68.0706795!16s%2Fg%2F11xs1ypvnh!19sChIJ583Yb98zCpYR34is6He4vh8?authuser=0&hl=en&rclk=1,2026-01-08T04:38:48.019175,97c3e41b58f4b564
Perroni Pizza - Elordi,Pizza restaurant,"4,8",35,"Gdor. Elordi 801, Q8300 Neuquén, Argentina",-38.9494742,-68.0706795,Agustina Malen Cheuquepan,5.0,"Rápida la atención y conocí al dueño que nos atendió súper bien!! Un amor de persona ☺️
Esperamos la apertura la semana que viene, iré por los premios 🥳
Gran variedad de sabores 🤤",2025-09-10,Hace 4 meses,https://www.google.com/maps/place/Perroni+Pizza+-+Elordi/data=!4m7!3m6!1s0x960a33df6fd8cde7:0x1fbeb877e8ac88df!8m2!3d-38.9494742!4d-68.0706795!16s%2Fg%2F11xs1ypvnh!19sChIJ583Yb98zCpYR34is6He4vh8?authuser=0&hl=en&rclk=1,2026-01-08T04:38:48.019175,7cb0d6413182ff53
Perroni Pizza - Elordi,Pizza restaurant,"4,8",35,"Gdor. Elordi 801, Q8300 Neuquén, Argentina",-38.9494742,-68.0706795,Alfito Cassol,5.0,"Unas pizzas espectaculares, la atención es muy buena y rápida, el ambiente es súper lindo para comer con amigos😊",2025-09-10,Hace 4 meses,https://www.google.com/maps/place/Perroni+Pizza+-+Elordi/data=!4m7!3m6!1s0x960a33df6fd8cde7:0x1fbeb877e8ac88df!8m2!3d-38.9494742!4d-68.0706795!16s%2Fg%2F11xs1ypvnh!19sChIJ583Yb98zCpYR34is6He4vh8?authuser=0&hl=en&rclk=1,2026-01-08T04:38:48.019175,bd6848fcf14eaf67
Perroni Pizza - Elordi,Pizza restaurant,"4,8",35,"Gdor. Elordi 801, Q8300 Neuquén, Argentina",-38.9494742,-68.0706795,Franco Eborall,5.0,,2025-09-10,Hace 4 meses,https://www.google.com/maps/place/Perroni+Pizza+-+Elordi/data=!4m7!3m6!1s0x960a33df6fd8cde7:0x1fbeb877e8ac88df!8m2!3d-38.9494742!4d-68.0706795!16s%2Fg%2F11xs1ypvnh!19sChIJ583Yb98zCpYR34is6He4vh8?authuser=0&hl=en&rclk=1,2026-01-08T04:38:48.019175,f600d3928a884b83
Perroni Pizza - Elordi,Pizza restaurant,"4,8",35,"Gdor. Elordi 801, Q8300 Neuquén, Argentina",-38.9494742,-68.0706795,Santi Torres,5.0,,2025-09-10,Hace 4 meses,https://www.google.com/maps/place/Perroni+Pizza+-+Elordi/data=!4m7!3m6!1s0x960a33df6fd8cde7:0x1fbeb877e8ac88df!8m2!3d-38.9494742!4d-68.0706795!16s%2Fg%2F11xs1ypvnh!19sChIJ583Yb98zCpYR34is6He4vh8?authuser=0&hl=en&rclk=1,2026-01-08T04:38:48.019175,26a2bd50373f8536
Perroni Pizza - Elordi,Pizza restaurant,"4,8",35,"Gdor. Elordi 801, Q8300 Neuquén, Argentina",-38.9494742,-68.0706795,Jazy Martinez,5.0,"Buena atención, las empanadas geniales y la pizza un 10!",2025-09-10,Hace 4 meses,https://www.google.com/maps/place/Perroni+Pizza+-+Elordi/data=!4m7!3m6!1s0x960a33df6fd8cde7:0x1fbeb877e8ac88df!8m2!3d-38.9494742!4d-68.0706795!16s%2Fg%2F11xs1ypvnh!19sChIJ583Yb98zCpYR34is6He4vh8?authuser=0&hl=en&rclk=1,2026-01-08T04:38:48.019175,6adb5d1a974f4dfb
Perroni Pizza - Elordi,Pizza restaurant,"4,8",35,"Gdor. Elordi 801, Q8300 Neuquén, Argentina",-38.9494742,-68.0706795,Camila Olea,5.0,No se pierdan estas pizzas… muy recomendables. El lugar es muy lindo  y te atienden excelente.,2025-09-10,Hace 4 meses,https://www.google.com/maps/place/Perroni+Pizza+-+Elordi/data=!4m7!3m6!1s0x960a33df6fd8cde7:0x1fbeb877e8ac88df!8m2!3d-38.9494742!4d-68.0706795!16s%2Fg%2F11xs1ypvnh!19sChIJ583Yb98zCpYR34is6He4vh8?authuser=0&hl=en&rclk=1,2026-01-08T04:38:48.019175,c3a516e8b54a2f39
Shelter,Bar,"2,8",33,"Gral. Manuel Belgrano 58, Q8300 Neuquén, Argentina",-38.9509891,-68.060141,Susana Garcia,1.0,"Pedimos pizza y horrible, no había cerveza tirada solo porrones y corona nada más, no me gustó nada, fui esa vez y no vuelvo más.",2025-12-18,Hace 3 semanas,https://www.google.com/maps/place/Shelter/data=!4m7!3m6!1s0x960a334bfb2ba7c3:0x278674d24eebbb09!8m2!3d-38.9509891!4d-68.060141!16s%2Fg%2F11v1b2wpgy!19sChIJw6cr-0szCpYRCbvrTtJ0hic?authuser=0&hl=en&rclk=1,2026-01-08T04:39:25.521428,df319c9c44be7d54
Shelter,Bar,"2,8",33,"Gral. Manuel Belgrano 58, Q8300 Neuquén, Argentina",-38.9509891,-68.060141,Camila Carro,5.0,"La comida es muy rica, el ambiente es muy cómodoo, la atención es excelente y es muy divertido salir a bailaar🫶🏻",2025-12-09,Hace un mes,https://www.google.com/maps/place/Shelter/data=!4m7!3m6!1s0x960a334bfb2ba7c3:0x278674d24eebbb09!8m2!3d-38.9509891!4d-68.060141!16s%2Fg%2F11v1b2wpgy!19sChIJw6cr-0szCpYRCbvrTtJ0hic?authuser=0&hl=en&rclk=1,2026-01-08T04:39:25.521428,9b12b7c069f955c1
Shelter,Bar,"2,8",33,"Gral. Manuel Belgrano 58, Q8300 Neuquén, Argentina",-38.9509891,-68.060141,Lourdes Sepulveda,5.0,"Aguante shelterrrrrr!!!! Ofrecen una buena calidad en comida, personal y ambiente 💕✨",2025-12-09,Hace un mes,https://www.google.com/maps/place/Shelter/data=!4m7!3m6!1s0x960a334bfb2ba7c3:0x278674d24eebbb09!8m2!3d-38.9509891!4d-68.060141!16s%2Fg%2F11v1b2wpgy!19sChIJw6cr-0szCpYRCbvrTtJ0hic?authuser=0&hl=en&rclk=1,2026-01-08T04:39:25.521428,e9a23762bdfb876b
Shelter,Bar,"2,8",33,"Gral. Manuel Belgrano 58, Q8300 Neuquén, Argentina",-38.9509891,-68.060141,Julio Cesar,5.0,"Shelter un ambiente agradable para disfrutar momentos únicos ,como dice LA VIDA ES UN RATITO , Atención muy buena por Areli .",2025-12-09,Hace un mes,https://www.google.com/maps/place/Shelter/data=!4m7!3m6!1s0x960a334bfb2ba7c3:0x278674d24eebbb09!8m2!3d-38.9509891!4d-68.060141!16s%2Fg%2F11v1b2wpgy!19sChIJw6cr-0szCpYRCbvrTtJ0hic?authuser=0&hl=en&rclk=1,2026-01-08T04:39:25.521428,39635a39f544f65d
Shelter,Bar,"2,8",33,"Gral. Manuel Belgrano 58, Q8300 Neuquén, Argentina",-38.9509891,-68.060141,Brisa de los Ángeles Jara,1.0,"Tanto la del baño como los de seguridad son unos desubicados, te llevan por encima. Actitud autoritaria innecesaria. Un horror!!",2025-12-09,Hace un mes,https://www.google.com/maps/place/Shelter/data=!4m7!3m6!1s0x960a334bfb2ba7c3:0x278674d24eebbb09!8m2!3d-38.9509891!4d-68.060141!16s%2Fg%2F11v1b2wpgy!19sChIJw6cr-0szCpYRCbvrTtJ0hic?authuser=0&hl=en&rclk=1,2026-01-08T04:39:25.521428,83654c0babd09d05
Shelter,Bar,"2,8",33,"Gral. Manuel Belgrano 58, Q8300 Neuquén, Argentina",-38.9509891,-68.060141,Antonella Magali Vecino,1.0,"Fuimos con mi amiga, apenas entramos al baño y entró la de seguridad a sacarnos como si fuéramos nenitas de primaria, a los gritos, pasó y nos sacó a los empujones. Cabe aclarar que no había nadie esperando para entrar, los baños estaban vacíos. Sentimos el abuso de autoridad innecesario, atrasan con usa actitud autoritaria. El de la barra la peor de las ondas, el lugar con un olor horrible. La música malísima.",2025-12-09,Hace un mes,https://www.google.com/maps/place/Shelter/data=!4m7!3m6!1s0x960a334bfb2ba7c3:0x278674d24eebbb09!8m2!3d-38.9509891!4d-68.060141!16s%2Fg%2F11v1b2wpgy!19sChIJw6cr-0szCpYRCbvrTtJ0hic?authuser=0&hl=en&rclk=1,2026-01-08T04:39:25.521428,d04e5b9e0dc56b72
Shelter,Bar,"2,8",33,"Gral. Manuel Belgrano 58, Q8300 Neuquén, Argentina",-38.9509891,-68.060141,marina gabriela abalo ginter,4.0,"Excelente atención del mozo, buenos tragos. El ambiente un 10. Volvería",2025-11-09,Hace 2 meses,https://www.google.com/maps/place/Shelter/data=!4m7!3m6!1s0x960a334bfb2ba7c3:0x278674d24eebbb09!8m2!3d-38.9509891!4d-68.060141!16s%2Fg%2F11v1b2wpgy!19sChIJw6cr-0szCpYRCbvrTtJ0hic?authuser=0&hl=en&rclk=1,2026-01-08T04:39:25.521428,7e9b8e97afe4c18f
Shelter,Bar,"2,8",33,"Gral. Manuel Belgrano 58, Q8300 Neuquén, Argentina",-38.9509891,-68.060141,Maria Echeverria,5.0,,2025-11-09,Hace 2 meses,https://www.google.com/maps/place/Shelter/data=!4m7!3m6!1s0x960a334bfb2ba7c3:0x278674d24eebbb09!8m2!3d-38.9509891!4d-68.060141!16s%2Fg%2F11v1b2wpgy!19sChIJw6cr-0szCpYRCbvrTtJ0hic?authuser=0&hl=en&rclk=1,2026-01-08T04:39:25.521428,3741de034b1c2f06
Shelter,Bar,"2,8",33,"Gral. Manuel Belgrano 58, Q8300 Neuquén, Argentina",-38.9509891,-68.060141,Ivanna C M,3.0,"El cajero deja mucho que desear, calculo que debe estar en ese puesto más por confianza que por experiencia porque si atiende así…
Las chicas de la barra unas divinas
Y el personal de seguridad también.
De viejas chotas pedimos sillas para estar en el patio y nos brindaron las mismas 👏🏻
No nos gustó que depende quien hacía los tragos era vaso de plástico o vaso de vidrio, se entiende que es boliche y estaban todos los niñes bailando pero si estamos sentadas en un patio fumando.. que tanto mal podemos hacer 😅
La calificación es solo para los que brindaron soluciones",2025-11-09,Hace 2 meses,https://www.google.com/maps/place/Shelter/data=!4m7!3m6!1s0x960a334bfb2ba7c3:0x278674d24eebbb09!8m2!3d-38.9509891!4d-68.060141!16s%2Fg%2F11v1b2wpgy!19sChIJw6cr-0szCpYRCbvrTtJ0hic?authuser=0&hl=en&rclk=1,2026-01-08T04:39:25.521428,be229e823634d0bd
Shelter,Bar,"2,8",33,"Gral. Manuel Belgrano 58, Q8300 Neuquén, Argentina",-38.9509891,-68.060141,Sebastian Garay,4.0,,2025-10-10,Hace 3 meses,https://www.google.com/maps/place/Shelter/data=!4m7!3m6!1s0x960a334bfb2ba7c3:0x278674d24eebbb09!8m2!3d-38.9509891!4d-68.060141!16s%2Fg%2F11v1b2wpgy!19sChIJw6cr-0szCpYRCbvrTtJ0hic?authuser=0&hl=en&rclk=1,2026-01-08T04:39:25.521428,4f4798346c56ed58
Shelter,Bar,"2,8",33,"Gral. Manuel Belgrano 58, Q8300 Neuquén, Argentina",-38.9509891,-68.060141,Sol G,3.0,"Estan buenos los mocktails, los tragos con alcohol no me parecieron ricos",2025-08-11,Hace 5 meses,https://www.google.com/maps/place/Shelter/data=!4m7!3m6!1s0x960a334bfb2ba7c3:0x278674d24eebbb09!8m2!3d-38.9509891!4d-68.060141!16s%2Fg%2F11v1b2wpgy!19sChIJw6cr-0szCpYRCbvrTtJ0hic?authuser=0&hl=en&rclk=1,2026-01-08T04:39:25.521428,727c3033e031ea2d
Shelter,Bar,"2,8",33,"Gral. Manuel Belgrano 58, Q8300 Neuquén, Argentina",-38.9509891,-68.060141,Pablo Turreiro,1.0,Un asco los baños!,2025-07-12,Hace 6 meses,https://www.google.com/maps/place/Shelter/data=!4m7!3m6!1s0x960a334bfb2ba7c3:0x278674d24eebbb09!8m2!3d-38.9509891!4d-68.060141!16s%2Fg%2F11v1b2wpgy!19sChIJw6cr-0szCpYRCbvrTtJ0hic?authuser=0&hl=en&rclk=1,2026-01-08T04:39:25.521428,24a75e193c35a8af
Shelter,Bar,"2,8",33,"Gral. Manuel Belgrano 58, Q8300 Neuquén, Argentina",-38.9509891,-68.060141,Rocío Contreras,2.0,"Los tragos bien, pero no aclaran hasta que hora podes quedarte. Te mandan a arribar si o si (boliche). No te dicen que las promociones llegan si o si juntas. Deberían especificar esas cosas, antes de entregar el pedido.",2025-06-12,Hace 7 meses,https://www.google.com/maps/place/Shelter/data=!4m7!3m6!1s0x960a334bfb2ba7c3:0x278674d24eebbb09!8m2!3d-38.9509891!4d-68.060141!16s%2Fg%2F11v1b2wpgy!19sChIJw6cr-0szCpYRCbvrTtJ0hic?authuser=0&hl=en&rclk=1,2026-01-08T04:39:25.521428,6ea8e45e329594b3
Shelter,Bar,"2,8",33,"Gral. Manuel Belgrano 58, Q8300 Neuquén, Argentina",-38.9509891,-68.060141,Gladis E Roco,5.0,Excelente lugar para ir con compañeros de trabajo y conocidos,2025-05-13,Hace 8 meses,https://www.google.com/maps/place/Shelter/data=!4m7!3m6!1s0x960a334bfb2ba7c3:0x278674d24eebbb09!8m2!3d-38.9509891!4d-68.060141!16s%2Fg%2F11v1b2wpgy!19sChIJw6cr-0szCpYRCbvrTtJ0hic?authuser=0&hl=en&rclk=1,2026-01-08T04:39:25.521428,80cd4c30ba3d7ad3
Shelter,Bar,"2,8",33,"Gral. Manuel Belgrano 58, Q8300 Neuquén, Argentina",-38.9509891,-68.060141,Geremias Izaguirre,1.0,"Una basura el lugar, el encargado y el gerente",2025-03-14,Hace 10 meses,https://www.google.com/maps/place/Shelter/data=!4m7!3m6!1s0x960a334bfb2ba7c3:0x278674d24eebbb09!8m2!3d-38.9509891!4d-68.060141!16s%2Fg%2F11v1b2wpgy!19sChIJw6cr-0szCpYRCbvrTtJ0hic?authuser=0&hl=en&rclk=1,2026-01-08T04:39:25.521428,95d09063dd9a5a62
Shelter,Bar,"2,8",33,"Gral. Manuel Belgrano 58, Q8300 Neuquén, Argentina",-38.9509891,-68.060141,LOL XD,5.0,"Tragos y comida espectaculares! Ideal para terminar la semana, los mozos muy atentos, porciones abundantes y buenos precios!",2025-03-14,Hace 10 meses,https://www.google.com/maps/place/Shelter/data=!4m7!3m6!1s0x960a334bfb2ba7c3:0x278674d24eebbb09!8m2!3d-38.9509891!4d-68.060141!16s%2Fg%2F11v1b2wpgy!19sChIJw6cr-0szCpYRCbvrTtJ0hic?authuser=0&hl=en&rclk=1,2026-01-08T04:39:25.521428,0242890cc445fa4b
Shelter,Bar,"2,8",33,"Gral. Manuel Belgrano 58, Q8300 Neuquén, Argentina",-38.9509891,-68.060141,braian retamal,1.0,Poco agradable la atención pedís una cerveza te dan lo q  ellos quieren y además si pedis para cargar el celular no te dejan eso q hay enchufes,2025-02-12,Fecha de edición: Hace 11 meses,https://www.google.com/maps/place/Shelter/data=!4m7!3m6!1s0x960a334bfb2ba7c3:0x278674d24eebbb09!8m2!3d-38.9509891!4d-68.060141!16s%2Fg%2F11v1b2wpgy!19sChIJw6cr-0szCpYRCbvrTtJ0hic?authuser=0&hl=en&rclk=1,2026-01-08T04:39:25.521428,a439ccb5f50507b6
Shelter,Bar,"2,8",33,"Gral. Manuel Belgrano 58, Q8300 Neuquén, Argentina",-38.9509891,-68.060141,Mauricio C,1.0,"No vayas hacer una queja acá, porque te pegan",2025-01-08,Hace un año,https://www.google.com/maps/place/Shelter/data=!4m7!3m6!1s0x960a334bfb2ba7c3:0x278674d24eebbb09!8m2!3d-38.9509891!4d-68.060141!16s%2Fg%2F11v1b2wpgy!19sChIJw6cr-0szCpYRCbvrTtJ0hic?authuser=0&hl=en&rclk=1,2026-01-08T04:39:25.521428,acc094a15309a6f3
Shelter,Bar,"2,8",33,"Gral. Manuel Belgrano 58, Q8300 Neuquén, Argentina",-38.9509891,-68.060141,Ariel Cordoba,1.0,Horrible el lugar.,2025-01-08,Hace un año,https://www.google.com/maps/place/Shelter/data=!4m7!3m6!1s0x960a334bfb2ba7c3:0x278674d24eebbb09!8m2!3d-38.9509891!4d-68.060141!16s%2Fg%2F11v1b2wpgy!19sChIJw6cr-0szCpYRCbvrTtJ0hic?authuser=0&hl=en&rclk=1,2026-01-08T04:39:25.521428,d144ab047ec8a37d
Shelter,Bar,"2,8",33,"Gral. Manuel Belgrano 58, Q8300 Neuquén, Argentina",-38.9509891,-68.060141,Barbara Ruiz,1.0,,2025-01-08,Hace un año,https://www.google.com/maps/place/Shelter/data=!4m7!3m6!1s0x960a334bfb2ba7c3:0x278674d24eebbb09!8m2!3d-38.9509891!4d-68.060141!16s%2Fg%2F11v1b2wpgy!19sChIJw6cr-0szCpYRCbvrTtJ0hic?authuser=0&hl=en&rclk=1,2026-01-08T04:39:25.521428,55b2a320b73de640
Shelter,Bar,"2,8",33,"Gral. Manuel Belgrano 58, Q8300 Neuquén, Argentina",-38.9509891,-68.060141,Laura Navarro,1.0,,2025-01-08,Hace un año,https://www.google.com/maps/place/Shelter/data=!4m7!3m6!1s0x960a334bfb2ba7c3:0x278674d24eebbb09!8m2!3d-38.9509891!4d-68.060141!16s%2Fg%2F11v1b2wpgy!19sChIJw6cr-0szCpYRCbvrTtJ0hic?authuser=0&hl=en&rclk=1,2026-01-08T04:39:25.521428,809780050d7c2bd4
Shelter,Bar,"2,8",33,"Gral. Manuel Belgrano 58, Q8300 Neuquén, Argentina",-38.9509891,-68.060141,tatiana rodriguez,1.0,"No recomendable, toda la bebida esta siempre, caliente....",2025-01-08,Hace un año,https://www.google.com/maps/place/Shelter/data=!4m7!3m6!1s0x960a334bfb2ba7c3:0x278674d24eebbb09!8m2!3d-38.9509891!4d-68.060141!16s%2Fg%2F11v1b2wpgy!19sChIJw6cr-0szCpYRCbvrTtJ0hic?authuser=0&hl=en&rclk=1,2026-01-08T04:39:25.521428,4acb0ec3955b3ec2
Shelter,Bar,"2,8",33,"Gral. Manuel Belgrano 58, Q8300 Neuquén, Argentina",-38.9509891,-68.060141,Ezequiel,1.0,,2025-01-08,Hace un año,https://www.google.com/maps/place/Shelter/data=!4m7!3m6!1s0x960a334bfb2ba7c3:0x278674d24eebbb09!8m2!3d-38.9509891!4d-68.060141!16s%2Fg%2F11v1b2wpgy!19sChIJw6cr-0szCpYRCbvrTtJ0hic?authuser=0&hl=en&rclk=1,2026-01-08T04:39:25.521428,e325887b2cf8c927
Shelter,Bar,"2,8",33,"Gral. Manuel Belgrano 58, Q8300 Neuquén, Argentina",-38.9509891,-68.060141,George Cubi,5.0,Es muy eficiente una de las mozas realmente no recuerdo su nombre pero debo destacarla en la recepción y distribución de pedidos y su trato cordial y amigable. También debo destacar al personal de prevención en recepción y respetando el factor de ocupación del lugar y que el mismo informa que la cocina está abierta hasta la 02:30 aprox y eso suma en referencia a otros lugares.,2025-01-08,Hace un año,https://www.google.com/maps/place/Shelter/data=!4m7!3m6!1s0x960a334bfb2ba7c3:0x278674d24eebbb09!8m2!3d-38.9509891!4d-68.060141!16s%2Fg%2F11v1b2wpgy!19sChIJw6cr-0szCpYRCbvrTtJ0hic?authuser=0&hl=en&rclk=1,2026-01-08T04:39:25.521428,db8bffc93791a010
Shelter,Bar,"2,8",33,"Gral. Manuel Belgrano 58, Q8300 Neuquén, Argentina",-38.9509891,-68.060141,Marcelo Walz,4.0,"Buenas pizzas, musica en vivo,",2025-01-08,Hace un año,https://www.google.com/maps/place/Shelter/data=!4m7!3m6!1s0x960a334bfb2ba7c3:0x278674d24eebbb09!8m2!3d-38.9509891!4d-68.060141!16s%2Fg%2F11v1b2wpgy!19sChIJw6cr-0szCpYRCbvrTtJ0hic?authuser=0&hl=en&rclk=1,2026-01-08T04:39:25.521428,6b28f84826f4707f
Shelter,Bar,"2,8",33,"Gral. Manuel Belgrano 58, Q8300 Neuquén, Argentina",-38.9509891,-68.060141,Ciro Farias,1.0,"Horrible experiencia gastronómica, pedimos 2 ojos de bife, 1hora demoraron en traer la comida y eso que el local estaba vacío. Al parecer fueron a matar a la vaca....
La moza se acercó a pedir el punto de la carne y cuando llegó el plato la carne estaba hecha al horno, recalentada y saladisima, la crema de roquefort una mentira. El ambiente safa si queres ir dsps de las 12, nosotros fuimos a ver a Mada Funky y estuvo mortal. No volvería a ir",2025-01-08,Hace un año,https://www.google.com/maps/place/Shelter/data=!4m7!3m6!1s0x960a334bfb2ba7c3:0x278674d24eebbb09!8m2!3d-38.9509891!4d-68.060141!16s%2Fg%2F11v1b2wpgy!19sChIJw6cr-0szCpYRCbvrTtJ0hic?authuser=0&hl=en&rclk=1,2026-01-08T04:39:25.521428,ac495e4a2684cd7d
Shelter,Bar,"2,8",33,"Gral. Manuel Belgrano 58, Q8300 Neuquén, Argentina",-38.9509891,-68.060141,danii skiavito rodriguez,5.0,,2025-01-08,Hace un año,https://www.google.com/maps/place/Shelter/data=!4m7!3m6!1s0x960a334bfb2ba7c3:0x278674d24eebbb09!8m2!3d-38.9509891!4d-68.060141!16s%2Fg%2F11v1b2wpgy!19sChIJw6cr-0szCpYRCbvrTtJ0hic?authuser=0&hl=en&rclk=1,2026-01-08T04:39:25.521428,748a2cf0b5b86a19
Shelter,Bar,"2,8",33,"Gral. Manuel Belgrano 58, Q8300 Neuquén, Argentina",-38.9509891,-68.060141,limberth coila,1.0,"Muy mala atención, solicitamos unas papas fritas termino el espectáculo y nunca llegaron, ambiente poco sociable, aspecto de suciedad, poco accesible para gente con movilidad reducida, deberían tener un espacio de intervalo de 15 o 30 minutos, termina una banda y te sacan casi a los empujones.",2025-01-08,Hace un año,https://www.google.com/maps/place/Shelter/data=!4m7!3m6!1s0x960a334bfb2ba7c3:0x278674d24eebbb09!8m2!3d-38.9509891!4d-68.060141!16s%2Fg%2F11v1b2wpgy!19sChIJw6cr-0szCpYRCbvrTtJ0hic?authuser=0&hl=en&rclk=1,2026-01-08T04:39:25.521428,76c38e51e5934be9
Shelter,Bar,"2,8",33,"Gral. Manuel Belgrano 58, Q8300 Neuquén, Argentina",-38.9509891,-68.060141,Cecilia Cambioli,1.0,,2025-01-08,Hace un año,https://www.google.com/maps/place/Shelter/data=!4m7!3m6!1s0x960a334bfb2ba7c3:0x278674d24eebbb09!8m2!3d-38.9509891!4d-68.060141!16s%2Fg%2F11v1b2wpgy!19sChIJw6cr-0szCpYRCbvrTtJ0hic?authuser=0&hl=en&rclk=1,2026-01-08T04:39:25.521428,bf0ee05bf6cd5eb4
Shelter,Bar,"2,8",33,"Gral. Manuel Belgrano 58, Q8300 Neuquén, Argentina",-38.9509891,-68.060141,Leonor Basualdo,4.0,,2025-01-08,Hace un año,https://www.google.com/maps/place/Shelter/data=!4m7!3m6!1s0x960a334bfb2ba7c3:0x278674d24eebbb09!8m2!3d-38.9509891!4d-68.060141!16s%2Fg%2F11v1b2wpgy!19sChIJw6cr-0szCpYRCbvrTtJ0hic?authuser=0&hl=en&rclk=1,2026-01-08T04:39:25.521428,f0af4ac9c2d7e9bc
Shelter,Bar,"2,8",33,"Gral. Manuel Belgrano 58, Q8300 Neuquén, Argentina",-38.9509891,-68.060141,Daniel Buono,5.0,,2025-01-08,Hace un año,https://www.google.com/maps/place/Shelter/data=!4m7!3m6!1s0x960a334bfb2ba7c3:0x278674d24eebbb09!8m2!3d-38.9509891!4d-68.060141!16s%2Fg%2F11v1b2wpgy!19sChIJw6cr-0szCpYRCbvrTtJ0hic?authuser=0&hl=en&rclk=1,2026-01-08T04:39:25.521428,6c81d211e9c51ea4
Shelter,Bar,"2,8",33,"Gral. Manuel Belgrano 58, Q8300 Neuquén, Argentina",-38.9509891,-68.060141,Deborah Gómez,4.0,"Lindo lugar, rica comida... A veces según la concurrencia de personas puede ser un poco pequeño. Pero lindo lugar y buena atención de los mozos.",2025-01-08,Hace un año,https://www.google.com/maps/place/Shelter/data=!4m7!3m6!1s0x960a334bfb2ba7c3:0x278674d24eebbb09!8m2!3d-38.9509891!4d-68.060141!16s%2Fg%2F11v1b2wpgy!19sChIJw6cr-0szCpYRCbvrTtJ0hic?authuser=0&hl=en&rclk=1,2026-01-08T04:39:25.521428,a744eeeb44e2c752
Shelter,Bar,"2,8",33,"Gral. Manuel Belgrano 58, Q8300 Neuquén, Argentina",-38.9509891,-68.060141,Ailin Castillo,4.0,,2024-01-09,Hace 2 años,https://www.google.com/maps/place/Shelter/data=!4m7!3m6!1s0x960a334bfb2ba7c3:0x278674d24eebbb09!8m2!3d-38.9509891!4d-68.060141!16s%2Fg%2F11v1b2wpgy!19sChIJw6cr-0szCpYRCbvrTtJ0hic?authuser=0&hl=en&rclk=1,2026-01-08T04:39:25.521428,30a7a16e3b833cdf
NINAROLL,Brewpub,"5,0",2,"Mendoza 247, Q8300 Neuquén, Argentina",-38.9524983,-68.0533126,Yeralinn Salazar,5.0,Muy buenas cervezas y también las empanadas 😍…,2020-01-10,Hace 6 años,https://www.google.com/maps/place/NINAROLL/data=!4m7!3m6!1s0x960a33d6abce4eab:0x3ce9f00a0a58ceb9!8m2!3d-38.9524983!4d-68.0533126!16s%2Fg%2F11dxdf8s06!19sChIJq07Oq9YzCpYRuc5YCgrw6Tw?authuser=0&hl=en&rclk=1,2026-01-08T04:39:38.866745,320c9130d8d8e785
NINAROLL,Brewpub,"5,0",2,"Mendoza 247, Q8300 Neuquén, Argentina",-38.9524983,-68.0533126,Cristian Namuncurá,5.0,,2019-01-10,Hace 7 años,https://www.google.com/maps/place/NINAROLL/data=!4m7!3m6!1s0x960a33d6abce4eab:0x3ce9f00a0a58ceb9!8m2!3d-38.9524983!4d-68.0533126!16s%2Fg%2F11dxdf8s06!19sChIJq07Oq9YzCpYRuc5YCgrw6Tw?authuser=0&hl=en&rclk=1,2026-01-08T04:39:38.866745,cc17ee3e2c00771f
Zero Grau,Restaurant,"3,7",3,"Alderete 511, Q8300 Neuquén, Argentina",-38.9509068,-68.0518846,Alfredo Rig,5.0,Exelente muy buena ubicación ambiente relajante,2024-01-09,Hace 2 años,https://www.google.com/maps/place/Zero+Grau/data=!4m7!3m6!1s0x960a33e14186e047:0xd62d553b8e615fd3!8m2!3d-38.9509068!4d-68.0518846!16s%2Fg%2F11tdlw823p!19sChIJR-CGQeEzCpYR019hjjtVLdY?authuser=0&hl=en&rclk=1,2026-01-08T04:39:52.202100,dab1e6c8fc949dfa
Zero Grau,Restaurant,"3,7",3,"Alderete 511, Q8300 Neuquén, Argentina",-38.9509068,-68.0518846,Katherine Debolio,1.0,"Pedí delivery y la milanesa de pollo tenia olor y gusto a podrido, el huevo frito hecho   con aceite quemado al igual que las papas. Horrible e incomible. Fue no solo tirar la plata sino que desp sufrir la descompostura.
No coman ahí!",2024-01-09,Hace 2 años,https://www.google.com/maps/place/Zero+Grau/data=!4m7!3m6!1s0x960a33e14186e047:0xd62d553b8e615fd3!8m2!3d-38.9509068!4d-68.0518846!16s%2Fg%2F11tdlw823p!19sChIJR-CGQeEzCpYR019hjjtVLdY?authuser=0&hl=en&rclk=1,2026-01-08T04:39:52.202100,153d51aece911642
Zero Grau,Restaurant,"3,7",3,"Alderete 511, Q8300 Neuquén, Argentina",-38.9509068,-68.0518846,Valen Remedios Liñeiro,5.0,,2023-01-09,Hace 3 años,https://www.google.com/maps/place/Zero+Grau/data=!4m7!3m6!1s0x960a33e14186e047:0xd62d553b8e615fd3!8m2!3d-38.9509068!4d-68.0518846!16s%2Fg%2F11tdlw823p!19sChIJR-CGQeEzCpYR019hjjtVLdY?authuser=0&hl=en&rclk=1,2026-01-08T04:39:52.202100,ca9086cc55ccb51d
